Código do Reservatório,Reservatório,Cota (m),Volume Útil (hm³),Volume Útil (%),Afluência (m³/s),Defluência (m³/s),Data da Medição
29002,CACHOEIRA,815.78,24.44,34.64,4.66,5.96,2000-01-01
29002,CACHOEIRA,815.77,24.37,34.54,3.69,5.96,2000-01-02
29002,CACHOEIRA,815.94,25.51,36.16,11.98,3.07,2000-01-03
29002,CACHOEIRA,816.14,26.87,38.08,15.4,2.12,2000-01-04
29002,CACHOEIRA,816.43,28.86,40.9,23.03,2.12,2000-01-05
29002,CACHOEIRA,816.72,30.87,43.76,24.82,2.19,2000-01-06
29002,CACHOEIRA,816.89,32.07,45.45,14.95,2.22,2000-01-07
29002,CACHOEIRA,817.08,33.41,47.36,16.44,2.25,2000-01-08
29002,CACHOEIRA,817.2,34.27,48.57,9.99,2.27,2000-01-09
29002,CACHOEIRA,817.16,33.98,48.17,9.76,2.27,2000-01-10
29002,CACHOEIRA,817.12,33.7,47.76,4.97,2.27,2000-01-11
29002,CACHOEIRA,817.14,33.84,47.97,2.61,2.26,2000-01-12
29002,CACHOEIRA,817.18,34.13,48.37,3.97,2.26,2000-01-13
29002,CACHOEIRA,817.22,34.41,48.78,3.58,2.27,2000-01-14
29002,CACHOEIRA,817.26,34.7,49.18,3.6,2.28,2000-01-15
29002,CACHOEIRA,817.3,34.99,49.59,3.71,2.28,2000-01-16
29002,CACHOEIRA,817.31,35.06,49.69,1.32,2.29,2000-01-17
29002,CACHOEIRA,817.33,35.2,49.9,2.36,2.29,2000-01-18
29002,CACHOEIRA,817.34,35.28,50.0,2.32,2.29,2000-01-19
29002,CACHOEIRA,817.36,35.42,50.2,1.66,2.29,2000-01-20
29002,CACHOEIRA,817.38,35.56,50.41,2.36,2.29,2000-01-21
29002,CACHOEIRA,817.38,35.56,50.41,1.2,2.3,2000-01-22
29002,CACHOEIRA,817.38,35.56,50.41,1.7,2.3,2000-01-23
29002,CACHOEIRA,817.37,35.49,50.31,1.36,2.3,2000-01-24
29002,CACHOEIRA,817.35,35.35,50.1,1.22,2.29,2000-01-25
29002,CACHOEIRA,817.33,35.2,49.9,1.03,2.29,2000-01-26
29002,CACHOEIRA,817.39,35.64,50.51,7.7,2.29,2000-01-27
29002,CACHOEIRA,817.43,35.93,50.92,6.05,2.3,2000-01-28
29002,CACHOEIRA,817.43,35.93,50.92,2.8,2.3,2000-01-29
29002,CACHOEIRA,817.42,35.85,50.82,2.26,2.3,2000-01-30
29002,CACHOEIRA,817.4,35.71,50.61,1.53,2.3,2000-01-31
29002,CACHOEIRA,817.4,35.71,50.61,3.3,2.3,2000-02-01
29002,CACHOEIRA,817.4,35.71,50.61,3.3,2.3,2000-02-01
29002,CACHOEIRA,817.55,36.8,52.15,11.2,2.31,2000-02-02
29002,CACHOEIRA,817.57,36.94,52.36,5.81,2.32,2000-02-03
29002,CACHOEIRA,817.57,36.94,52.36,1.82,2.32,2000-02-04
29002,CACHOEIRA,817.58,37.02,52.46,3.56,2.32,2000-02-05
29002,CACHOEIRA,817.58,37.02,52.46,2.62,2.32,2000-02-06
29002,CACHOEIRA,817.57,36.94,52.36,1.98,2.32,2000-02-07
29002,CACHOEIRA,817.54,36.72,52.05,2.49,2.32,2000-02-08
29002,CACHOEIRA,817.52,36.58,51.85,1.43,2.31,2000-02-09
29002,CACHOEIRA,817.56,36.87,52.26,6.58,2.31,2000-02-10
29002,CACHOEIRA,817.67,37.67,53.4,14.81,2.32,2000-02-11
29002,CACHOEIRA,817.66,37.6,53.29,13.88,2.33,2000-02-12
29002,CACHOEIRA,817.69,37.82,53.6,16.97,2.33,2000-02-13
29002,CACHOEIRA,817.76,38.33,54.33,16.28,2.34,2000-02-14
29002,CACHOEIRA,817.81,38.7,54.85,10.8,2.35,2000-02-15
29002,CACHOEIRA,817.86,39.07,55.37,9.91,2.35,2000-02-16
29002,CACHOEIRA,817.93,39.59,56.11,14.55,2.36,2000-02-17
29002,CACHOEIRA,817.98,39.96,56.63,16.86,2.37,2000-02-18
29002,CACHOEIRA,818.0,40.1,56.84,14.59,2.37,2000-02-19
29002,CACHOEIRA,817.97,39.88,56.53,9.79,2.37,2000-02-20
29002,CACHOEIRA,817.95,39.73,56.32,7.96,2.37,2000-02-21
29002,CACHOEIRA,817.94,39.66,56.21,7.0,2.36,2000-02-22
29002,CACHOEIRA,817.91,39.44,55.9,4.89,2.36,2000-02-23
29002,CACHOEIRA,817.89,39.29,55.69,5.65,2.36,2000-02-24
29002,CACHOEIRA,817.9,39.36,55.79,8.02,2.36,2000-02-25
29002,CACHOEIRA,817.91,39.44,55.9,7.73,2.18,2000-02-26
29002,CACHOEIRA,817.91,39.44,55.9,6.67,2.17,2000-02-27
29002,CACHOEIRA,817.9,39.36,55.79,5.72,2.17,2000-02-28
29002,CACHOEIRA,817.9,39.36,55.79,6.37,2.17,2000-02-29
29002,CACHOEIRA,817.93,39.59,56.11,8.84,2.17,2000-03-01
29002,CACHOEIRA,817.93,39.59,56.11,8.84,2.17,2000-03-01
29002,CACHOEIRA,817.96,39.81,56.42,8.84,2.17,2000-03-02
29002,CACHOEIRA,817.98,39.96,56.63,9.58,2.17,2000-03-03
29002,CACHOEIRA,817.99,40.03,56.74,8.83,2.17,2000-03-04
29002,CACHOEIRA,817.99,40.03,56.74,7.87,2.17,2000-03-05
29002,CACHOEIRA,818.02,40.25,57.05,9.86,2.18,2000-03-06
29002,CACHOEIRA,818.0,40.1,56.84,6.56,2.18,2000-03-07
29002,CACHOEIRA,818.04,40.4,57.26,11.82,2.18,2000-03-08
29002,CACHOEIRA,818.1,40.85,57.9,13.65,2.18,2000-03-09
29002,CACHOEIRA,818.12,41.0,58.11,10.22,2.19,2000-03-10
29002,CACHOEIRA,818.15,41.22,58.43,10.93,2.03,2000-03-11
29002,CACHOEIRA,818.23,41.82,59.28,12.03,2.0,2000-03-12
29002,CACHOEIRA,818.26,42.05,59.6,7.42,2.01,2000-03-13
29002,CACHOEIRA,818.29,42.27,59.92,7.12,2.01,2000-03-14
29002,CACHOEIRA,818.28,42.2,59.81,4.94,2.01,2000-03-15
29002,CACHOEIRA,818.28,42.2,59.81,7.21,2.01,2000-03-16
29002,CACHOEIRA,818.28,42.2,59.81,7.21,2.01,2000-03-17
29002,CACHOEIRA,818.29,42.27,59.92,8.08,2.01,2000-03-18
29002,CACHOEIRA,818.32,42.5,60.24,9.93,2.01,2000-03-19
29002,CACHOEIRA,818.33,42.57,60.34,8.18,2.01,2000-03-20
29002,CACHOEIRA,818.34,42.65,60.45,8.18,2.01,2000-03-21
29002,CACHOEIRA,818.35,42.72,60.56,8.19,2.02,2000-03-22
29002,CACHOEIRA,818.34,42.65,60.45,8.95,2.02,2000-03-23
29002,CACHOEIRA,818.35,42.72,60.56,10.79,2.02,2000-03-24
29002,CACHOEIRA,818.32,42.5,60.24,7.3,2.01,2000-03-25
29002,CACHOEIRA,818.28,42.2,59.81,6.43,2.01,2000-03-26
29002,CACHOEIRA,818.25,41.97,59.49,7.2,2.01,2000-03-27
29002,CACHOEIRA,818.24,41.9,59.38,8.94,2.01,2000-03-28
29002,CACHOEIRA,818.31,42.42,60.13,20.9,2.01,2000-03-29
29002,CACHOEIRA,818.39,43.03,60.98,11.5,2.02,2000-03-30
29002,CACHOEIRA,818.39,43.03,60.98,13.02,2.02,2000-03-31
29002,CACHOEIRA,818.36,42.8,60.66,13.1,2.02,2000-04-01
29002,CACHOEIRA,818.36,42.8,60.66,13.1,2.02,2000-04-01
29002,CACHOEIRA,818.33,42.57,60.34,12.5,2.02,2000-04-02
29002,CACHOEIRA,818.33,42.57,60.34,12.71,2.01,2000-04-03
29002,CACHOEIRA,818.31,42.42,60.13,9.46,2.01,2000-04-04
29002,CACHOEIRA,818.27,42.12,59.7,7.63,2.01,2000-04-05
29002,CACHOEIRA,818.22,41.75,59.17,6.76,2.01,2000-04-06
29002,CACHOEIRA,818.17,41.37,58.64,6.77,2.0,2000-04-07
29002,CACHOEIRA,818.13,41.07,58.22,5.54,2.0,2000-04-08
29002,CACHOEIRA,818.13,41.07,58.22,7.69,1.99,2000-04-09
29002,CACHOEIRA,818.1,40.85,57.9,5.2,1.99,2000-04-10
29002,CACHOEIRA,818.07,40.63,57.58,5.1,1.99,2000-04-11
29002,CACHOEIRA,818.04,40.4,57.26,5.1,1.99,2000-04-12
29002,CACHOEIRA,818.02,40.25,57.05,4.26,1.98,2000-04-13
29002,CACHOEIRA,818.04,40.4,57.26,4.38,2.16,2000-04-14
29002,CACHOEIRA,818.04,40.4,57.26,2.88,2.18,2000-04-15
29002,CACHOEIRA,818.03,40.33,57.16,2.02,2.18,2000-04-16
29002,CACHOEIRA,818.03,40.33,57.16,1.08,2.18,2000-04-17
29002,CACHOEIRA,818.01,40.18,56.95,4.66,2.18,2000-04-18
29002,CACHOEIRA,818.0,40.1,56.84,5.92,2.18,2000-04-19
29002,CACHOEIRA,817.99,40.03,56.74,6.42,2.18,2000-04-20
29002,CACHOEIRA,817.97,39.88,56.53,5.75,2.17,2000-04-21
29002,CACHOEIRA,817.95,39.73,56.32,5.86,2.17,2000-04-22
29002,CACHOEIRA,817.92,39.51,56.0,2.1,2.17,2000-04-23
29002,CACHOEIRA,817.89,39.29,55.69,4.31,2.17,2000-04-24
29002,CACHOEIRA,817.87,39.14,55.48,4.25,2.16,2000-04-25
29002,CACHOEIRA,817.84,38.92,55.17,5.1,2.16,2000-04-26
29002,CACHOEIRA,817.81,38.7,54.85,4.3,2.16,2000-04-27
29002,CACHOEIRA,817.76,38.33,54.33,3.9,2.15,2000-04-28
29002,CACHOEIRA,817.71,37.97,53.81,4.2,2.15,2000-04-29
29002,CACHOEIRA,817.66,37.6,53.29,4.5,2.14,2000-04-30
29002,CACHOEIRA,817.65,37.53,53.19,4.1,2.14,2000-05-01
29002,CACHOEIRA,817.65,37.53,53.19,4.1,2.14,2000-05-01
29002,CACHOEIRA,817.64,37.45,53.08,2.29,2.14,2000-05-02
29002,CACHOEIRA,817.67,37.67,53.4,4.08,2.14,2000-05-03
29002,CACHOEIRA,817.67,37.67,53.4,2.44,2.14,2000-05-04
29002,CACHOEIRA,817.68,37.75,53.5,6.16,4.41,2000-05-05
29002,CACHOEIRA,817.67,37.67,53.4,3.82,5.17,2000-05-06
29002,CACHOEIRA,817.67,37.67,53.4,1.27,5.17,2000-05-07
29002,CACHOEIRA,817.69,37.82,53.6,5.37,5.17,2000-05-08
29002,CACHOEIRA,817.69,37.82,53.6,4.27,5.17,2000-05-09
29002,CACHOEIRA,817.68,37.75,53.5,4.22,5.17,2000-05-10
29002,CACHOEIRA,817.65,37.53,53.19,3.12,5.16,2000-05-11
29002,CACHOEIRA,817.62,37.31,52.88,3.82,5.16,2000-05-12
29002,CACHOEIRA,817.6,37.16,52.67,1.65,3.64,2000-05-13
29002,CACHOEIRA,817.59,37.09,52.57,3.49,2.13,2000-05-14
29002,CACHOEIRA,817.57,36.94,52.36,2.9,1.89,2000-05-15
29002,CACHOEIRA,817.56,36.87,52.26,4.15,1.89,2000-05-16
29002,CACHOEIRA,817.54,36.72,52.05,3.46,1.65,2000-05-17
29002,CACHOEIRA,817.53,36.65,51.95,2.99,2.13,2000-05-18
29002,CACHOEIRA,817.52,36.58,51.85,2.88,2.12,2000-05-19
29002,CACHOEIRA,817.51,36.51,51.74,3.38,2.12,2000-05-20
29002,CACHOEIRA,817.49,36.36,51.54,2.94,2.12,2000-05-21
29002,CACHOEIRA,817.46,36.14,51.23,2.5,2.12,2000-05-22
29002,CACHOEIRA,817.48,36.29,51.43,2.69,2.12,2000-05-23
29002,CACHOEIRA,817.5,36.43,51.64,2.7,2.12,2000-05-24
29002,CACHOEIRA,817.52,36.58,51.85,3.4,2.12,2000-05-25
29002,CACHOEIRA,817.52,36.58,51.85,2.42,2.12,2000-05-26
29002,CACHOEIRA,817.53,36.65,51.95,2.06,2.12,2000-05-27
29002,CACHOEIRA,817.53,36.65,51.95,2.02,2.12,2000-05-28
29002,CACHOEIRA,817.54,36.72,52.05,2.47,2.13,2000-05-29
29002,CACHOEIRA,817.54,36.72,52.05,1.53,2.13,2000-05-30
29002,CACHOEIRA,817.54,36.72,52.05,1.13,2.13,2000-05-31
29002,CACHOEIRA,817.54,36.72,52.05,1.83,2.13,2000-06-01
29002,CACHOEIRA,817.54,36.72,52.05,1.83,2.13,2000-06-01
29002,CACHOEIRA,817.54,36.72,52.05,2.43,2.13,2000-06-02
29002,CACHOEIRA,817.54,36.72,52.05,1.83,2.13,2000-06-03
29002,CACHOEIRA,817.53,36.65,51.95,1.09,2.13,2000-06-04
29002,CACHOEIRA,817.52,36.58,51.85,1.19,2.13,2000-06-05
29002,CACHOEIRA,817.51,36.51,51.74,1.08,2.12,2000-06-06
29002,CACHOEIRA,817.47,36.22,51.33,1.16,2.12,2000-06-07
29002,CACHOEIRA,817.44,36.0,51.02,1.4,2.11,2000-06-08
29002,CACHOEIRA,817.42,35.85,50.82,1.33,2.11,2000-06-09
29002,CACHOEIRA,817.41,35.78,50.72,1.37,2.11,2000-06-10
29002,CACHOEIRA,817.39,35.64,50.51,1.54,2.11,2000-06-11
29002,CACHOEIRA,817.37,35.49,50.31,1.34,2.11,2000-06-12
29002,CACHOEIRA,817.34,35.28,50.0,1.3,2.1,2000-06-13
29002,CACHOEIRA,817.31,35.06,49.69,1.3,2.1,2000-06-14
29002,CACHOEIRA,817.25,34.63,49.08,1.41,2.1,2000-06-15
29002,CACHOEIRA,817.16,33.98,48.17,1.23,2.09,2000-06-16
29002,CACHOEIRA,817.03,33.06,46.86,1.26,2.08,2000-06-17
29002,CACHOEIRA,816.94,32.42,45.95,1.17,2.06,2000-06-18
29002,CACHOEIRA,816.84,31.71,44.95,1.28,2.05,2000-06-19
29002,CACHOEIRA,816.73,30.94,43.86,1.3,2.04,2000-06-20
29002,CACHOEIRA,816.63,30.24,42.87,1.84,2.03,2000-06-21
29002,CACHOEIRA,816.53,29.55,41.88,1.86,2.01,2000-06-22
29002,CACHOEIRA,816.45,28.99,41.09,1.39,2.0,2000-06-23
29002,CACHOEIRA,816.42,28.79,40.8,1.8,2.0,2000-06-24
29002,CACHOEIRA,816.39,28.58,40.51,1.8,1.99,2000-06-25
29002,CACHOEIRA,816.35,28.3,40.12,1.3,1.99,2000-06-26
29002,CACHOEIRA,816.23,27.48,38.95,1.16,1.98,2000-06-27
29002,CACHOEIRA,816.09,26.53,37.6,1.42,1.96,2000-06-28
29002,CACHOEIRA,815.93,25.44,36.06,1.12,1.95,2000-06-29
29002,CACHOEIRA,815.76,24.3,34.45,1.13,1.93,2000-06-30
29002,CACHOEIRA,815.62,23.37,33.13,1.22,1.91,2000-07-01
29002,CACHOEIRA,815.62,23.37,33.13,1.22,1.91,2000-07-01
29002,CACHOEIRA,815.47,22.38,31.72,0.13,1.01,2000-07-02
29002,CACHOEIRA,815.3,21.26,30.14,1.17,1.87,2000-07-03
29002,CACHOEIRA,815.26,21.0,29.77,1.13,1.85,2000-07-04
29002,CACHOEIRA,815.38,21.79,30.88,1.14,1.86,2000-07-05
29002,CACHOEIRA,815.54,22.84,32.38,1.16,1.87,2000-07-06
29002,CACHOEIRA,815.52,22.71,32.19,1.06,1.89,2000-07-07
29002,CACHOEIRA,815.45,22.25,31.53,1.24,1.88,2000-07-08
29002,CACHOEIRA,815.39,21.85,30.98,1.1,1.86,2000-07-09
29002,CACHOEIRA,815.3,21.26,30.14,1.04,1.86,2000-07-10
29002,CACHOEIRA,815.23,20.81,29.49,1.0,2.18,2000-07-11
29002,CACHOEIRA,815.24,20.87,29.59,2.53,2.18,2000-07-12
29002,CACHOEIRA,815.27,21.07,29.86,1.74,2.18,2000-07-13
29002,CACHOEIRA,815.33,21.46,30.42,1.62,2.19,2000-07-14
29002,CACHOEIRA,815.38,21.79,30.88,1.89,2.2,2000-07-15
29002,CACHOEIRA,815.5,22.58,32.0,8.64,2.21,2000-07-16
29002,CACHOEIRA,815.61,23.31,33.03,8.35,2.23,2000-07-17
29002,CACHOEIRA,815.7,23.9,33.88,7.37,2.24,2000-07-18
29002,CACHOEIRA,815.73,24.1,34.16,2.66,2.25,2000-07-19
29002,CACHOEIRA,815.82,24.71,35.02,4.83,2.26,2000-07-20
29002,CACHOEIRA,815.92,25.38,35.97,3.94,2.27,2000-07-21
29002,CACHOEIRA,816.02,26.05,36.93,4.51,2.29,2000-07-22
29002,CACHOEIRA,816.08,26.46,37.5,5.51,2.3,2000-07-23
29002,CACHOEIRA,816.18,27.14,38.47,6.18,2.31,2000-07-24
29002,CACHOEIRA,816.4,28.65,40.61,7.2,2.33,2000-07-25
29002,CACHOEIRA,816.47,29.13,41.29,3.64,2.35,2000-07-26
29002,CACHOEIRA,816.5,29.34,41.59,2.37,2.36,2000-07-27
29002,CACHOEIRA,816.52,29.48,41.78,1.87,2.36,2000-07-28
29002,CACHOEIRA,816.54,29.62,41.98,2.07,2.37,2000-07-29
29002,CACHOEIRA,816.56,29.76,42.18,2.38,2.37,2000-07-30
29002,CACHOEIRA,816.58,29.9,42.37,2.79,2.38,2000-07-31
29002,CACHOEIRA,816.56,29.76,42.18,1.16,2.37,2000-08-01
29002,CACHOEIRA,816.56,29.76,42.18,1.16,2.37,2000-08-01
29002,CACHOEIRA,816.62,30.17,42.77,3.5,2.37,2000-08-02
29002,CACHOEIRA,816.66,30.45,43.16,2.71,2.38,2000-08-03
29002,CACHOEIRA,816.68,30.59,43.36,1.31,2.39,2000-08-04
29002,CACHOEIRA,816.73,30.94,43.86,3.24,2.39,2000-08-05
29002,CACHOEIRA,816.76,31.15,44.15,1.64,2.4,2000-08-06
29002,CACHOEIRA,816.8,31.43,44.55,3.45,2.4,2000-08-07
29002,CACHOEIRA,816.85,31.78,45.05,4.18,2.41,2000-08-08
29002,CACHOEIRA,816.88,32.0,45.35,3.76,2.41,2000-08-09
29002,CACHOEIRA,816.91,32.21,45.65,4.27,2.42,2000-08-10
29002,CACHOEIRA,816.92,32.28,45.75,2.54,2.42,2000-08-11
29002,CACHOEIRA,816.96,32.56,46.15,2.7,2.42,2000-08-12
29002,CACHOEIRA,816.98,32.7,46.35,2.77,2.43,2000-08-13
29002,CACHOEIRA,817.01,32.92,46.65,1.99,2.43,2000-08-14
29002,CACHOEIRA,817.07,33.34,47.26,4.48,2.44,2000-08-15
29002,CACHOEIRA,817.12,33.7,47.76,4.17,2.45,2000-08-16
29002,CACHOEIRA,817.17,34.06,48.27,4.78,2.45,2000-08-17
29002,CACHOEIRA,817.2,34.27,48.57,3.74,2.45,2000-08-18
29002,CACHOEIRA,817.21,34.34,48.68,3.99,2.46,2000-08-19
29002,CACHOEIRA,817.23,34.49,48.88,4.02,2.46,2000-08-20
29002,CACHOEIRA,817.24,34.56,48.98,3.79,2.46,2000-08-21
29002,CACHOEIRA,817.23,34.49,48.88,2.53,2.46,2000-08-22
29002,CACHOEIRA,817.14,33.84,47.97,2.01,2.46,2000-08-23
29002,CACHOEIRA,817.15,33.91,48.07,3.78,2.45,2000-08-24
29002,CACHOEIRA,817.16,33.98,48.17,4.07,2.45,2000-08-25
29002,CACHOEIRA,817.14,33.84,47.97,1.9,2.45,2000-08-26
29002,CACHOEIRA,817.14,33.84,47.97,3.05,2.45,2000-08-27
29002,CACHOEIRA,817.17,34.06,48.27,4.53,2.45,2000-08-28
29002,CACHOEIRA,817.26,34.7,49.18,9.93,2.46,2000-08-29
29002,CACHOEIRA,817.29,34.92,49.49,5.16,2.47,2000-08-30
29002,CACHOEIRA,817.28,34.84,49.39,2.54,2.47,2000-08-31
29002,CACHOEIRA,817.28,34.84,49.39,3.97,2.47,2000-09-01
29002,CACHOEIRA,817.28,34.84,49.39,3.97,2.47,2000-09-01
29002,CACHOEIRA,817.38,35.56,50.41,13.21,2.48,2000-09-02
29002,CACHOEIRA,817.42,35.85,50.82,5.83,2.49,2000-09-03
29002,CACHOEIRA,817.49,36.36,51.54,7.26,2.49,2000-09-04
29002,CACHOEIRA,817.49,36.36,51.54,1.59,2.49,2000-09-05
29002,CACHOEIRA,817.49,36.36,51.54,1.59,2.49,2000-09-06
29002,CACHOEIRA,817.46,36.14,51.23,0.58,2.5,2000-09-07
29002,CACHOEIRA,817.47,36.22,51.33,1.83,2.5,2000-09-08
29002,CACHOEIRA,817.48,36.29,51.43,1.54,2.5,2000-09-09
29002,CACHOEIRA,817.49,36.36,51.54,2.14,2.5,2000-09-10
29002,CACHOEIRA,817.5,36.43,51.64,2.04,2.5,2000-09-11
29002,CACHOEIRA,817.52,36.58,51.85,2.6,2.22,2000-09-12
29002,CACHOEIRA,817.57,36.94,52.36,5.09,1.88,2000-09-13
29002,CACHOEIRA,817.69,37.82,53.6,12.63,2.09,2000-09-14
29002,CACHOEIRA,817.82,38.77,54.96,12.0,2.15,2000-09-15
29002,CACHOEIRA,817.86,39.07,55.37,9.37,2.16,2000-09-16
29002,CACHOEIRA,817.89,39.29,55.69,4.93,2.16,2000-09-17
29002,CACHOEIRA,817.93,39.59,56.11,3.99,2.17,2000-09-18
29002,CACHOEIRA,817.96,39.81,56.42,5.74,2.17,2000-09-19
29002,CACHOEIRA,817.95,39.73,56.32,5.01,2.17,2000-09-20
29002,CACHOEIRA,817.94,39.66,56.21,2.01,2.17,2000-09-21
29002,CACHOEIRA,817.93,39.59,56.11,2.41,2.17,2000-09-22
29002,CACHOEIRA,817.91,39.44,55.9,2.16,2.17,2000-09-23
29002,CACHOEIRA,817.89,39.29,55.69,1.26,2.17,2000-09-24
29002,CACHOEIRA,817.9,39.36,55.79,1.73,2.17,2000-09-25
29002,CACHOEIRA,817.91,39.44,55.9,2.32,2.17,2000-09-26
29002,CACHOEIRA,817.88,39.22,55.58,1.41,2.17,2000-09-27
29002,CACHOEIRA,817.84,38.92,55.17,1.45,2.16,2000-09-28
29002,CACHOEIRA,817.79,38.55,54.64,1.09,2.16,2000-09-29
29002,CACHOEIRA,817.74,38.19,54.12,1.21,2.16,2000-09-30
29002,CACHOEIRA,817.7,37.89,53.71,3.36,2.15,2000-10-01
29002,CACHOEIRA,817.7,37.89,53.71,3.36,2.15,2000-10-01
29002,CACHOEIRA,817.65,37.53,53.19,3.01,2.14,2000-10-02
29002,CACHOEIRA,817.59,37.09,52.57,2.46,2.13,2000-10-03
29002,CACHOEIRA,817.52,36.58,51.85,2.13,2.13,2000-10-04
29002,CACHOEIRA,817.46,36.14,51.23,3.28,2.12,2000-10-05
29002,CACHOEIRA,817.4,35.71,50.61,3.48,2.11,2000-10-06
29002,CACHOEIRA,817.36,35.42,50.2,5.37,2.11,2000-10-07
29002,CACHOEIRA,817.28,34.84,49.39,2.33,2.1,2000-10-08
29002,CACHOEIRA,817.2,34.27,48.57,2.76,2.1,2000-10-09
29002,CACHOEIRA,817.2,34.27,48.57,1.59,2.09,2000-10-10
29002,CACHOEIRA,817.25,34.63,49.08,4.44,2.09,2000-10-11
29002,CACHOEIRA,817.28,34.84,49.39,3.28,2.09,2000-10-12
29002,CACHOEIRA,817.29,34.92,49.49,2.33,2.1,2000-10-13
29002,CACHOEIRA,817.29,34.92,49.49,4.0,2.1,2000-10-14
29002,CACHOEIRA,817.25,34.63,49.08,1.16,2.09,2000-10-15
29002,CACHOEIRA,817.22,34.41,48.78,2.6,2.09,2000-10-16
29002,CACHOEIRA,817.19,34.2,48.47,2.6,2.09,2000-10-17
29002,CACHOEIRA,817.16,33.98,48.17,2.6,2.08,2000-10-18
29002,CACHOEIRA,817.13,33.77,47.86,1.1,2.08,2000-10-19
29002,CACHOEIRA,817.07,33.34,47.26,1.43,2.08,2000-10-20
29002,CACHOEIRA,817.02,32.99,46.75,4.26,2.07,2000-10-21
29002,CACHOEIRA,816.97,32.63,46.25,4.66,2.06,2000-10-22
29002,CACHOEIRA,816.93,32.35,45.85,1.38,2.06,2000-10-23
29002,CACHOEIRA,816.88,32.0,45.35,1.36,2.05,2000-10-24
29002,CACHOEIRA,816.82,31.57,44.75,1.16,2.05,2000-10-25
29002,CACHOEIRA,816.78,31.29,44.35,2.49,2.04,2000-10-26
29002,CACHOEIRA,816.72,30.87,43.76,1.36,2.03,2000-10-27
29002,CACHOEIRA,816.65,30.38,43.06,0.97,2.03,2000-10-28
29002,CACHOEIRA,816.58,29.89,42.37,1.48,2.02,2000-10-29
29002,CACHOEIRA,816.51,29.41,41.68,0.99,2.01,2000-10-30
29002,CACHOEIRA,816.41,28.72,40.7,1.01,2.01,2000-10-31
29002,CACHOEIRA,816.32,28.1,39.83,1.12,1.99,2000-11-01
29002,CACHOEIRA,816.32,28.1,39.83,1.12,1.99,2000-11-01
29002,CACHOEIRA,816.27,27.76,39.34,1.01,1.98,2000-11-02
29002,CACHOEIRA,816.22,27.41,38.85,1.02,1.98,2000-11-03
29002,CACHOEIRA,816.19,27.21,38.56,1.5,1.97,2000-11-04
29002,CACHOEIRA,816.15,26.94,38.18,1.52,1.97,2000-11-05
29002,CACHOEIRA,816.12,26.73,37.89,2.89,1.96,2000-11-06
29002,CACHOEIRA,816.1,26.6,37.7,1.98,1.96,2000-11-07
29002,CACHOEIRA,816.07,26.39,37.41,1.2,1.96,2000-11-08
29002,CACHOEIRA,816.04,26.19,37.12,1.35,2.11,2000-11-09
29002,CACHOEIRA,816.0,25.92,36.73,1.19,2.12,2000-11-10
29002,CACHOEIRA,816.01,25.98,36.83,3.0,2.12,2000-11-11
29002,CACHOEIRA,816.03,26.12,37.02,3.89,2.12,2000-11-12
29002,CACHOEIRA,816.04,26.19,37.12,3.9,2.12,2000-11-13
29002,CACHOEIRA,816.02,26.05,36.93,2.06,2.12,2000-11-14
29002,CACHOEIRA,816.03,26.12,37.02,4.4,2.12,2000-11-15
29002,CACHOEIRA,816.02,26.05,36.93,3.44,2.12,2000-11-16
29002,CACHOEIRA,815.98,25.78,36.54,1.69,2.12,2000-11-17
29002,CACHOEIRA,816.0,25.92,36.73,4.49,2.12,2000-11-18
29002,CACHOEIRA,816.33,28.17,39.92,26.95,1.41,2000-11-19
29002,CACHOEIRA,816.49,29.27,41.49,15.77,1.1,2000-11-20
29002,CACHOEIRA,816.53,29.55,41.88,3.92,1.11,2000-11-21
29002,CACHOEIRA,816.67,30.52,43.26,11.59,1.11,2000-11-22
29002,CACHOEIRA,816.8,31.43,44.55,10.36,1.12,2000-11-23
29002,CACHOEIRA,816.91,32.21,45.65,10.1,1.13,2000-11-24
29002,CACHOEIRA,816.93,32.35,45.85,8.57,1.13,2000-11-25
29002,CACHOEIRA,816.94,32.42,45.95,8.15,1.13,2000-11-26
29002,CACHOEIRA,817.04,33.13,46.96,15.44,1.14,2000-11-27
29002,CACHOEIRA,817.07,33.34,47.26,9.31,1.14,2000-11-28
29002,CACHOEIRA,817.06,33.27,47.16,5.52,1.14,2000-11-29
29002,CACHOEIRA,817.03,33.06,46.86,5.47,1.14,2000-11-30
29002,CACHOEIRA,817.02,32.99,46.75,5.72,1.14,2000-12-01
29002,CACHOEIRA,817.02,32.99,46.75,5.72,1.14,2000-12-01
29002,CACHOEIRA,817.05,33.2,47.06,5.6,1.14,2000-12-02
29002,CACHOEIRA,817.07,33.34,47.26,6.69,1.14,2000-12-03
29002,CACHOEIRA,817.05,33.2,47.06,4.69,1.14,2000-12-04
29002,CACHOEIRA,817.05,33.2,47.06,6.34,1.14,2000-12-05
29002,CACHOEIRA,817.05,33.2,47.06,6.34,1.14,2000-12-06
29002,CACHOEIRA,817.02,32.99,46.75,4.08,1.14,2000-12-07
29002,CACHOEIRA,816.98,32.7,46.35,3.55,1.14,2000-12-08
29002,CACHOEIRA,816.93,32.35,45.85,2.73,1.13,2000-12-09
29002,CACHOEIRA,816.89,32.07,45.45,3.86,1.13,2000-12-10
29002,CACHOEIRA,816.83,31.64,44.85,2.34,1.13,2000-12-11
29002,CACHOEIRA,816.82,31.57,44.75,2.31,1.13,2000-12-12
29002,CACHOEIRA,816.82,31.57,44.75,3.53,1.13,2000-12-13
29002,CACHOEIRA,816.82,31.57,44.75,3.93,1.13,2000-12-14
29002,CACHOEIRA,816.81,31.5,44.65,3.42,1.13,2000-12-15
29002,CACHOEIRA,816.76,31.15,44.15,2.86,1.12,2000-12-16
29002,CACHOEIRA,816.82,31.57,44.75,11.4,1.12,2000-12-17
29002,CACHOEIRA,817.15,33.91,48.07,28.42,1.14,2000-12-18
29002,CACHOEIRA,817.34,35.28,50.0,17.13,1.15,2000-12-19
29002,CACHOEIRA,817.45,36.07,51.13,9.56,1.16,2000-12-20
29002,CACHOEIRA,817.48,36.29,51.43,6.78,1.17,2000-12-21
29002,CACHOEIRA,817.48,36.29,51.43,4.07,1.17,2000-12-22
29002,CACHOEIRA,817.49,36.36,51.54,5.11,1.17,2000-12-23
29002,CACHOEIRA,817.49,36.36,51.54,4.37,1.17,2000-12-24
29002,CACHOEIRA,817.54,36.72,52.05,7.97,1.17,2000-12-25
29002,CACHOEIRA,817.82,38.77,54.96,25.9,1.18,2000-12-26
29002,CACHOEIRA,817.98,39.96,56.63,21.38,1.19,2000-12-27
29002,CACHOEIRA,818.0,40.1,56.84,16.12,1.2,2000-12-28
29002,CACHOEIRA,817.99,40.03,56.74,12.84,1.2,2000-12-29
29002,CACHOEIRA,817.82,38.77,54.96,4.34,1.19,2000-12-30
29002,CACHOEIRA,817.75,38.26,54.23,13.43,1.19,2000-12-31
29002,CACHOEIRA,817.73,38.11,54.02,17.68,1.18,2001-01-01
29002,CACHOEIRA,817.73,38.11,54.02,17.68,1.18,2001-01-01
29002,CACHOEIRA,817.62,37.31,52.88,10.26,1.18,2001-01-02
29002,CACHOEIRA,817.47,36.22,51.33,6.94,1.17,2001-01-03
29002,CACHOEIRA,817.32,35.13,49.8,6.72,1.16,2001-01-04
29002,CACHOEIRA,817.15,33.91,48.07,10.54,1.15,2001-01-05
29002,CACHOEIRA,816.93,32.35,45.85,7.54,1.14,2001-01-06
29002,CACHOEIRA,816.68,30.59,43.36,4.58,1.12,2001-01-07
29002,CACHOEIRA,816.63,30.24,42.87,7.48,1.12,2001-01-08
29002,CACHOEIRA,816.65,30.38,43.06,6.03,1.11,2001-01-09
29002,CACHOEIRA,816.6,30.03,42.57,5.87,1.11,2001-01-10
29002,CACHOEIRA,816.53,29.55,41.88,4.58,1.11,2001-01-11
29002,CACHOEIRA,816.51,29.41,41.68,4.0,1.11,2001-01-12
29002,CACHOEIRA,816.54,29.62,41.98,5.32,1.11,2001-01-13
29002,CACHOEIRA,816.54,29.62,41.98,2.71,1.11,2001-01-14
29002,CACHOEIRA,816.59,29.96,42.47,4.14,1.11,2001-01-15
29002,CACHOEIRA,816.59,29.96,42.47,6.61,1.11,2001-01-16
29002,CACHOEIRA,816.51,29.41,41.68,2.38,1.11,2001-01-17
29002,CACHOEIRA,816.46,29.06,41.19,2.59,1.1,2001-01-18
29002,CACHOEIRA,816.4,28.65,40.61,1.51,1.1,2001-01-19
29002,CACHOEIRA,816.35,28.3,40.12,2.51,1.1,2001-01-20
29002,CACHOEIRA,816.32,28.1,39.83,4.21,1.09,2001-01-21
29002,CACHOEIRA,816.28,27.82,39.44,3.62,1.09,2001-01-22
29002,CACHOEIRA,816.29,27.89,39.53,4.08,1.09,2001-01-23
29002,CACHOEIRA,816.36,28.37,40.22,9.76,1.09,2001-01-24
29002,CACHOEIRA,816.46,29.06,41.19,12.29,1.1,2001-01-25
29002,CACHOEIRA,816.52,29.48,41.78,9.21,1.1,2001-01-26
29002,CACHOEIRA,816.55,29.69,42.08,7.72,1.11,2001-01-27
29002,CACHOEIRA,816.62,30.17,42.77,11.35,1.11,2001-01-28
29002,CACHOEIRA,816.6,30.03,42.57,9.0,1.11,2001-01-29
29002,CACHOEIRA,816.59,29.96,42.47,5.61,1.11,2001-01-30
29002,CACHOEIRA,816.58,29.9,42.37,5.8,1.11,2001-01-31
29002,CACHOEIRA,816.59,29.96,42.47,4.52,1.11,2001-02-01
29002,CACHOEIRA,816.59,29.96,42.47,4.52,1.11,2001-02-01
29002,CACHOEIRA,816.68,30.59,43.36,11.17,1.11,2001-02-02
29002,CACHOEIRA,816.62,30.17,42.77,2.26,1.11,2001-02-03
29002,CACHOEIRA,816.58,29.9,42.37,4.09,1.11,2001-02-04
29002,CACHOEIRA,816.52,29.48,41.78,2.69,1.11,2001-02-05
29002,CACHOEIRA,816.54,29.62,41.98,4.41,1.11,2001-02-06
29002,CACHOEIRA,816.6,30.03,42.57,7.84,1.11,2001-02-07
29002,CACHOEIRA,816.66,30.45,43.16,9.15,1.11,2001-02-08
29002,CACHOEIRA,816.76,31.15,44.15,12.61,1.11,2001-02-09
29002,CACHOEIRA,816.79,31.36,44.45,9.15,1.12,2001-02-10
29002,CACHOEIRA,816.87,31.93,45.25,15.25,1.13,2001-02-11
29002,CACHOEIRA,816.91,32.21,45.65,11.5,1.13,2001-02-12
29002,CACHOEIRA,816.94,32.42,45.95,10.59,1.13,2001-02-13
29002,CACHOEIRA,817.08,33.41,47.36,12.34,1.14,2001-02-14
29002,CACHOEIRA,817.23,34.49,48.88,16.95,1.15,2001-02-15
29002,CACHOEIRA,817.3,34.99,49.59,10.47,1.15,2001-02-16
29002,CACHOEIRA,817.31,35.06,49.69,8.09,1.16,2001-02-17
29002,CACHOEIRA,817.26,34.7,49.18,2.4,1.16,2001-02-18
29002,CACHOEIRA,817.21,34.34,48.68,2.4,1.15,2001-02-19
29002,CACHOEIRA,817.16,33.98,48.17,1.11,1.15,2001-02-20
29002,CACHOEIRA,817.15,33.91,48.07,5.03,1.15,2001-02-21
29002,CACHOEIRA,817.14,33.84,47.97,2.02,1.15,2001-02-22
29002,CACHOEIRA,817.13,33.77,47.86,2.02,1.15,2001-02-23
29002,CACHOEIRA,817.12,33.7,47.76,1.42,1.15,2001-02-24
29002,CACHOEIRA,817.13,33.77,47.86,1.68,1.15,2001-02-25
29002,CACHOEIRA,817.16,33.98,48.17,3.13,1.15,2001-02-26
29002,CACHOEIRA,817.17,34.06,48.27,1.38,1.15,2001-02-27
29002,CACHOEIRA,817.16,33.98,48.17,1.02,1.15,2001-02-28
29002,CACHOEIRA,817.18,34.13,48.37,2.61,1.15,2001-03-01
29002,CACHOEIRA,817.18,34.13,48.37,2.61,1.15,2001-03-01
29002,CACHOEIRA,817.18,34.13,48.37,1.75,1.15,2001-03-02
29002,CACHOEIRA,817.18,34.13,48.37,2.15,1.15,2001-03-03
29002,CACHOEIRA,817.22,34.41,48.78,6.56,1.15,2001-03-04
29002,CACHOEIRA,817.23,34.49,48.88,3.48,1.15,2001-03-05
29002,CACHOEIRA,817.23,34.49,48.88,2.85,1.15,2001-03-06
29002,CACHOEIRA,817.22,34.41,48.78,2.12,1.15,2001-03-07
29002,CACHOEIRA,817.24,34.56,48.98,3.11,1.15,2001-03-08
29002,CACHOEIRA,817.28,34.84,49.39,4.98,1.15,2001-03-09
29002,CACHOEIRA,817.29,34.92,49.49,4.49,1.16,2001-03-10
29002,CACHOEIRA,817.28,34.84,49.39,2.53,1.16,2001-03-11
29002,CACHOEIRA,817.28,34.84,49.39,1.16,1.16,2001-03-12
29002,CACHOEIRA,817.35,35.35,50.1,6.62,0.99,2001-03-13
29002,CACHOEIRA,817.38,35.56,50.41,2.78,0.67,2001-03-14
29002,CACHOEIRA,817.39,35.64,50.51,1.23,0.59,2001-03-15
29002,CACHOEIRA,817.39,35.64,50.51,1.19,0.59,2001-03-16
29002,CACHOEIRA,817.38,35.56,50.41,1.25,0.59,2001-03-17
29002,CACHOEIRA,817.36,35.42,50.2,1.02,0.59,2001-03-18
29002,CACHOEIRA,817.34,35.28,50.0,1.02,0.59,2001-03-19
29002,CACHOEIRA,817.35,35.35,50.1,1.22,0.59,2001-03-20
29002,CACHOEIRA,817.38,35.56,50.41,2.4,0.59,2001-03-21
29002,CACHOEIRA,817.41,35.78,50.72,2.5,0.59,2001-03-22
29002,CACHOEIRA,817.44,36.0,51.02,2.3,0.59,2001-03-23
29002,CACHOEIRA,817.45,36.07,51.13,1.73,0.59,2001-03-24
29002,CACHOEIRA,817.46,36.14,51.23,1.73,0.59,2001-03-25
29002,CACHOEIRA,817.49,36.36,51.54,2.61,0.59,2001-03-26
29002,CACHOEIRA,817.51,36.51,51.74,1.97,0.59,2001-03-27
29002,CACHOEIRA,817.53,36.65,51.95,1.97,0.59,2001-03-28
29002,CACHOEIRA,817.64,37.45,53.08,9.27,0.59,2001-03-29
29002,CACHOEIRA,817.73,38.11,54.02,7.12,0.6,2001-03-30
29002,CACHOEIRA,817.75,38.26,54.23,1.2,0.6,2001-03-31
29002,CACHOEIRA,817.76,38.33,54.33,1.15,0.6,2001-04-01
29002,CACHOEIRA,817.76,38.33,54.33,1.15,0.6,2001-04-01
29002,CACHOEIRA,817.81,38.7,54.85,4.55,0.6,2001-04-02
29002,CACHOEIRA,818.06,40.55,57.48,21.22,0.6,2001-04-03
29002,CACHOEIRA,818.15,41.22,58.43,7.98,0.61,2001-04-04
29002,CACHOEIRA,818.15,41.22,58.43,3.51,0.61,2001-04-05
29002,CACHOEIRA,818.17,41.37,58.64,3.14,0.61,2001-04-06
29002,CACHOEIRA,818.18,41.45,58.75,5.38,0.61,2001-04-07
29002,CACHOEIRA,818.15,41.22,58.43,3.62,0.61,2001-04-08
29002,CACHOEIRA,818.12,41.0,58.11,3.51,0.61,2001-04-09
29002,CACHOEIRA,818.1,40.85,57.9,2.78,0.61,2001-04-10
29002,CACHOEIRA,818.09,40.77,57.79,3.85,0.61,2001-04-11
29002,CACHOEIRA,818.07,40.63,57.58,3.08,0.61,2001-04-12
29002,CACHOEIRA,818.04,40.4,57.26,2.52,0.61,2001-04-13
29002,CACHOEIRA,818.01,40.18,56.95,2.63,0.61,2001-04-14
29002,CACHOEIRA,817.97,39.88,56.53,1.87,0.61,2001-04-15
29002,CACHOEIRA,817.93,39.59,56.11,2.07,0.6,2001-04-16
29002,CACHOEIRA,817.91,39.44,55.9,1.09,0.6,2001-04-17
29002,CACHOEIRA,817.89,39.29,55.69,1.09,0.6,2001-04-18
29002,CACHOEIRA,817.87,39.14,55.48,1.19,0.6,2001-04-19
29002,CACHOEIRA,817.89,39.29,55.69,3.31,0.6,2001-04-20
29002,CACHOEIRA,817.89,39.29,55.69,1.7,0.6,2001-04-21
29002,CACHOEIRA,817.89,39.29,55.69,2.1,0.6,2001-04-22
29002,CACHOEIRA,817.89,39.29,55.69,2.0,0.6,2001-04-23
29002,CACHOEIRA,817.86,39.07,55.37,4.93,0.6,2001-04-24
29002,CACHOEIRA,817.84,38.92,55.17,3.2,0.6,2001-04-25
29002,CACHOEIRA,817.84,38.92,55.17,5.7,0.6,2001-04-26
29002,CACHOEIRA,817.88,39.22,55.58,4.61,0.6,2001-04-27
29002,CACHOEIRA,817.85,38.99,55.27,0.93,0.6,2001-04-28
29002,CACHOEIRA,817.84,38.92,55.17,1.75,0.6,2001-04-29
29002,CACHOEIRA,817.83,38.85,55.06,1.35,0.6,2001-04-30
29002,CACHOEIRA,817.8,38.63,54.75,1.14,0.6,2001-05-01
29002,CACHOEIRA,817.8,38.63,54.75,1.14,0.6,2001-05-01
29002,CACHOEIRA,817.78,38.48,54.54,1.0,0.6,2001-05-02
29002,CACHOEIRA,817.78,38.48,54.54,1.1,0.6,2001-05-03
29002,CACHOEIRA,817.8,38.63,54.75,1.6,0.6,2001-05-04
29002,CACHOEIRA,817.8,38.63,54.75,1.3,0.6,2001-05-05
29002,CACHOEIRA,817.8,38.63,54.75,1.0,0.6,2001-05-06
29002,CACHOEIRA,817.79,38.55,54.64,1.05,0.6,2001-05-07
29002,CACHOEIRA,817.78,38.48,54.54,1.45,0.6,2001-05-08
29002,CACHOEIRA,817.8,38.63,54.75,1.1,0.6,2001-05-09
29002,CACHOEIRA,817.84,38.92,55.17,2.31,0.6,2001-05-10
29002,CACHOEIRA,817.87,39.14,55.48,2.06,0.6,2001-05-11
29002,CACHOEIRA,817.83,38.85,55.06,2.29,0.6,2001-05-12
29002,CACHOEIRA,817.9,39.36,55.79,4.68,0.6,2001-05-13
29002,CACHOEIRA,817.98,39.96,56.63,6.95,0.6,2001-05-14
29002,CACHOEIRA,818.01,40.18,56.95,3.09,0.61,2001-05-15
29002,CACHOEIRA,818.02,40.25,57.05,1.07,0.61,2001-05-16
29002,CACHOEIRA,818.06,40.55,57.48,2.65,0.61,2001-05-17
29002,CACHOEIRA,818.09,40.77,57.79,2.1,0.61,2001-05-18
29002,CACHOEIRA,818.08,40.7,57.69,1.35,0.61,2001-05-19
29002,CACHOEIRA,818.08,40.7,57.69,1.01,0.61,2001-05-20
29002,CACHOEIRA,818.06,40.55,57.48,0.98,0.61,2001-05-21
29002,CACHOEIRA,818.08,40.7,57.69,1.14,0.61,2001-05-22
29002,CACHOEIRA,818.11,40.92,58.0,1.1,0.61,2001-05-23
29002,CACHOEIRA,818.13,41.07,58.22,1.04,0.61,2001-05-24
29002,CACHOEIRA,818.14,41.15,58.32,2.5,0.83,2001-05-25
29002,CACHOEIRA,818.13,41.07,58.22,2.54,1.01,2001-05-26
29002,CACHOEIRA,818.11,40.92,58.0,2.18,1.01,2001-05-27
29002,CACHOEIRA,818.1,40.85,57.9,3.35,1.01,2001-05-28
29002,CACHOEIRA,818.08,40.7,57.69,2.79,1.01,2001-05-29
29002,CACHOEIRA,818.08,40.7,57.69,4.48,0.68,2001-05-30
29002,CACHOEIRA,818.07,40.63,57.58,3.75,0.61,2001-05-31
29002,CACHOEIRA,818.04,40.4,57.26,2.22,0.61,2001-06-01
29002,CACHOEIRA,818.04,40.4,57.26,2.22,0.61,2001-06-01
29002,CACHOEIRA,818.03,40.33,57.16,2.35,0.61,2001-06-02
29002,CACHOEIRA,818.03,40.33,57.16,1.91,0.61,2001-06-03
29002,CACHOEIRA,818.03,40.33,57.16,2.51,0.61,2001-06-04
29002,CACHOEIRA,818.03,40.33,57.16,3.11,0.61,2001-06-05
29002,CACHOEIRA,818.02,40.25,57.05,2.85,0.61,2001-06-06
29002,CACHOEIRA,818.0,40.1,56.84,2.59,0.61,2001-06-07
29002,CACHOEIRA,817.99,40.03,56.74,3.95,0.61,2001-06-08
29002,CACHOEIRA,817.97,39.88,56.53,3.38,0.6,2001-06-09
29002,CACHOEIRA,817.93,39.59,56.11,2.17,0.6,2001-06-10
29002,CACHOEIRA,817.89,39.29,55.69,2.47,0.59,2001-06-11
29002,CACHOEIRA,817.89,39.29,55.69,2.6,0.6,2001-06-12
29002,CACHOEIRA,817.88,39.22,55.58,1.24,0.6,2001-06-13
29002,CACHOEIRA,817.88,39.22,55.58,2.7,0.6,2001-06-14
29002,CACHOEIRA,817.86,39.07,55.37,1.69,0.6,2001-06-15
29002,CACHOEIRA,817.84,38.92,55.17,1.3,0.6,2001-06-16
29002,CACHOEIRA,817.84,38.92,55.17,1.0,0.6,2001-06-17
29002,CACHOEIRA,817.86,39.07,55.37,0.9,0.6,2001-06-18
29002,CACHOEIRA,817.89,39.29,55.69,1.07,0.6,2001-06-19
29002,CACHOEIRA,817.92,39.51,56.0,0.96,0.6,2001-06-20
29002,CACHOEIRA,817.93,39.59,56.11,1.06,0.6,2001-06-21
29002,CACHOEIRA,817.94,39.66,56.21,1.06,0.6,2001-06-22
29002,CACHOEIRA,817.95,39.73,56.32,0.96,0.6,2001-06-23
29002,CACHOEIRA,817.96,39.81,56.42,1.36,0.6,2001-06-24
29002,CACHOEIRA,817.96,39.81,56.42,1.1,0.6,2001-06-25
29002,CACHOEIRA,817.95,39.73,56.32,1.44,0.6,2001-06-26
29002,CACHOEIRA,817.95,39.73,56.32,2.2,0.6,2001-06-27
29002,CACHOEIRA,817.95,39.73,56.32,2.2,0.6,2001-06-28
29002,CACHOEIRA,817.94,39.66,56.21,1.64,0.6,2001-06-29
29002,CACHOEIRA,817.91,39.44,55.9,1.03,0.6,2001-06-30
29002,CACHOEIRA,817.87,39.14,55.48,1.08,0.6,2001-07-01
29002,CACHOEIRA,817.87,39.14,55.48,1.08,0.6,2001-07-01
29002,CACHOEIRA,817.83,38.85,55.06,1.09,0.6,2001-07-02
29002,CACHOEIRA,817.8,38.63,54.75,1.54,0.6,2001-07-03
29002,CACHOEIRA,817.76,38.33,54.33,1.0,0.6,2001-07-04
29002,CACHOEIRA,817.72,38.04,53.91,1.45,0.55,2001-07-05
29002,CACHOEIRA,817.67,37.67,53.4,1.16,0.5,2001-07-06
29002,CACHOEIRA,817.62,37.31,52.88,1.27,0.5,2001-07-07
29002,CACHOEIRA,817.57,36.94,52.36,1.68,0.5,2001-07-08
29002,CACHOEIRA,817.51,36.51,51.74,0.95,0.5,2001-07-09
29002,CACHOEIRA,817.46,36.14,51.23,1.99,0.49,2001-07-10
29002,CACHOEIRA,817.42,35.85,50.82,1.24,0.49,2001-07-11
29002,CACHOEIRA,817.37,35.49,50.31,1.11,0.49,2001-07-12
29002,CACHOEIRA,817.4,35.71,50.61,1.8,0.49,2001-07-13
29002,CACHOEIRA,817.43,35.93,50.92,2.01,0.4,2001-07-14
29002,CACHOEIRA,817.43,35.93,50.92,-1.51,0.49,2001-07-15
29002,CACHOEIRA,817.49,36.36,51.54,4.92,0.49,2001-07-16
29002,CACHOEIRA,817.51,36.51,51.74,2.17,0.49,2001-07-17
29002,CACHOEIRA,817.53,36.65,51.95,2.47,0.49,2001-07-18
29002,CACHOEIRA,817.55,36.8,52.15,1.68,0.5,2001-07-19
29002,CACHOEIRA,817.55,36.8,52.15,0.99,0.49,2001-07-20
29002,CACHOEIRA,817.54,36.72,52.05,2.45,2.19,2001-07-21
29002,CACHOEIRA,817.48,36.29,51.43,1.09,3.63,2001-07-22
29002,CACHOEIRA,817.43,35.93,50.92,2.53,3.62,2001-07-23
29002,CACHOEIRA,817.41,35.78,50.72,2.03,3.61,2001-07-24
29002,CACHOEIRA,817.41,35.78,50.72,2.21,3.61,2001-07-25
29002,CACHOEIRA,817.41,35.78,50.72,2.91,3.61,2001-07-26
29002,CACHOEIRA,817.43,35.93,50.92,1.69,3.61,2001-07-27
29002,CACHOEIRA,817.48,36.29,51.43,2.96,2.77,2001-07-28
29002,CACHOEIRA,817.52,36.58,51.85,1.98,2.12,2001-07-29
29002,CACHOEIRA,817.54,36.72,52.05,1.7,2.12,2001-07-30
29002,CACHOEIRA,817.58,37.02,52.46,2.77,1.6,2001-07-31
29002,CACHOEIRA,817.58,37.02,52.46,1.62,1.56,2001-08-01
29002,CACHOEIRA,817.58,37.02,52.46,1.62,1.56,2001-08-01
29002,CACHOEIRA,817.57,36.94,52.36,1.75,1.56,2001-08-02
29002,CACHOEIRA,817.55,36.8,52.15,1.46,1.56,2001-08-03
29002,CACHOEIRA,817.53,36.65,51.95,1.7,1.22,2001-08-04
29002,CACHOEIRA,817.5,36.43,51.64,1.21,1.17,2001-08-05
29002,CACHOEIRA,817.47,36.22,51.33,1.61,1.17,2001-08-06
29002,CACHOEIRA,817.43,35.93,50.92,1.0,1.17,2001-08-07
29002,CACHOEIRA,817.38,35.56,50.41,1.35,1.16,2001-08-08
29002,CACHOEIRA,817.32,35.13,49.8,1.53,1.16,2001-08-09
29002,CACHOEIRA,817.25,34.63,49.08,1.28,1.16,2001-08-10
29002,CACHOEIRA,817.14,33.84,47.97,1.25,1.15,2001-08-11
29002,CACHOEIRA,817.09,33.48,47.46,2.9,1.14,2001-08-12
29002,CACHOEIRA,817.05,33.2,47.06,2.77,1.13,2001-08-13
29002,CACHOEIRA,817.01,32.92,46.65,2.89,1.14,2001-08-14
29002,CACHOEIRA,816.97,32.63,46.25,2.37,1.14,2001-08-15
29002,CACHOEIRA,816.94,32.42,45.95,2.03,1.13,2001-08-16
29002,CACHOEIRA,816.91,32.21,45.65,2.41,1.13,2001-08-17
29002,CACHOEIRA,816.83,31.64,44.85,2.15,1.13,2001-08-18
29002,CACHOEIRA,816.81,31.5,44.65,2.32,1.13,2001-08-19
29002,CACHOEIRA,816.78,31.29,44.35,2.39,1.12,2001-08-20
29002,CACHOEIRA,816.73,30.94,43.86,1.17,1.12,2001-08-21
29002,CACHOEIRA,816.68,30.59,43.36,1.48,1.12,2001-08-22
29002,CACHOEIRA,816.69,30.66,43.46,6.59,1.12,2001-08-23
29002,CACHOEIRA,816.69,30.66,43.46,5.65,1.12,2001-08-24
29002,CACHOEIRA,816.67,30.52,43.26,4.15,1.12,2001-08-25
29002,CACHOEIRA,816.64,30.31,42.96,3.8,1.12,2001-08-26
29002,CACHOEIRA,816.59,29.96,42.47,2.46,1.11,2001-08-27
29002,CACHOEIRA,816.52,29.48,41.78,3.79,1.11,2001-08-28
29002,CACHOEIRA,816.44,28.92,41.0,3.66,1.1,2001-08-29
29002,CACHOEIRA,816.4,28.65,40.61,3.42,1.1,2001-08-30
29002,CACHOEIRA,816.36,28.37,40.22,3.5,1.1,2001-08-31
29002,CACHOEIRA,816.31,28.03,39.73,2.91,1.09,2001-09-01
29002,CACHOEIRA,816.31,28.03,39.73,2.91,1.09,2001-09-01
29002,CACHOEIRA,816.26,27.69,39.24,1.92,1.09,2001-09-02
29002,CACHOEIRA,816.2,27.28,38.66,1.24,1.09,2001-09-03
29002,CACHOEIRA,816.12,26.73,37.89,1.07,1.08,2001-09-04
29002,CACHOEIRA,816.03,26.12,37.02,1.51,1.08,2001-09-05
29002,CACHOEIRA,815.87,25.04,35.49,-6.12,1.07,2001-09-06
29002,CACHOEIRA,815.99,25.85,36.64,11.43,1.07,2001-09-07
29002,CACHOEIRA,816.0,25.92,36.73,1.05,1.07,2001-09-08
29002,CACHOEIRA,816.03,26.12,37.02,3.82,1.07,2001-09-09
29002,CACHOEIRA,816.03,26.12,37.02,2.07,1.07,2001-09-10
29002,CACHOEIRA,816.02,26.05,36.93,1.79,1.07,2001-09-11
29002,CACHOEIRA,815.99,25.85,36.64,1.02,1.07,2001-09-12
29002,CACHOEIRA,815.92,25.38,35.97,1.0,1.07,2001-09-13
29002,CACHOEIRA,815.86,24.97,35.4,1.19,1.06,2001-09-14
29002,CACHOEIRA,815.9,25.24,35.78,6.88,1.06,2001-09-15
29002,CACHOEIRA,816.0,25.92,36.73,8.34,0.63,2001-09-16
29002,CACHOEIRA,816.06,26.32,37.31,6.14,0.54,2001-09-17
29002,CACHOEIRA,816.01,25.98,36.83,1.52,0.54,2001-09-18
29002,CACHOEIRA,815.93,25.44,36.06,1.09,0.54,2001-09-19
29002,CACHOEIRA,815.91,25.31,35.87,4.08,0.54,2001-09-20
29002,CACHOEIRA,815.86,24.97,35.4,1.75,0.54,2001-09-21
29002,CACHOEIRA,815.82,24.71,35.02,1.04,0.54,2001-09-22
29002,CACHOEIRA,815.81,24.64,34.92,1.16,0.54,2001-09-23
29002,CACHOEIRA,815.79,24.5,34.73,1.08,0.53,2001-09-24
29002,CACHOEIRA,815.74,24.17,34.26,3.26,0.53,2001-09-25
29002,CACHOEIRA,815.73,24.1,34.16,1.76,0.53,2001-09-26
29002,CACHOEIRA,815.72,24.04,34.07,3.46,0.53,2001-09-27
29002,CACHOEIRA,815.72,24.04,34.07,2.23,0.53,2001-09-28
29002,CACHOEIRA,815.67,23.7,33.6,1.14,0.59,2001-09-29
29002,CACHOEIRA,815.64,23.5,33.31,1.32,0.53,2001-09-30
29002,CACHOEIRA,815.6,23.24,32.94,1.07,0.53,2001-10-01
29002,CACHOEIRA,815.6,23.24,32.94,1.07,0.53,2001-10-01
29002,CACHOEIRA,815.66,23.64,33.5,9.63,0.53,2001-10-02
29002,CACHOEIRA,815.98,25.78,36.54,24.38,0.25,2001-10-03
29002,CACHOEIRA,816.08,26.46,37.5,10.34,0.2,2001-10-04
29002,CACHOEIRA,816.1,26.6,37.7,6.36,0.3,2001-10-05
29002,CACHOEIRA,816.1,26.6,37.7,1.33,0.54,2001-10-06
29002,CACHOEIRA,816.07,26.39,37.41,2.32,0.54,2001-10-07
29002,CACHOEIRA,816.02,26.05,36.93,2.1,0.54,2001-10-08
29002,CACHOEIRA,816.01,25.98,36.83,4.37,0.43,2001-10-09
29002,CACHOEIRA,816.08,26.46,37.5,5.34,0.2,2001-10-10
29002,CACHOEIRA,816.02,26.05,36.93,2.26,0.2,2001-10-11
29002,CACHOEIRA,816.07,26.39,37.41,7.3,0.3,2001-10-12
29002,CACHOEIRA,816.07,26.39,37.41,2.92,0.2,2001-10-13
29002,CACHOEIRA,816.06,26.32,37.31,2.63,0.3,2001-10-14
29002,CACHOEIRA,816.04,26.19,37.12,2.06,0.54,2001-10-15
29002,CACHOEIRA,816.01,25.98,36.83,1.01,0.93,2001-10-16
29002,CACHOEIRA,815.93,25.44,36.06,1.01,1.07,2001-10-17
29002,CACHOEIRA,815.94,25.51,36.16,2.03,0.83,2001-10-18
29002,CACHOEIRA,815.94,25.51,36.16,1.28,0.54,2001-10-19
29002,CACHOEIRA,816.0,25.92,36.73,6.01,0.54,2001-10-20
29002,CACHOEIRA,816.07,26.39,37.41,9.31,0.27,2001-10-21
29002,CACHOEIRA,816.14,26.87,38.08,10.4,0.48,2001-10-22
29002,CACHOEIRA,816.28,27.82,39.44,15.01,0.24,2001-10-23
29002,CACHOEIRA,816.26,27.69,39.24,7.3,0.32,2001-10-24
29002,CACHOEIRA,816.19,27.21,38.56,5.58,0.55,2001-10-25
29002,CACHOEIRA,816.1,26.6,37.7,3.62,0.55,2001-10-26
29002,CACHOEIRA,816.06,26.32,37.31,1.13,0.89,2001-10-27
29002,CACHOEIRA,816.02,26.05,36.93,1.38,1.07,2001-10-28
29002,CACHOEIRA,815.98,25.78,36.54,1.26,1.07,2001-10-29
29002,CACHOEIRA,815.96,25.65,36.35,1.0,1.07,2001-10-30
29002,CACHOEIRA,815.94,25.51,36.16,1.0,1.07,2001-10-31
29002,CACHOEIRA,815.92,25.38,35.97,1.01,1.07,2001-11-01
29002,CACHOEIRA,815.92,25.38,35.97,1.01,1.07,2001-11-01
29002,CACHOEIRA,815.88,25.11,35.59,1.05,1.06,2001-11-02
29002,CACHOEIRA,815.84,24.84,35.21,1.05,1.06,2001-11-03
29002,CACHOEIRA,815.79,24.5,34.73,0.98,1.06,2001-11-04
29002,CACHOEIRA,815.75,24.24,34.35,0.97,1.06,2001-11-05
29002,CACHOEIRA,815.7,23.9,33.88,1.09,1.05,2001-11-06
29002,CACHOEIRA,815.65,23.57,33.41,1.0,1.05,2001-11-07
29002,CACHOEIRA,815.6,23.24,32.94,1.1,1.05,2001-11-08
29002,CACHOEIRA,815.59,23.17,32.84,0.98,1.04,2001-11-09
29002,CACHOEIRA,815.59,23.17,32.84,1.24,1.04,2001-11-10
29002,CACHOEIRA,815.58,23.11,32.75,1.07,1.04,2001-11-11
29002,CACHOEIRA,815.58,23.11,32.75,2.41,0.91,2001-11-12
29002,CACHOEIRA,815.62,23.37,33.13,4.33,0.36,2001-11-13
29002,CACHOEIRA,815.66,23.64,33.5,6.72,0.45,2001-11-14
29002,CACHOEIRA,815.72,24.04,34.07,4.95,0.53,2001-11-15
29002,CACHOEIRA,815.78,24.44,34.64,4.47,0.53,2001-11-16
29002,CACHOEIRA,815.77,24.37,34.54,3.66,0.53,2001-11-17
29002,CACHOEIRA,815.76,24.3,34.45,8.26,0.53,2001-11-18
29002,CACHOEIRA,815.79,24.5,34.73,3.05,0.53,2001-11-19
29002,CACHOEIRA,815.86,24.97,35.4,4.47,0.54,2001-11-20
29002,CACHOEIRA,815.92,25.38,35.97,3.51,0.54,2001-11-21
29002,CACHOEIRA,815.96,25.65,36.35,2.06,0.54,2001-11-22
29002,CACHOEIRA,816.04,26.19,37.12,5.2,0.54,2001-11-23
29002,CACHOEIRA,816.12,26.73,37.89,4.73,0.54,2001-11-24
29002,CACHOEIRA,816.17,27.07,38.37,2.09,0.55,2001-11-25
29002,CACHOEIRA,816.16,27.0,38.27,1.06,0.55,2001-11-26
29002,CACHOEIRA,816.13,26.8,37.98,0.94,0.5,2001-11-27
29002,CACHOEIRA,816.09,26.53,37.6,1.0,0.55,2001-11-28
29002,CACHOEIRA,816.23,27.48,38.95,9.22,0.38,2001-11-29
29002,CACHOEIRA,816.34,28.24,40.02,6.44,0.21,2001-11-30
29002,CACHOEIRA,816.47,29.13,41.29,3.28,0.21,2001-12-01
29002,CACHOEIRA,816.47,29.13,41.29,3.28,0.21,2001-12-01
29002,CACHOEIRA,816.55,29.69,42.08,3.69,0.37,2001-12-02
29002,CACHOEIRA,816.6,30.03,42.57,1.73,0.51,2001-12-03
29002,CACHOEIRA,816.62,30.17,42.77,2.92,0.51,2001-12-04
29002,CACHOEIRA,816.61,30.1,42.67,1.3,0.51,2001-12-05
29002,CACHOEIRA,816.59,29.96,42.47,1.3,0.51,2001-12-06
29002,CACHOEIRA,816.59,29.96,42.47,3.71,0.51,2001-12-07
29002,CACHOEIRA,816.57,29.83,42.27,1.81,0.42,2001-12-08
29002,CACHOEIRA,816.7,30.73,43.56,13.8,0.21,2001-12-09
29002,CACHOEIRA,816.75,31.08,44.05,4.76,0.21,2001-12-10
29002,CACHOEIRA,816.82,31.57,44.75,5.7,0.21,2001-12-11
29002,CACHOEIRA,816.91,32.21,45.65,6.65,0.21,2001-12-12
29002,CACHOEIRA,816.98,32.7,46.35,4.64,0.21,2001-12-13
29002,CACHOEIRA,817.08,33.41,47.36,6.83,0.21,2001-12-14
29002,CACHOEIRA,817.14,33.84,47.97,5.67,0.22,2001-12-15
29002,CACHOEIRA,817.25,34.63,49.08,14.63,0.22,2001-12-16
29002,CACHOEIRA,817.28,34.84,49.39,17.82,0.22,2001-12-17
29002,CACHOEIRA,817.28,34.84,49.39,17.62,0.22,2001-12-18
29002,CACHOEIRA,817.18,34.13,48.37,8.12,0.22,2001-12-19
29002,CACHOEIRA,817.06,33.27,47.16,5.6,0.11,2001-12-20
29002,CACHOEIRA,816.88,32.0,45.35,4.75,0.21,2001-12-21
29002,CACHOEIRA,816.65,30.38,43.06,5.96,0.53,2001-12-22
29002,CACHOEIRA,816.43,28.86,40.9,6.68,0.56,2001-12-23
29002,CACHOEIRA,816.39,28.58,40.51,14.27,0.56,2001-12-24
29002,CACHOEIRA,816.4,28.65,40.61,13.45,0.55,2001-12-25
29002,CACHOEIRA,816.38,28.51,40.41,10.45,0.55,2001-12-26
29002,CACHOEIRA,816.35,28.3,40.12,8.96,0.55,2001-12-27
29002,CACHOEIRA,816.31,28.03,39.73,7.67,0.55,2001-12-28
29002,CACHOEIRA,816.22,27.41,38.85,11.91,0.55,2001-12-29
29002,CACHOEIRA,816.08,26.46,37.5,11.41,0.24,2001-12-30
29002,CACHOEIRA,816.01,25.98,36.83,4.71,0.2,2001-12-31
29002,CACHOEIRA,816.05,26.26,37.21,5.82,0.53,2002-01-01
29002,CACHOEIRA,816.05,26.26,37.21,5.82,0.53,2002-01-01
29002,CACHOEIRA,816.11,26.66,37.79,6.51,0.54,2002-01-02
29002,CACHOEIRA,816.16,27.0,38.27,5.29,0.55,2002-01-03
29002,CACHOEIRA,816.18,27.14,38.47,4.38,0.55,2002-01-04
29002,CACHOEIRA,816.16,27.0,38.27,2.9,0.55,2002-01-05
29002,CACHOEIRA,816.17,27.07,38.37,5.27,0.55,2002-01-06
29002,CACHOEIRA,816.19,27.21,38.56,5.63,0.55,2002-01-07
29002,CACHOEIRA,816.21,27.34,38.76,5.52,0.55,2002-01-08
29002,CACHOEIRA,816.2,27.28,38.66,4.84,0.55,2002-01-09
29002,CACHOEIRA,816.21,27.34,38.76,9.71,0.26,2002-01-10
29002,CACHOEIRA,816.18,27.14,38.47,7.13,0.2,2002-01-11
29002,CACHOEIRA,816.16,27.0,38.27,3.17,0.49,2002-01-12
29002,CACHOEIRA,816.18,27.14,38.47,4.92,0.55,2002-01-13
29002,CACHOEIRA,816.34,28.24,40.02,13.97,0.3,2002-01-14
29002,CACHOEIRA,816.59,29.96,42.47,19.3,0.21,2002-01-15
29002,CACHOEIRA,816.88,32.0,45.35,23.97,0.21,2002-01-16
29002,CACHOEIRA,817.14,33.84,47.97,21.83,0.21,2002-01-17
29002,CACHOEIRA,817.14,33.84,47.97,16.43,0.2,2002-01-18
29002,CACHOEIRA,817.03,33.06,46.86,10.69,0.55,2002-01-19
29002,CACHOEIRA,816.97,32.63,46.25,13.81,0.57,2002-01-20
29002,CACHOEIRA,817.18,34.13,48.37,20.98,0.35,2002-01-21
29002,CACHOEIRA,817.42,35.85,50.82,20.0,0.22,2002-01-22
29002,CACHOEIRA,817.57,36.94,52.36,11.97,0.22,2002-01-23
29002,CACHOEIRA,817.59,37.09,52.57,13.34,0.22,2002-01-24
29002,CACHOEIRA,817.5,36.43,51.64,15.16,0.22,2002-01-25
29002,CACHOEIRA,817.43,35.93,50.92,17.54,0.22,2002-01-26
29002,CACHOEIRA,817.28,34.84,49.39,10.23,0.45,2002-01-27
29002,CACHOEIRA,817.13,33.77,47.86,9.49,0.58,2002-01-28
29002,CACHOEIRA,816.94,32.42,45.95,7.58,0.58,2002-01-29
29002,CACHOEIRA,816.8,31.43,44.55,7.47,0.57,2002-01-30
29002,CACHOEIRA,816.74,31.01,43.96,12.38,0.57,2002-01-31
29002,CACHOEIRA,816.65,30.38,43.06,9.76,0.56,2002-02-01
29002,CACHOEIRA,816.65,30.38,43.06,9.76,0.56,2002-02-01
29002,CACHOEIRA,816.57,29.83,42.27,10.37,0.56,2002-02-02
29002,CACHOEIRA,816.5,29.34,41.59,11.01,0.56,2002-02-03
29002,CACHOEIRA,816.4,28.65,40.61,8.42,0.56,2002-02-04
29002,CACHOEIRA,816.37,28.44,40.31,6.01,0.55,2002-02-05
29002,CACHOEIRA,816.34,28.24,40.02,7.2,0.55,2002-02-06
29002,CACHOEIRA,816.32,28.1,39.83,7.95,0.55,2002-02-07
29002,CACHOEIRA,816.39,28.58,40.51,8.2,0.55,2002-02-08
29002,CACHOEIRA,816.52,29.48,41.78,10.96,0.56,2002-02-09
29002,CACHOEIRA,816.68,30.59,43.36,13.05,0.21,2002-02-10
29002,CACHOEIRA,816.88,32.0,45.35,16.34,0.21,2002-02-11
29002,CACHOEIRA,816.99,32.77,46.45,9.02,0.21,2002-02-12
29002,CACHOEIRA,817.09,33.48,47.46,8.18,0.21,2002-02-13
29002,CACHOEIRA,817.18,34.13,48.37,7.63,0.5,2002-02-14
29002,CACHOEIRA,817.17,34.06,48.27,9.28,0.58,2002-02-15
29002,CACHOEIRA,817.17,34.06,48.27,11.45,0.5,2002-02-16
29002,CACHOEIRA,817.15,33.91,48.07,9.76,0.5,2002-02-17
29002,CACHOEIRA,817.17,34.06,48.27,13.03,0.5,2002-02-18
29002,CACHOEIRA,817.16,33.98,48.17,10.55,0.5,2002-02-19
29002,CACHOEIRA,817.12,33.7,47.76,8.0,0.5,2002-02-20
29002,CACHOEIRA,817.11,33.63,47.66,10.47,0.5,2002-02-21
29002,CACHOEIRA,817.13,33.77,47.86,12.92,0.5,2002-02-22
29002,CACHOEIRA,817.18,34.13,48.37,15.09,0.2,2002-02-23
29002,CACHOEIRA,817.3,34.99,49.59,20.94,0.2,2002-02-24
29002,CACHOEIRA,817.33,35.2,49.9,13.49,0.2,2002-02-25
29002,CACHOEIRA,817.32,35.13,49.8,10.45,0.51,2002-02-26
29002,CACHOEIRA,817.3,34.99,49.59,9.57,0.51,2002-02-27
29002,CACHOEIRA,817.31,35.06,49.69,12.24,0.51,2002-02-28
29002,CACHOEIRA,817.16,33.98,48.17,8.62,0.22,2002-03-01
29002,CACHOEIRA,817.16,33.98,48.17,8.62,0.22,2002-03-01
29002,CACHOEIRA,817.07,33.34,47.26,9.07,0.22,2002-03-02
29002,CACHOEIRA,817.08,33.41,47.36,7.91,0.21,2002-03-03
29002,CACHOEIRA,817.13,33.77,47.86,10.76,0.22,2002-03-04
29002,CACHOEIRA,817.15,33.91,48.07,7.71,0.22,2002-03-05
29002,CACHOEIRA,817.19,34.2,48.47,8.87,0.22,2002-03-06
29002,CACHOEIRA,817.22,34.41,48.78,9.02,0.22,2002-03-07
29002,CACHOEIRA,817.09,33.48,47.46,7.27,0.22,2002-03-08
29002,CACHOEIRA,816.96,32.56,46.15,7.4,0.21,2002-03-09
29002,CACHOEIRA,816.82,31.57,44.75,5.84,0.21,2002-03-10
29002,CACHOEIRA,816.68,30.59,43.36,5.29,0.21,2002-03-11
29002,CACHOEIRA,816.64,30.31,42.96,4.0,0.21,2002-03-12
29002,CACHOEIRA,816.63,30.24,42.87,3.14,0.21,2002-03-13
29002,CACHOEIRA,816.62,30.17,42.77,2.83,0.21,2002-03-14
29002,CACHOEIRA,816.66,30.45,43.16,6.6,0.21,2002-03-15
29002,CACHOEIRA,816.68,30.59,43.36,4.45,0.21,2002-03-16
29002,CACHOEIRA,816.72,30.87,43.76,6.1,0.48,2002-03-17
29002,CACHOEIRA,816.72,30.87,43.76,2.77,0.51,2002-03-18
29002,CACHOEIRA,816.75,31.08,44.05,5.08,0.51,2002-03-19
29002,CACHOEIRA,816.8,31.43,44.55,6.46,0.51,2002-03-20
29002,CACHOEIRA,816.83,31.64,44.85,4.76,0.51,2002-03-21
29002,CACHOEIRA,816.86,31.86,45.15,4.66,0.51,2002-03-22
29002,CACHOEIRA,816.91,32.21,45.65,6.25,0.51,2002-03-23
29002,CACHOEIRA,816.96,32.56,46.15,7.47,0.52,2002-03-24
29002,CACHOEIRA,817.04,33.13,46.96,11.16,0.52,2002-03-25
29002,CACHOEIRA,817.14,33.84,47.97,12.99,0.21,2002-03-26
29002,CACHOEIRA,817.17,34.06,48.27,9.19,0.22,2002-03-27
29002,CACHOEIRA,817.19,34.2,48.47,7.85,0.22,2002-03-28
29002,CACHOEIRA,817.1,33.56,47.56,5.18,0.22,2002-03-29
29002,CACHOEIRA,817.09,33.48,47.46,5.29,0.21,2002-03-30
29002,CACHOEIRA,817.08,33.41,47.36,6.58,0.21,2002-03-31
29002,CACHOEIRA,817.04,33.13,46.96,2.59,0.21,2002-04-01
29002,CACHOEIRA,817.04,33.13,46.96,2.59,0.21,2002-04-01
29002,CACHOEIRA,816.99,32.77,46.45,1.69,0.33,2002-04-02
29002,CACHOEIRA,816.98,32.7,46.35,1.52,0.5,2002-04-03
29002,CACHOEIRA,817.01,32.92,46.65,3.32,0.5,2002-04-04
29002,CACHOEIRA,817.04,33.13,46.96,3.05,0.5,2002-04-05
29002,CACHOEIRA,817.11,33.63,47.66,6.28,0.5,2002-04-06
29002,CACHOEIRA,817.21,34.34,48.68,8.43,0.5,2002-04-07
29002,CACHOEIRA,817.33,35.2,49.9,9.22,0.51,2002-04-08
29002,CACHOEIRA,817.44,36.0,51.02,7.67,0.51,2002-04-09
29002,CACHOEIRA,817.51,36.51,51.74,3.99,0.51,2002-04-10
29002,CACHOEIRA,817.51,36.51,51.74,2.55,0.51,2002-04-11
29002,CACHOEIRA,817.51,36.51,51.74,2.85,0.51,2002-04-12
29002,CACHOEIRA,817.51,36.51,51.74,2.71,0.51,2002-04-13
29002,CACHOEIRA,817.5,36.43,51.64,1.86,0.51,2002-04-14
29002,CACHOEIRA,817.49,36.36,51.54,1.86,0.51,2002-04-15
29002,CACHOEIRA,817.49,36.36,51.54,2.68,0.51,2002-04-16
29002,CACHOEIRA,817.48,36.29,51.43,1.87,0.51,2002-04-17
29002,CACHOEIRA,817.47,36.22,51.33,1.87,0.51,2002-04-18
29002,CACHOEIRA,817.46,36.14,51.23,1.98,0.51,2002-04-19
29002,CACHOEIRA,817.45,36.07,51.13,1.97,0.51,2002-04-20
29002,CACHOEIRA,817.44,36.0,51.02,2.07,0.51,2002-04-21
29002,CACHOEIRA,817.42,35.85,50.82,1.23,0.51,2002-04-22
29002,CACHOEIRA,817.4,35.71,50.61,1.34,0.51,2002-04-23
29002,CACHOEIRA,817.39,35.64,50.51,1.07,0.51,2002-04-24
29002,CACHOEIRA,817.39,35.64,50.51,1.11,0.51,2002-04-25
29002,CACHOEIRA,817.39,35.64,50.51,1.03,0.51,2002-04-26
29002,CACHOEIRA,817.39,35.64,50.51,1.16,0.51,2002-04-27
29002,CACHOEIRA,817.39,35.64,50.51,1.61,0.51,2002-04-28
29002,CACHOEIRA,817.38,35.56,50.41,1.08,0.51,2002-04-29
29002,CACHOEIRA,817.37,35.49,50.31,1.27,0.51,2002-04-30
29002,CACHOEIRA,817.37,35.49,50.31,2.2,0.51,2002-05-01
29002,CACHOEIRA,817.37,35.49,50.31,2.2,0.51,2002-05-01
29002,CACHOEIRA,817.36,35.42,50.2,1.51,0.51,2002-05-02
29002,CACHOEIRA,817.37,35.49,50.31,3.39,0.51,2002-05-03
29002,CACHOEIRA,817.37,35.49,50.31,2.65,0.51,2002-05-04
29002,CACHOEIRA,817.35,35.35,50.1,1.16,0.51,2002-05-05
29002,CACHOEIRA,817.35,35.35,50.1,2.63,0.51,2002-05-06
29002,CACHOEIRA,817.35,35.35,50.1,2.82,0.51,2002-05-07
29002,CACHOEIRA,817.35,35.35,50.1,2.93,0.51,2002-05-08
29002,CACHOEIRA,817.35,35.35,50.1,2.93,0.51,2002-05-09
29002,CACHOEIRA,817.34,35.28,50.0,2.25,0.51,2002-05-10
29002,CACHOEIRA,817.32,35.13,49.8,1.54,0.51,2002-05-11
29002,CACHOEIRA,817.3,34.99,49.59,1.66,0.51,2002-05-12
29002,CACHOEIRA,817.28,34.84,49.39,1.79,0.51,2002-05-13
29002,CACHOEIRA,817.26,34.7,49.18,1.94,0.51,2002-05-14
29002,CACHOEIRA,817.25,34.63,49.08,1.72,0.51,2002-05-15
29002,CACHOEIRA,817.26,34.7,49.18,3.38,0.51,2002-05-16
29002,CACHOEIRA,817.27,34.77,49.29,2.11,0.51,2002-05-17
29002,CACHOEIRA,817.28,34.84,49.39,2.58,0.51,2002-05-18
29002,CACHOEIRA,817.28,34.84,49.39,2.06,0.51,2002-05-19
29002,CACHOEIRA,817.29,34.92,49.49,3.06,0.51,2002-05-20
29002,CACHOEIRA,817.3,34.99,49.59,3.27,0.51,2002-05-21
29002,CACHOEIRA,817.34,35.28,50.0,5.77,0.51,2002-05-22
29002,CACHOEIRA,817.36,35.42,50.2,4.15,0.51,2002-05-23
29002,CACHOEIRA,817.37,35.49,50.31,3.39,0.51,2002-05-24
29002,CACHOEIRA,817.37,35.49,50.31,2.45,0.11,2002-05-25
29002,CACHOEIRA,817.37,35.49,50.31,2.75,0.11,2002-05-26
29002,CACHOEIRA,817.35,35.35,50.1,-1.61,0.11,2002-05-27
29002,CACHOEIRA,817.35,35.35,50.1,1.03,0.51,2002-05-28
29002,CACHOEIRA,817.36,35.42,50.2,2.03,0.51,2002-05-29
29002,CACHOEIRA,817.37,35.49,50.31,2.28,0.51,2002-05-30
29002,CACHOEIRA,817.37,35.49,50.31,1.75,0.51,2002-05-31
29002,CACHOEIRA,817.36,35.42,50.2,1.51,0.51,2002-06-01
29002,CACHOEIRA,817.36,35.42,50.2,1.51,0.51,2002-06-01
29002,CACHOEIRA,817.35,35.35,50.1,1.8,0.51,2002-06-02
29002,CACHOEIRA,817.35,35.35,50.1,1.03,0.51,2002-06-03
29002,CACHOEIRA,817.35,35.35,50.1,1.24,0.51,2002-06-04
29002,CACHOEIRA,817.35,35.35,50.1,1.55,0.51,2002-06-05
29002,CACHOEIRA,817.34,35.28,50.0,1.19,0.51,2002-06-06
29002,CACHOEIRA,817.32,35.13,49.8,1.12,0.51,2002-06-07
29002,CACHOEIRA,817.3,34.99,49.59,1.0,0.51,2002-06-08
29002,CACHOEIRA,817.27,34.77,49.29,2.24,0.51,2002-06-09
29002,CACHOEIRA,817.27,34.77,49.29,1.66,0.51,2002-06-10
29002,CACHOEIRA,817.27,34.77,49.29,1.24,0.51,2002-06-11
29002,CACHOEIRA,817.27,34.77,49.29,1.21,0.51,2002-06-12
29002,CACHOEIRA,817.27,34.77,49.29,2.48,0.51,2002-06-13
29002,CACHOEIRA,817.25,34.63,49.08,1.28,0.51,2002-06-14
29002,CACHOEIRA,817.24,34.56,48.98,2.4,0.51,2002-06-15
29002,CACHOEIRA,817.23,34.49,48.88,2.86,0.51,2002-06-16
29002,CACHOEIRA,817.2,34.27,48.57,1.46,0.5,2002-06-17
29002,CACHOEIRA,817.19,34.2,48.47,1.31,1.2,2002-06-18
29002,CACHOEIRA,817.17,34.06,48.27,1.05,1.51,2002-06-19
29002,CACHOEIRA,817.15,33.91,48.07,1.0,1.5,2002-06-20
29002,CACHOEIRA,817.13,33.77,47.86,1.1,1.5,2002-06-21
29002,CACHOEIRA,817.1,33.56,47.56,1.02,1.5,2002-06-22
29002,CACHOEIRA,817.08,33.41,47.36,1.2,1.5,2002-06-23
29002,CACHOEIRA,817.05,33.2,47.06,1.03,1.5,2002-06-24
29002,CACHOEIRA,817.01,32.92,46.65,1.01,1.5,2002-06-25
29002,CACHOEIRA,816.97,32.63,46.25,1.02,1.49,2002-06-26
29002,CACHOEIRA,816.92,32.28,45.75,1.04,1.49,2002-06-27
29002,CACHOEIRA,816.88,32.0,45.35,1.04,1.48,2002-06-28
29002,CACHOEIRA,816.83,31.64,44.85,1.03,1.48,2002-06-29
29002,CACHOEIRA,816.76,31.15,44.15,1.02,1.47,2002-06-30
29002,CACHOEIRA,816.69,30.66,43.46,1.02,1.47,2002-07-01
29002,CACHOEIRA,816.69,30.66,43.46,1.02,1.47,2002-07-01
29002,CACHOEIRA,816.62,30.17,42.77,1.02,1.46,2002-07-02
29002,CACHOEIRA,816.56,29.76,42.18,1.03,1.46,2002-07-03
29002,CACHOEIRA,816.48,29.2,41.39,1.06,1.45,2002-07-04
29002,CACHOEIRA,816.39,28.58,40.51,1.1,2.26,2002-07-05
29002,CACHOEIRA,816.36,28.37,40.22,1.13,2.52,2002-07-06
29002,CACHOEIRA,816.36,28.37,40.22,1.02,2.52,2002-07-07
29002,CACHOEIRA,816.35,28.3,40.12,1.04,2.52,2002-07-08
29002,CACHOEIRA,816.33,28.17,39.92,1.01,2.52,2002-07-09
29002,CACHOEIRA,816.31,28.03,39.73,1.0,2.51,2002-07-10
29002,CACHOEIRA,816.31,28.03,39.73,1.02,2.51,2002-07-11
29002,CACHOEIRA,816.32,28.1,39.83,1.11,2.51,2002-07-12
29002,CACHOEIRA,816.34,28.24,40.02,1.12,2.52,2002-07-13
29002,CACHOEIRA,816.34,28.24,40.02,1.08,2.52,2002-07-14
29002,CACHOEIRA,816.34,28.24,40.02,1.07,2.52,2002-07-15
29002,CACHOEIRA,816.34,28.24,40.02,1.06,2.52,2002-07-16
29002,CACHOEIRA,816.33,28.17,39.92,1.09,2.52,2002-07-17
29002,CACHOEIRA,816.32,28.1,39.83,1.1,2.52,2002-07-18
29002,CACHOEIRA,816.29,27.89,39.53,1.02,2.52,2002-07-19
29002,CACHOEIRA,816.28,27.82,39.44,1.02,2.51,2002-07-20
29002,CACHOEIRA,816.26,27.69,39.24,1.03,2.51,2002-07-21
29002,CACHOEIRA,816.24,27.55,39.05,1.09,2.51,2002-07-22
29002,CACHOEIRA,816.21,27.34,38.76,1.06,2.5,2002-07-23
29002,CACHOEIRA,816.29,27.89,39.53,1.04,2.5,2002-07-24
29002,CACHOEIRA,816.34,28.24,40.02,1.08,2.51,2002-07-25
29002,CACHOEIRA,816.36,28.37,40.22,1.01,2.52,2002-07-26
29002,CACHOEIRA,816.39,28.58,40.51,1.01,2.52,2002-07-27
29002,CACHOEIRA,816.41,28.72,40.7,1.03,2.53,2002-07-28
29002,CACHOEIRA,816.43,28.86,40.9,1.03,2.53,2002-07-29
29002,CACHOEIRA,816.44,28.92,41.0,1.02,2.53,2002-07-30
29002,CACHOEIRA,816.46,29.06,41.19,1.14,2.53,2002-07-31
29002,CACHOEIRA,816.47,29.13,41.29,1.01,2.54,2002-08-01
29002,CACHOEIRA,816.47,29.13,41.29,1.01,2.54,2002-08-01
29002,CACHOEIRA,816.52,29.48,41.78,3.01,2.54,2002-08-02
29002,CACHOEIRA,816.61,30.1,42.67,5.07,1.13,2002-08-03
29002,CACHOEIRA,816.71,30.8,43.66,6.0,1.0,2002-08-04
29002,CACHOEIRA,816.74,31.01,43.96,0.99,1.0,2002-08-05
29002,CACHOEIRA,816.78,31.29,44.35,1.57,1.01,2002-08-06
29002,CACHOEIRA,816.83,31.64,44.85,2.24,0.61,2002-08-07
29002,CACHOEIRA,816.87,31.93,45.25,2.51,1.51,2002-08-08
29002,CACHOEIRA,816.91,32.21,45.65,1.75,0.51,2002-08-09
29002,CACHOEIRA,816.93,32.35,45.85,1.04,0.52,2002-08-10
29002,CACHOEIRA,816.95,32.49,46.05,1.0,0.5,2002-08-11
29002,CACHOEIRA,816.97,32.63,46.25,0.98,0.5,2002-08-12
29002,CACHOEIRA,816.99,32.77,46.45,1.13,0.5,2002-08-13
29002,CACHOEIRA,817.0,32.85,46.55,1.08,0.52,2002-08-14
29002,CACHOEIRA,817.01,32.92,46.65,1.02,0.52,2002-08-15
29002,CACHOEIRA,817.01,32.92,46.65,1.02,1.22,2002-08-16
29002,CACHOEIRA,817.0,32.85,46.55,1.01,1.51,2002-08-17
29002,CACHOEIRA,816.97,32.63,46.25,1.02,1.51,2002-08-18
29002,CACHOEIRA,816.96,32.56,46.15,1.04,1.51,2002-08-19
29002,CACHOEIRA,816.94,32.42,45.95,1.14,1.79,2002-08-20
29002,CACHOEIRA,816.9,32.14,45.55,1.04,2.05,2002-08-21
29002,CACHOEIRA,816.87,31.93,45.25,1.06,2.05,2002-08-22
29002,CACHOEIRA,816.84,31.71,44.95,1.01,2.05,2002-08-23
29002,CACHOEIRA,816.8,31.43,44.55,0.67,2.04,2002-08-24
29002,CACHOEIRA,816.76,31.15,44.15,1.05,2.04,2002-08-25
29002,CACHOEIRA,816.72,30.87,43.76,1.01,2.03,2002-08-26
29002,CACHOEIRA,816.67,30.52,43.26,1.03,2.03,2002-08-27
29002,CACHOEIRA,816.63,30.24,42.87,1.04,2.02,2002-08-28
29002,CACHOEIRA,816.57,29.83,42.27,1.01,2.02,2002-08-29
29002,CACHOEIRA,816.53,29.55,41.88,1.09,2.01,2002-08-30
29002,CACHOEIRA,816.48,29.2,41.39,1.12,2.01,2002-08-31
29002,CACHOEIRA,816.44,28.92,41.0,1.26,2.0,2002-09-01
29002,CACHOEIRA,816.44,28.92,41.0,1.26,2.0,2002-09-01
29002,CACHOEIRA,816.39,28.58,40.51,1.05,2.0,2002-09-02
29002,CACHOEIRA,816.35,28.3,40.12,1.6,1.99,2002-09-03
29002,CACHOEIRA,816.27,27.76,39.34,1.02,1.74,2002-09-04
29002,CACHOEIRA,816.22,27.41,38.85,0.91,1.5,2002-09-05
29002,CACHOEIRA,816.16,27.0,38.27,1.05,1.49,2002-09-06
29002,CACHOEIRA,816.1,26.6,37.7,1.04,1.49,2002-09-07
29002,CACHOEIRA,816.1,26.6,37.7,4.62,1.48,2002-09-08
29002,CACHOEIRA,816.04,26.19,37.12,1.02,1.48,2002-09-09
29002,CACHOEIRA,816.01,25.98,36.83,1.85,0.92,2002-09-10
29002,CACHOEIRA,815.97,25.71,36.45,1.08,0.81,2002-09-11
29002,CACHOEIRA,815.92,25.38,35.97,1.03,0.8,2002-09-12
29002,CACHOEIRA,815.87,25.04,35.49,1.0,0.8,2002-09-13
29002,CACHOEIRA,815.8,24.57,34.83,1.08,0.8,2002-09-14
29002,CACHOEIRA,815.75,24.24,34.35,1.05,0.79,2002-09-15
29002,CACHOEIRA,815.69,23.84,33.79,1.04,0.79,2002-09-16
29002,CACHOEIRA,815.62,23.37,33.13,1.04,0.79,2002-09-17
29002,CACHOEIRA,815.56,22.97,32.56,1.21,0.79,2002-09-18
29002,CACHOEIRA,815.48,22.45,31.81,1.5,1.52,2002-09-19
29002,CACHOEIRA,815.39,21.85,30.98,1.01,2.04,2002-09-20
29002,CACHOEIRA,815.36,21.66,30.7,3.61,1.79,2002-09-21
29002,CACHOEIRA,815.35,21.59,30.6,4.09,0.86,2002-09-22
29002,CACHOEIRA,815.3,21.26,30.14,1.08,0.86,2002-09-23
29002,CACHOEIRA,815.24,20.87,29.59,1.08,0.85,2002-09-24
29002,CACHOEIRA,815.18,20.48,29.03,1.02,0.85,2002-09-25
29002,CACHOEIRA,815.13,20.16,28.57,1.13,0.85,2002-09-26
29002,CACHOEIRA,815.07,19.77,28.02,1.07,0.84,2002-09-27
29002,CACHOEIRA,815.0,19.32,27.38,1.05,0.84,2002-09-28
29002,CACHOEIRA,814.93,18.87,26.75,1.03,0.84,2002-09-29
29002,CACHOEIRA,814.85,18.36,26.02,1.0,0.83,2002-09-30
29002,CACHOEIRA,814.76,17.79,25.21,1.01,1.84,2002-10-01
29002,CACHOEIRA,814.76,17.79,25.21,1.01,1.84,2002-10-01
29002,CACHOEIRA,814.66,17.15,24.31,1.01,2.1,2002-10-02
29002,CACHOEIRA,814.58,16.65,23.6,1.03,2.08,2002-10-03
29002,CACHOEIRA,814.48,16.02,22.71,1.0,2.07,2002-10-04
29002,CACHOEIRA,814.45,15.83,22.44,1.06,2.06,2002-10-05
29002,CACHOEIRA,814.45,15.83,22.44,1.0,2.06,2002-10-06
29002,CACHOEIRA,814.47,15.96,22.62,1.03,2.06,2002-10-07
29002,CACHOEIRA,814.48,16.02,22.71,1.04,2.06,2002-10-08
29002,CACHOEIRA,814.47,15.96,22.62,1.52,2.06,2002-10-09
29002,CACHOEIRA,814.44,15.77,22.35,1.0,2.06,2002-10-10
29002,CACHOEIRA,814.4,15.52,22.0,1.0,3.0,2002-10-11
29002,CACHOEIRA,814.36,15.27,21.65,0.99,3.43,2002-10-12
29002,CACHOEIRA,814.32,15.02,21.29,1.01,3.56,2002-10-13
29002,CACHOEIRA,814.33,15.09,21.38,1.04,3.56,2002-10-14
29002,CACHOEIRA,814.35,15.21,21.56,1.01,3.56,2002-10-15
29002,CACHOEIRA,814.36,15.27,21.65,1.02,3.57,2002-10-16
29002,CACHOEIRA,814.28,14.78,20.94,1.11,3.56,2002-10-17
29002,CACHOEIRA,814.24,14.53,20.59,1.07,3.54,2002-10-18
29002,CACHOEIRA,814.24,14.53,20.59,1.01,3.53,2002-10-19
29002,CACHOEIRA,814.22,14.4,20.42,1.0,3.53,2002-10-20
29002,CACHOEIRA,814.24,14.53,20.59,1.0,3.53,2002-10-21
29002,CACHOEIRA,814.25,14.59,20.68,1.0,3.54,2002-10-22
29002,CACHOEIRA,814.28,14.78,20.94,1.04,2.74,2002-10-23
29002,CACHOEIRA,814.29,14.84,21.03,1.23,2.56,2002-10-24
29002,CACHOEIRA,814.29,14.84,21.03,1.0,2.56,2002-10-25
29002,CACHOEIRA,814.4,15.52,22.0,7.42,3.28,2002-10-26
29002,CACHOEIRA,814.48,16.02,22.71,5.46,3.55,2002-10-27
29002,CACHOEIRA,814.51,16.21,22.97,2.31,3.56,2002-10-28
29002,CACHOEIRA,814.58,16.65,23.6,6.65,3.58,2002-10-29
29002,CACHOEIRA,814.61,16.84,23.86,4.49,3.59,2002-10-30
29002,CACHOEIRA,814.67,17.22,24.4,5.37,1.71,2002-10-31
29002,CACHOEIRA,814.73,17.6,24.94,5.42,1.14,2002-11-01
29002,CACHOEIRA,814.73,17.6,24.94,5.42,1.14,2002-11-01
29002,CACHOEIRA,814.77,17.85,25.3,4.7,1.15,2002-11-02
29002,CACHOEIRA,814.8,18.04,25.57,4.67,1.15,2002-11-03
29002,CACHOEIRA,814.8,18.04,25.57,1.09,1.15,2002-11-04
29002,CACHOEIRA,814.78,17.91,25.39,1.07,1.91,2002-11-05
29002,CACHOEIRA,814.74,17.66,25.03,1.01,2.58,2002-11-06
29002,CACHOEIRA,814.7,17.41,24.67,1.48,2.54,2002-11-07
29002,CACHOEIRA,814.71,17.47,24.76,1.13,2.57,2002-11-08
29002,CACHOEIRA,814.72,17.53,24.85,1.31,2.57,2002-11-09
29002,CACHOEIRA,814.71,17.47,24.76,1.05,2.57,2002-11-10
29002,CACHOEIRA,814.7,17.41,24.67,1.61,2.54,2002-11-11
29002,CACHOEIRA,814.69,17.34,24.58,3.01,3.31,2002-11-12
29002,CACHOEIRA,814.66,17.15,24.31,2.49,3.5,2002-11-13
29002,CACHOEIRA,814.62,16.9,23.95,2.29,3.49,2002-11-14
29002,CACHOEIRA,814.6,16.77,23.78,3.99,3.48,2002-11-15
29002,CACHOEIRA,814.57,16.59,23.51,3.06,3.48,2002-11-16
29002,CACHOEIRA,814.6,16.77,23.78,6.52,2.58,2002-11-17
29002,CACHOEIRA,814.62,16.9,23.95,5.35,2.08,2002-11-18
29002,CACHOEIRA,814.64,17.03,24.13,4.87,1.39,2002-11-19
29002,CACHOEIRA,814.64,17.03,24.13,3.04,0.84,2002-11-20
29002,CACHOEIRA,814.64,17.03,24.13,3.47,0.8,2002-11-21
29002,CACHOEIRA,814.62,16.9,23.95,2.31,0.8,2002-11-22
29002,CACHOEIRA,814.6,16.77,23.78,1.01,3.42,2002-11-23
29002,CACHOEIRA,814.61,16.84,23.86,2.45,3.49,2002-11-24
29002,CACHOEIRA,814.63,16.96,24.04,4.04,3.5,2002-11-25
29002,CACHOEIRA,814.62,16.9,23.95,3.01,3.85,2002-11-26
29002,CACHOEIRA,814.61,16.84,23.86,4.5,4.52,2002-11-27
29002,CACHOEIRA,814.61,16.84,23.86,5.95,4.52,2002-11-28
29002,CACHOEIRA,814.62,16.9,23.95,5.87,3.63,2002-11-29
29002,CACHOEIRA,814.66,17.15,24.31,6.11,1.79,2002-11-30
29002,CACHOEIRA,814.67,17.22,24.4,4.03,1.5,2002-12-01
29002,CACHOEIRA,814.67,17.22,24.4,4.03,1.5,2002-12-01
29002,CACHOEIRA,814.65,17.09,24.22,2.8,2.75,2002-12-02
29002,CACHOEIRA,814.61,16.84,23.86,3.23,3.49,2002-12-03
29002,CACHOEIRA,814.61,16.84,23.86,2.51,3.48,2002-12-04
29002,CACHOEIRA,814.61,16.84,23.86,1.94,2.71,2002-12-05
29002,CACHOEIRA,814.61,16.84,23.86,1.01,2.28,2002-12-06
29002,CACHOEIRA,814.61,16.84,23.86,1.18,1.71,2002-12-07
29002,CACHOEIRA,814.63,16.96,24.04,2.71,1.52,2002-12-08
29002,CACHOEIRA,814.64,17.03,24.13,2.69,1.69,2002-12-09
29002,CACHOEIRA,814.67,17.22,24.4,4.85,2.01,2002-12-10
29002,CACHOEIRA,814.68,17.28,24.49,3.77,2.01,2002-12-11
29002,CACHOEIRA,814.69,17.34,24.58,3.85,2.01,2002-12-12
29002,CACHOEIRA,814.75,17.72,25.12,7.22,2.02,2002-12-13
29002,CACHOEIRA,814.92,18.81,26.66,15.04,2.04,2002-12-14
29002,CACHOEIRA,815.01,19.38,27.48,9.53,2.06,2002-12-15
29002,CACHOEIRA,815.03,19.51,27.66,4.62,2.06,2002-12-16
29002,CACHOEIRA,815.03,19.51,27.66,2.33,1.23,2002-12-17
29002,CACHOEIRA,815.02,19.45,27.57,1.44,1.09,2002-12-18
29002,CACHOEIRA,814.99,19.26,27.29,0.45,1.02,2002-12-19
29002,CACHOEIRA,814.93,18.87,26.75,1.04,2.01,2002-12-20
29002,CACHOEIRA,814.96,19.06,27.02,2.83,2.01,2002-12-21
29002,CACHOEIRA,815.0,19.32,27.38,3.64,2.01,2002-12-22
29002,CACHOEIRA,815.06,19.71,27.93,2.33,2.02,2002-12-23
29002,CACHOEIRA,815.08,19.84,28.12,2.44,2.02,2002-12-24
29002,CACHOEIRA,815.07,19.77,28.02,1.75,2.02,2002-12-25
29002,CACHOEIRA,815.05,19.64,27.84,1.26,2.0,2002-12-26
29002,CACHOEIRA,815.01,19.38,27.48,1.03,2.02,2002-12-27
29002,CACHOEIRA,815.06,19.71,27.93,1.62,2.02,2002-12-28
29002,CACHOEIRA,815.11,20.03,28.39,1.06,2.03,2002-12-29
29002,CACHOEIRA,815.16,20.35,28.85,1.02,2.03,2002-12-30
29002,CACHOEIRA,815.17,20.42,28.94,1.04,2.8,2002-12-31
29002,CACHOEIRA,815.18,20.48,29.03,1.0,3.0,2003-01-01
29002,CACHOEIRA,815.18,20.48,29.03,1.0,3.0,2003-01-01
29002,CACHOEIRA,815.2,20.61,29.22,1.96,2.99,2003-01-02
29002,CACHOEIRA,815.24,20.87,29.59,3.13,3.01,2003-01-03
29002,CACHOEIRA,815.31,21.33,30.23,5.8,2.07,2003-01-04
29002,CACHOEIRA,815.37,21.72,30.79,4.82,1.59,2003-01-05
29002,CACHOEIRA,815.43,22.12,31.35,4.8,1.32,2003-01-06
29002,CACHOEIRA,815.5,22.58,32.0,7.96,1.0,2003-01-07
29002,CACHOEIRA,815.52,22.71,32.19,5.04,0.87,2003-01-08
29002,CACHOEIRA,815.52,22.71,32.19,1.5,1.47,2003-01-09
29002,CACHOEIRA,815.52,22.71,32.19,3.55,1.55,2003-01-10
29002,CACHOEIRA,815.56,22.97,32.56,6.64,1.55,2003-01-11
29002,CACHOEIRA,815.64,23.5,33.31,9.41,1.56,2003-01-12
29002,CACHOEIRA,815.68,23.77,33.69,5.89,1.56,2003-01-13
29002,CACHOEIRA,815.72,24.04,34.07,4.54,0.57,2003-01-14
29002,CACHOEIRA,815.76,24.3,34.45,4.56,0.53,2003-01-15
29002,CACHOEIRA,815.79,24.5,34.73,3.97,0.53,2003-01-16
29002,CACHOEIRA,815.92,25.38,35.97,11.68,0.54,2003-01-17
29002,CACHOEIRA,816.15,26.94,38.18,17.93,0.54,2003-01-18
29002,CACHOEIRA,816.37,28.44,40.31,16.42,0.55,2003-01-19
29002,CACHOEIRA,816.59,29.96,42.47,15.37,0.56,2003-01-20
29002,CACHOEIRA,816.67,30.52,43.26,13.78,0.33,2003-01-21
29002,CACHOEIRA,816.86,31.86,45.15,24.1,0.31,2003-01-22
29002,CACHOEIRA,817.18,34.13,48.37,27.61,0.23,2003-01-23
29002,CACHOEIRA,817.42,35.85,50.82,18.57,0.22,2003-01-24
29002,CACHOEIRA,817.54,36.72,52.05,18.29,0.22,2003-01-25
29002,CACHOEIRA,817.55,36.8,52.15,11.5,0.22,2003-01-26
29002,CACHOEIRA,817.71,37.97,53.81,22.39,0.22,2003-01-27
29002,CACHOEIRA,817.81,38.7,54.85,22.28,0.22,2003-01-28
29002,CACHOEIRA,817.77,38.41,54.43,24.24,0.22,2003-01-29
29002,CACHOEIRA,817.82,38.77,54.96,29.67,0.21,2003-01-30
29002,CACHOEIRA,817.76,38.33,54.33,22.69,0.2,2003-01-31
29002,CACHOEIRA,817.61,37.23,52.77,16.21,0.2,2003-02-01
29002,CACHOEIRA,817.61,37.23,52.77,16.21,0.2,2003-02-01
29002,CACHOEIRA,817.41,35.78,50.72,11.68,0.2,2003-02-02
29002,CACHOEIRA,817.18,34.13,48.37,8.92,0.2,2003-02-03
29002,CACHOEIRA,816.93,32.35,45.85,7.23,0.43,2003-02-04
29002,CACHOEIRA,816.71,30.8,43.66,7.0,0.49,2003-02-05
29002,CACHOEIRA,816.54,29.62,41.98,9.95,0.49,2003-02-06
29002,CACHOEIRA,816.36,28.37,40.22,8.93,0.48,2003-02-07
29002,CACHOEIRA,816.31,28.03,39.73,7.37,0.48,2003-02-08
29002,CACHOEIRA,816.31,28.03,39.73,6.31,0.48,2003-02-09
29002,CACHOEIRA,816.3,27.96,39.63,5.42,0.48,2003-02-10
29002,CACHOEIRA,816.26,27.69,39.24,2.88,0.48,2003-02-11
29002,CACHOEIRA,816.25,27.62,39.15,1.75,0.75,2003-02-12
29002,CACHOEIRA,816.26,27.69,39.24,2.76,1.02,2003-02-13
29002,CACHOEIRA,816.26,27.69,39.24,1.92,1.02,2003-02-14
29002,CACHOEIRA,816.27,27.76,39.34,2.67,1.02,2003-02-15
29002,CACHOEIRA,816.33,28.17,39.92,6.64,1.02,2003-02-16
29002,CACHOEIRA,816.36,28.37,40.22,4.25,1.02,2003-02-17
29002,CACHOEIRA,816.48,29.2,41.39,9.63,0.72,2003-02-18
29002,CACHOEIRA,816.59,29.96,42.47,9.42,0.56,2003-02-19
29002,CACHOEIRA,816.69,30.66,43.46,8.63,0.56,2003-02-20
29002,CACHOEIRA,816.79,31.36,44.45,9.09,0.57,2003-02-21
29002,CACHOEIRA,816.86,31.86,45.15,8.93,0.57,2003-02-22
29002,CACHOEIRA,816.91,32.21,45.65,10.09,0.57,2003-02-23
29002,CACHOEIRA,816.93,32.35,45.85,6.45,0.57,2003-02-24
29002,CACHOEIRA,816.89,32.07,45.45,5.58,0.57,2003-02-25
29002,CACHOEIRA,816.86,31.86,45.15,1.04,0.57,2003-02-26
29002,CACHOEIRA,816.9,32.14,45.55,1.09,0.75,2003-02-27
29002,CACHOEIRA,816.94,32.42,45.95,3.4,1.02,2003-02-28
29002,CACHOEIRA,816.97,32.63,46.25,2.76,1.02,2003-03-01
29002,CACHOEIRA,816.97,32.63,46.25,2.76,1.02,2003-03-01
29002,CACHOEIRA,816.99,32.77,46.45,2.07,1.02,2003-03-02
29002,CACHOEIRA,817.03,33.06,46.86,3.98,1.03,2003-03-03
29002,CACHOEIRA,817.04,33.13,46.96,1.66,1.03,2003-03-04
29002,CACHOEIRA,817.06,33.27,47.16,2.62,1.03,2003-03-05
29002,CACHOEIRA,817.11,33.63,47.66,5.26,1.03,2003-03-06
29002,CACHOEIRA,817.17,34.06,48.27,7.05,0.8,2003-03-07
29002,CACHOEIRA,817.19,34.2,48.47,5.5,0.5,2003-03-08
29002,CACHOEIRA,817.22,34.41,48.78,5.39,0.5,2003-03-09
29002,CACHOEIRA,817.29,34.92,49.49,8.37,0.51,2003-03-10
29002,CACHOEIRA,817.34,35.28,50.0,6.68,0.51,2003-03-11
29002,CACHOEIRA,817.33,35.2,49.9,3.32,0.51,2003-03-12
29002,CACHOEIRA,817.33,35.2,49.9,4.36,0.51,2003-03-13
29002,CACHOEIRA,817.33,35.2,49.9,4.27,0.51,2003-03-14
29002,CACHOEIRA,817.31,35.06,49.69,2.5,0.51,2003-03-15
29002,CACHOEIRA,817.29,34.92,49.49,2.38,0.51,2003-03-16
29002,CACHOEIRA,817.3,34.99,49.59,4.84,0.51,2003-03-17
29002,CACHOEIRA,817.32,35.13,49.8,5.73,0.51,2003-03-18
29002,CACHOEIRA,817.31,35.06,49.69,2.29,0.51,2003-03-19
29002,CACHOEIRA,817.31,35.06,49.69,4.1,0.51,2003-03-20
29002,CACHOEIRA,817.31,35.06,49.69,4.06,0.51,2003-03-21
29002,CACHOEIRA,817.34,35.28,50.0,5.89,0.51,2003-03-22
29002,CACHOEIRA,817.35,35.35,50.1,4.79,0.51,2003-03-23
29002,CACHOEIRA,817.34,35.28,50.0,3.13,0.51,2003-03-24
29002,CACHOEIRA,817.38,35.56,50.41,3.82,0.51,2003-03-25
29002,CACHOEIRA,817.41,35.78,50.72,3.04,0.51,2003-03-26
29002,CACHOEIRA,817.43,35.93,50.92,2.13,0.51,2003-03-27
29002,CACHOEIRA,817.47,36.22,51.33,4.06,0.51,2003-03-28
29002,CACHOEIRA,817.49,36.36,51.54,3.63,0.51,2003-03-29
29002,CACHOEIRA,817.47,36.22,51.33,2.66,0.51,2003-03-30
29002,CACHOEIRA,817.45,36.07,51.13,3.62,0.51,2003-03-31
29002,CACHOEIRA,817.42,35.85,50.82,2.36,0.95,2003-04-01
29002,CACHOEIRA,817.42,35.85,50.82,2.36,0.95,2003-04-01
29002,CACHOEIRA,817.39,35.64,50.51,1.13,1.01,2003-04-02
29002,CACHOEIRA,817.4,35.71,50.61,2.15,1.01,2003-04-03
29002,CACHOEIRA,817.34,35.28,50.0,1.0,1.01,2003-04-04
29002,CACHOEIRA,817.33,35.2,49.9,1.42,1.01,2003-04-05
29002,CACHOEIRA,817.33,35.2,49.9,1.01,1.01,2003-04-06
29002,CACHOEIRA,817.33,35.2,49.9,1.08,1.01,2003-04-07
29002,CACHOEIRA,817.33,35.2,49.9,1.09,1.01,2003-04-08
29002,CACHOEIRA,817.32,35.13,49.8,1.06,1.01,2003-04-09
29002,CACHOEIRA,817.31,35.06,49.69,1.03,1.0,2003-04-10
29002,CACHOEIRA,817.3,34.99,49.59,1.01,1.0,2003-04-11
29002,CACHOEIRA,817.29,34.92,49.49,1.06,1.0,2003-04-12
29002,CACHOEIRA,817.28,34.84,49.39,1.04,1.0,2003-04-13
29002,CACHOEIRA,817.25,34.63,49.08,1.0,1.0,2003-04-14
29002,CACHOEIRA,817.28,34.84,49.39,1.02,1.0,2003-04-15
29002,CACHOEIRA,817.27,34.77,49.29,1.03,1.0,2003-04-16
29002,CACHOEIRA,817.26,34.7,49.18,1.04,1.0,2003-04-17
29002,CACHOEIRA,817.27,34.77,49.29,1.0,1.0,2003-04-18
29002,CACHOEIRA,817.28,34.84,49.39,1.0,1.0,2003-04-19
29002,CACHOEIRA,817.33,35.2,49.9,3.27,1.0,2003-04-20
29002,CACHOEIRA,817.37,35.49,50.31,2.57,1.0,2003-04-21
29002,CACHOEIRA,817.39,35.64,50.51,1.07,1.0,2003-04-22
29002,CACHOEIRA,817.45,36.07,51.13,1.07,1.01,2003-04-23
29002,CACHOEIRA,817.5,36.43,51.64,1.18,1.01,2003-04-24
29002,CACHOEIRA,817.55,36.8,52.15,1.02,1.02,2003-04-25
29002,CACHOEIRA,817.55,36.8,52.15,1.04,1.02,2003-04-26
29002,CACHOEIRA,817.55,36.8,52.15,1.02,1.02,2003-04-27
29002,CACHOEIRA,817.55,36.8,52.15,1.0,1.02,2003-04-28
29002,CACHOEIRA,817.54,36.72,52.05,1.0,1.02,2003-04-29
29002,CACHOEIRA,817.53,36.65,51.95,1.0,1.02,2003-04-30
29002,CACHOEIRA,817.51,36.51,51.74,1.0,1.35,2003-05-01
29002,CACHOEIRA,817.51,36.51,51.74,1.0,1.35,2003-05-01
29002,CACHOEIRA,817.47,36.22,51.33,1.1,1.61,2003-05-02
29002,CACHOEIRA,817.52,36.58,51.85,6.23,1.51,2003-05-03
29002,CACHOEIRA,817.53,36.65,51.95,3.04,1.51,2003-05-04
29002,CACHOEIRA,817.52,36.58,51.85,1.48,1.51,2003-05-05
29002,CACHOEIRA,817.52,36.58,51.85,2.0,1.07,2003-05-06
29002,CACHOEIRA,817.52,36.58,51.85,2.01,1.02,2003-05-07
29002,CACHOEIRA,817.51,36.51,51.74,1.23,1.02,2003-05-08
29002,CACHOEIRA,817.48,36.29,51.43,0.98,1.0,2003-05-09
29002,CACHOEIRA,817.46,36.14,51.23,1.01,1.01,2003-05-10
29002,CACHOEIRA,817.43,35.93,50.92,0.99,1.01,2003-05-11
29002,CACHOEIRA,817.41,35.78,50.72,1.0,1.01,2003-05-12
29002,CACHOEIRA,817.37,35.49,50.31,1.0,1.01,2003-05-13
29002,CACHOEIRA,817.36,35.42,50.2,1.05,1.01,2003-05-14
29002,CACHOEIRA,817.35,35.35,50.1,1.09,1.33,2003-05-15
29002,CACHOEIRA,817.33,35.2,49.9,1.01,1.5,2003-05-16
29002,CACHOEIRA,817.31,35.06,49.69,1.1,1.5,2003-05-17
29002,CACHOEIRA,817.29,34.92,49.49,1.0,1.5,2003-05-18
29002,CACHOEIRA,817.27,34.77,49.29,1.0,1.5,2003-05-19
29002,CACHOEIRA,817.24,34.56,48.98,0.91,1.9,2003-05-20
29002,CACHOEIRA,817.2,34.27,48.57,1.0,2.09,2003-05-21
29002,CACHOEIRA,817.16,33.98,48.17,1.04,2.08,2003-05-22
29002,CACHOEIRA,817.16,33.98,48.17,1.0,2.08,2003-05-23
29002,CACHOEIRA,817.18,34.13,48.37,1.8,2.08,2003-05-24
29002,CACHOEIRA,817.18,34.13,48.37,1.02,2.08,2003-05-25
29002,CACHOEIRA,817.18,34.13,48.37,1.04,2.08,2003-05-26
29002,CACHOEIRA,817.17,34.06,48.27,1.01,2.08,2003-05-27
29002,CACHOEIRA,817.15,33.91,48.07,1.0,2.08,2003-05-28
29002,CACHOEIRA,817.13,33.77,47.86,1.0,2.08,2003-05-29
29002,CACHOEIRA,817.11,33.63,47.66,1.0,2.08,2003-05-30
29002,CACHOEIRA,817.09,33.48,47.46,1.0,2.08,2003-05-31
29002,CACHOEIRA,817.05,33.2,47.06,1.0,2.07,2003-06-01
29002,CACHOEIRA,817.05,33.2,47.06,1.0,2.07,2003-06-01
29002,CACHOEIRA,817.02,32.99,46.75,1.01,2.07,2003-06-02
29002,CACHOEIRA,817.05,33.2,47.06,0.99,2.07,2003-06-03
29002,CACHOEIRA,817.05,33.2,47.06,1.01,2.07,2003-06-04
29002,CACHOEIRA,817.05,33.2,47.06,1.63,2.07,2003-06-05
29002,CACHOEIRA,817.08,33.41,47.36,1.47,2.07,2003-06-06
29002,CACHOEIRA,817.11,33.63,47.66,1.99,2.08,2003-06-07
29002,CACHOEIRA,817.12,33.7,47.76,1.0,2.08,2003-06-08
29002,CACHOEIRA,817.12,33.7,47.76,1.0,2.08,2003-06-09
29002,CACHOEIRA,817.12,33.7,47.76,1.0,2.08,2003-06-10
29002,CACHOEIRA,817.12,33.7,47.76,1.37,2.08,2003-06-11
29002,CACHOEIRA,817.11,33.63,47.66,1.05,2.08,2003-06-12
29002,CACHOEIRA,817.09,33.48,47.46,1.0,2.08,2003-06-13
29002,CACHOEIRA,817.08,33.41,47.36,1.36,2.07,2003-06-14
29002,CACHOEIRA,817.08,33.41,47.36,1.01,2.07,2003-06-15
29002,CACHOEIRA,817.08,33.41,47.36,1.01,2.07,2003-06-16
29002,CACHOEIRA,817.07,33.34,47.26,1.0,2.07,2003-06-17
29002,CACHOEIRA,817.06,33.27,47.16,1.0,2.07,2003-06-18
29002,CACHOEIRA,817.08,33.41,47.36,1.91,2.07,2003-06-19
29002,CACHOEIRA,817.13,33.77,47.86,4.26,2.08,2003-06-20
29002,CACHOEIRA,817.15,33.91,48.07,3.08,2.08,2003-06-21
29002,CACHOEIRA,817.1,33.56,47.56,1.02,2.08,2003-06-22
29002,CACHOEIRA,817.11,33.63,47.66,1.08,2.08,2003-06-23
29002,CACHOEIRA,817.1,33.56,47.56,1.03,2.08,2003-06-24
29002,CACHOEIRA,817.05,33.2,47.06,1.02,2.87,2003-06-25
29002,CACHOEIRA,817.05,33.2,47.06,1.03,2.99,2003-06-26
29002,CACHOEIRA,817.04,33.13,46.96,1.04,2.99,2003-06-27
29002,CACHOEIRA,817.02,32.99,46.75,1.03,2.99,2003-06-28
29002,CACHOEIRA,816.99,32.77,46.45,0.99,2.98,2003-06-29
29002,CACHOEIRA,816.95,32.49,46.05,1.0,2.98,2003-06-30
29002,CACHOEIRA,816.93,32.35,45.85,1.03,2.97,2003-07-01
29002,CACHOEIRA,816.93,32.35,45.85,1.03,2.97,2003-07-01
29002,CACHOEIRA,816.98,32.7,46.35,11.0,2.98,2003-07-02
29002,CACHOEIRA,816.97,32.63,46.25,0.9,2.98,2003-07-03
29002,CACHOEIRA,816.93,32.35,45.85,1.01,2.97,2003-07-04
29002,CACHOEIRA,816.93,32.35,45.85,1.01,2.97,2003-07-05
29002,CACHOEIRA,816.93,32.35,45.85,1.0,2.97,2003-07-06
29002,CACHOEIRA,816.92,32.28,45.75,1.0,2.97,2003-07-07
29002,CACHOEIRA,816.9,32.14,45.55,1.01,2.97,2003-07-08
29002,CACHOEIRA,816.91,32.21,45.65,0.99,2.97,2003-07-09
29002,CACHOEIRA,816.9,32.14,45.55,1.01,2.97,2003-07-10
29002,CACHOEIRA,816.97,32.63,46.25,1.22,2.97,2003-07-11
29002,CACHOEIRA,817.13,33.77,47.86,4.87,2.68,2003-07-12
29002,CACHOEIRA,817.26,34.7,49.18,4.82,2.56,2003-07-13
29002,CACHOEIRA,817.36,35.42,50.2,4.57,2.57,2003-07-14
29002,CACHOEIRA,817.44,36.0,51.02,4.06,2.58,2003-07-15
29002,CACHOEIRA,817.53,36.65,51.95,2.29,2.59,2003-07-16
29002,CACHOEIRA,817.57,36.94,52.36,1.44,2.6,2003-07-17
29002,CACHOEIRA,817.61,37.23,52.77,2.42,2.61,2003-07-18
29002,CACHOEIRA,817.64,37.45,53.08,1.37,2.61,2003-07-19
29002,CACHOEIRA,817.67,37.67,53.4,1.0,2.61,2003-07-20
29002,CACHOEIRA,817.68,37.75,53.5,1.04,2.62,2003-07-21
29002,CACHOEIRA,817.68,37.75,53.5,1.09,2.62,2003-07-22
29002,CACHOEIRA,817.69,37.82,53.6,2.97,2.62,2003-07-23
29002,CACHOEIRA,817.68,37.75,53.5,2.54,2.62,2003-07-24
29002,CACHOEIRA,817.68,37.75,53.5,1.17,2.62,2003-07-25
29002,CACHOEIRA,817.69,37.82,53.6,2.43,2.86,2003-07-26
29002,CACHOEIRA,817.71,37.97,53.81,2.27,3.0,2003-07-27
29002,CACHOEIRA,817.73,38.11,54.02,1.93,3.01,2003-07-28
29002,CACHOEIRA,817.78,38.48,54.54,1.66,3.0,2003-07-29
29002,CACHOEIRA,817.83,38.85,55.06,1.85,3.0,2003-07-30
29002,CACHOEIRA,817.88,39.22,55.58,1.83,3.03,2003-07-31
29002,CACHOEIRA,817.93,39.59,56.11,1.94,3.0,2003-08-01
29002,CACHOEIRA,817.93,39.59,56.11,1.94,3.0,2003-08-01
29002,CACHOEIRA,817.98,39.96,56.63,1.9,3.0,2003-08-02
29002,CACHOEIRA,818.03,40.33,57.16,3.45,3.05,2003-08-03
29002,CACHOEIRA,818.06,40.55,57.48,1.98,3.06,2003-08-04
29002,CACHOEIRA,818.08,40.7,57.69,1.85,3.06,2003-08-05
29002,CACHOEIRA,818.1,40.85,57.9,1.9,3.0,2003-08-06
29002,CACHOEIRA,818.15,41.22,58.43,2.24,3.0,2003-08-07
29002,CACHOEIRA,818.22,41.75,59.17,2.36,3.0,2003-08-08
29002,CACHOEIRA,818.29,42.27,59.92,2.37,3.05,2003-08-09
29002,CACHOEIRA,818.37,42.88,60.77,2.73,3.03,2003-08-10
29002,CACHOEIRA,818.44,43.4,61.52,2.31,3.0,2003-08-11
29002,CACHOEIRA,818.46,43.56,61.73,2.24,3.0,2003-08-12
29002,CACHOEIRA,818.49,43.78,62.06,2.01,3.0,2003-08-13
29002,CACHOEIRA,818.52,44.01,62.38,2.58,3.01,2003-08-14
29002,CACHOEIRA,818.54,44.16,62.6,1.99,3.01,2003-08-15
29002,CACHOEIRA,818.55,44.24,62.7,3.02,3.01,2003-08-16
29002,CACHOEIRA,818.55,44.24,62.7,2.81,3.01,2003-08-17
29002,CACHOEIRA,818.54,44.16,62.6,2.82,3.0,2003-08-18
29002,CACHOEIRA,818.48,43.71,61.95,2.13,3.0,2003-08-19
29002,CACHOEIRA,818.49,43.78,62.06,3.27,3.0,2003-08-20
29002,CACHOEIRA,818.54,44.16,62.6,1.49,3.0,2003-08-21
29002,CACHOEIRA,818.53,44.09,62.49,1.53,3.45,2003-08-22
29002,CACHOEIRA,818.53,44.09,62.49,2.53,3.51,2003-08-23
29002,CACHOEIRA,818.53,44.09,62.49,2.64,3.51,2003-08-24
29002,CACHOEIRA,818.51,43.94,62.27,1.01,3.5,2003-08-25
29002,CACHOEIRA,818.5,43.86,62.16,2.64,3.22,2003-08-26
29002,CACHOEIRA,818.46,43.56,61.73,2.33,3.0,2003-08-27
29002,CACHOEIRA,818.43,43.33,61.41,1.92,3.0,2003-08-28
29002,CACHOEIRA,818.38,42.95,60.88,1.57,2.99,2003-08-29
29002,CACHOEIRA,818.33,42.57,60.34,1.43,2.99,2003-08-30
29002,CACHOEIRA,818.27,42.12,59.7,1.83,3.0,2003-08-31
29002,CACHOEIRA,818.2,41.6,58.96,1.62,3.0,2003-09-01
29002,CACHOEIRA,818.2,41.6,58.96,1.62,3.0,2003-09-01
29002,CACHOEIRA,818.15,41.22,58.43,1.63,2.96,2003-09-02
29002,CACHOEIRA,818.12,41.0,58.11,1.49,2.96,2003-09-03
29002,CACHOEIRA,818.08,40.7,57.69,1.0,2.95,2003-09-04
29002,CACHOEIRA,818.03,40.33,57.16,1.58,3.0,2003-09-05
29002,CACHOEIRA,817.98,39.96,56.63,1.55,3.0,2003-09-06
29002,CACHOEIRA,817.93,39.59,56.11,1.34,3.0,2003-09-07
29002,CACHOEIRA,817.86,39.07,55.37,1.03,3.0,2003-09-08
29002,CACHOEIRA,817.78,38.48,54.54,1.09,3.48,2003-09-09
29002,CACHOEIRA,817.71,37.97,53.81,1.0,3.5,2003-09-10
29002,CACHOEIRA,817.64,37.45,53.08,3.97,3.5,2003-09-11
29002,CACHOEIRA,817.56,36.87,52.26,2.6,3.46,2003-09-12
29002,CACHOEIRA,817.48,36.29,51.43,2.81,3.44,2003-09-13
29002,CACHOEIRA,817.39,35.64,50.51,1.42,3.43,2003-09-14
29002,CACHOEIRA,817.29,34.92,49.49,1.52,3.41,2003-09-15
29002,CACHOEIRA,817.19,34.2,48.47,1.6,3.5,2003-09-16
29002,CACHOEIRA,817.14,33.84,47.97,2.95,3.5,2003-09-17
29002,CACHOEIRA,817.08,33.41,47.36,1.75,3.5,2003-09-18
29002,CACHOEIRA,817.02,32.99,46.75,1.92,3.47,2003-09-19
29002,CACHOEIRA,816.97,32.63,46.25,1.14,3.5,2003-09-20
29002,CACHOEIRA,816.9,32.14,45.55,1.11,3.5,2003-09-21
29002,CACHOEIRA,816.82,31.57,44.75,1.06,3.5,2003-09-22
29002,CACHOEIRA,816.74,31.01,43.96,1.45,3.41,2003-09-23
29002,CACHOEIRA,816.66,30.45,43.16,1.12,3.5,2003-09-24
29002,CACHOEIRA,816.58,29.9,42.37,1.01,3.5,2003-09-25
29002,CACHOEIRA,816.47,29.13,41.29,1.03,3.5,2003-09-26
29002,CACHOEIRA,816.44,28.92,41.0,1.29,3.5,2003-09-27
29002,CACHOEIRA,816.46,29.06,41.19,2.25,3.5,2003-09-28
29002,CACHOEIRA,816.36,28.37,40.22,2.21,3.5,2003-09-29
29002,CACHOEIRA,816.3,27.96,39.63,2.31,3.5,2003-09-30
29002,CACHOEIRA,816.3,27.96,39.63,2.26,3.5,2003-10-01
29002,CACHOEIRA,816.3,27.96,39.63,2.26,3.5,2003-10-01
29002,CACHOEIRA,816.31,28.03,39.73,1.03,3.5,2003-10-02
29002,CACHOEIRA,816.3,27.96,39.63,1.52,3.48,2003-10-03
29002,CACHOEIRA,816.3,27.96,39.63,3.03,3.48,2003-10-04
29002,CACHOEIRA,816.28,27.82,39.44,1.15,3.5,2003-10-05
29002,CACHOEIRA,816.25,27.62,39.15,1.0,3.5,2003-10-06
29002,CACHOEIRA,816.17,27.07,38.37,1.03,3.5,2003-10-07
29002,CACHOEIRA,815.98,25.78,36.54,5.68,3.21,2003-10-08
29002,CACHOEIRA,815.7,23.9,33.88,3.97,2.52,2003-10-09
29002,CACHOEIRA,815.43,22.12,31.35,4.51,2.5,2003-10-10
29002,CACHOEIRA,815.17,20.42,28.94,4.89,2.5,2003-10-11
29002,CACHOEIRA,815.11,20.03,28.39,18.14,1.52,2003-10-12
29002,CACHOEIRA,815.05,19.64,27.84,9.5,1.0,2003-10-13
29002,CACHOEIRA,814.9,18.68,26.48,5.48,1.0,2003-10-14
29002,CACHOEIRA,814.9,18.68,26.48,1.68,1.0,2003-10-15
29002,CACHOEIRA,814.91,18.74,26.57,2.89,1.0,2003-10-16
29002,CACHOEIRA,814.89,18.62,26.38,1.9,1.76,2003-10-17
29002,CACHOEIRA,814.85,18.36,26.02,2.26,2.12,2003-10-18
29002,CACHOEIRA,814.8,18.04,25.57,2.93,2.12,2003-10-19
29002,CACHOEIRA,814.76,17.79,25.21,2.23,2.11,2003-10-20
29002,CACHOEIRA,814.71,17.47,24.76,1.86,2.1,2003-10-21
29002,CACHOEIRA,814.65,17.09,24.22,1.98,2.09,2003-10-22
29002,CACHOEIRA,814.51,16.21,22.97,2.71,2.08,2003-10-23
29002,CACHOEIRA,814.34,15.15,21.47,2.04,2.39,2003-10-24
29002,CACHOEIRA,814.22,14.4,20.42,3.7,2.5,2003-10-25
29002,CACHOEIRA,814.08,13.54,19.2,3.26,2.96,2003-10-26
29002,CACHOEIRA,813.91,12.51,17.73,1.62,3.0,2003-10-27
29002,CACHOEIRA,813.64,10.88,15.42,1.04,2.97,2003-10-28
29002,CACHOEIRA,813.51,10.1,14.32,5.6,2.91,2003-10-29
29002,CACHOEIRA,813.44,9.69,13.73,10.67,2.89,2003-10-30
29002,CACHOEIRA,813.31,8.92,12.65,3.98,2.55,2003-10-31
29002,CACHOEIRA,813.26,8.63,12.23,4.17,2.47,2003-11-01
29002,CACHOEIRA,813.26,8.63,12.23,4.17,2.47,2003-11-01
29002,CACHOEIRA,813.28,8.75,12.4,1.51,2.46,2003-11-02
29002,CACHOEIRA,813.3,8.86,12.56,1.44,2.15,2003-11-03
29002,CACHOEIRA,813.34,9.1,12.9,2.95,2.01,2003-11-04
29002,CACHOEIRA,813.37,9.28,13.15,2.6,2.01,2003-11-05
29002,CACHOEIRA,813.38,9.34,13.23,1.38,2.02,2003-11-06
29002,CACHOEIRA,813.42,9.57,13.57,3.27,2.02,2003-11-07
29002,CACHOEIRA,813.43,9.63,13.65,1.21,1.61,2003-11-08
29002,CACHOEIRA,813.43,9.63,13.65,1.1,1.5,2003-11-09
29002,CACHOEIRA,813.42,9.57,13.57,1.08,1.5,2003-11-10
29002,CACHOEIRA,813.44,9.69,13.73,1.01,1.46,2003-11-11
29002,CACHOEIRA,813.49,9.99,14.15,0.97,1.94,2003-11-12
29002,CACHOEIRA,813.5,10.05,14.24,1.15,2.04,2003-11-13
29002,CACHOEIRA,813.54,10.28,14.57,2.99,1.2,2003-11-14
29002,CACHOEIRA,813.57,10.46,14.83,2.65,1.04,2003-11-15
29002,CACHOEIRA,813.57,10.46,14.83,1.09,1.04,2003-11-16
29002,CACHOEIRA,813.56,10.4,14.74,1.51,1.04,2003-11-17
29002,CACHOEIRA,813.65,10.94,15.5,7.49,0.6,2003-11-18
29002,CACHOEIRA,813.71,11.3,16.01,4.34,0.5,2003-11-19
29002,CACHOEIRA,813.75,11.54,16.36,2.66,0.5,2003-11-20
29002,CACHOEIRA,813.8,11.84,16.78,1.52,0.51,2003-11-21
29002,CACHOEIRA,813.81,11.9,16.87,1.01,0.51,2003-11-22
29002,CACHOEIRA,813.82,11.96,16.95,1.01,0.51,2003-11-23
29002,CACHOEIRA,813.83,12.02,17.04,1.04,0.51,2003-11-24
29002,CACHOEIRA,813.82,11.96,16.95,1.0,0.51,2003-11-25
29002,CACHOEIRA,813.81,11.9,16.87,1.0,0.51,2003-11-26
29002,CACHOEIRA,813.82,11.96,16.95,1.08,0.51,2003-11-27
29002,CACHOEIRA,813.86,12.2,17.3,3.29,0.51,2003-11-28
29002,CACHOEIRA,813.84,12.08,17.13,1.0,0.51,2003-11-29
29002,CACHOEIRA,813.81,11.9,16.87,1.02,0.51,2003-11-30
29002,CACHOEIRA,813.79,11.78,16.7,1.01,0.51,2003-12-01
29002,CACHOEIRA,813.79,11.78,16.7,1.01,0.51,2003-12-01
29002,CACHOEIRA,813.88,12.32,17.47,7.03,0.51,2003-12-02
29002,CACHOEIRA,813.87,12.26,17.38,1.05,0.51,2003-12-03
29002,CACHOEIRA,813.85,12.14,17.21,1.27,0.51,2003-12-04
29002,CACHOEIRA,813.87,12.26,17.38,1.79,0.51,2003-12-05
29002,CACHOEIRA,813.91,12.51,17.73,1.98,0.51,2003-12-06
29002,CACHOEIRA,813.93,12.63,17.9,1.44,0.51,2003-12-07
29002,CACHOEIRA,813.91,12.51,17.73,1.04,0.51,2003-12-08
29002,CACHOEIRA,813.87,12.26,17.38,1.0,0.51,2003-12-09
29002,CACHOEIRA,813.84,12.08,17.13,1.01,0.51,2003-12-10
29002,CACHOEIRA,813.8,11.84,16.78,1.0,0.51,2003-12-11
29002,CACHOEIRA,813.81,11.9,16.87,1.18,0.51,2003-12-12
29002,CACHOEIRA,813.82,11.96,16.95,1.07,0.51,2003-12-13
29002,CACHOEIRA,813.83,12.02,17.04,1.38,0.51,2003-12-14
29002,CACHOEIRA,813.82,11.96,16.95,1.33,0.51,2003-12-15
29002,CACHOEIRA,813.85,12.14,17.21,2.86,0.51,2003-12-16
29002,CACHOEIRA,813.97,12.87,18.24,9.51,0.51,2003-12-17
29002,CACHOEIRA,814.18,14.16,20.07,16.57,0.52,2003-12-18
29002,CACHOEIRA,814.24,14.53,20.59,6.6,0.52,2003-12-19
29002,CACHOEIRA,814.28,14.78,20.94,5.91,0.78,2003-12-20
29002,CACHOEIRA,814.5,16.15,22.89,19.43,0.79,2003-12-21
29002,CACHOEIRA,814.69,17.34,24.58,17.81,0.51,2003-12-22
29002,CACHOEIRA,814.84,18.3,25.93,15.35,0.51,2003-12-23
29002,CACHOEIRA,814.89,18.62,26.38,9.95,0.52,2003-12-24
29002,CACHOEIRA,814.9,18.68,26.48,5.94,0.52,2003-12-25
29002,CACHOEIRA,814.91,18.74,26.57,1.21,0.52,2003-12-26
29002,CACHOEIRA,814.9,18.68,26.48,1.02,0.52,2003-12-27
29002,CACHOEIRA,814.96,19.06,27.02,6.02,0.52,2003-12-28
29002,CACHOEIRA,815.06,19.71,27.93,9.24,0.52,2003-12-29
29002,CACHOEIRA,815.1,19.97,28.3,4.97,0.56,2003-12-30
29002,CACHOEIRA,815.12,20.09,28.48,3.61,0.53,2003-12-31
29002,CACHOEIRA,815.27,20.13,29.26,4.44,0.53,2004-01-01
29002,CACHOEIRA,815.27,20.13,29.26,4.44,0.53,2004-01-01
29002,CACHOEIRA,815.32,20.44,29.71,6.02,0.53,2004-01-02
29002,CACHOEIRA,815.37,20.75,30.17,6.18,0.53,2004-01-03
29002,CACHOEIRA,815.36,20.69,30.08,2.96,0.53,2004-01-04
29002,CACHOEIRA,815.38,20.81,30.26,2.67,0.53,2004-01-05
29002,CACHOEIRA,815.42,21.06,30.62,3.61,0.53,2004-01-06
29002,CACHOEIRA,815.43,21.13,30.72,0.03,1.0,2004-01-07
29002,CACHOEIRA,815.46,21.32,30.99,3.57,0.72,2004-01-08
29002,CACHOEIRA,815.52,21.7,31.54,5.87,0.62,2004-01-09
29002,CACHOEIRA,815.59,22.14,32.19,10.68,0.52,2004-01-10
29002,CACHOEIRA,815.62,22.33,32.46,8.98,0.52,2004-01-11
29002,CACHOEIRA,815.6,22.2,32.28,4.67,0.52,2004-01-12
29002,CACHOEIRA,815.73,23.03,33.48,12.61,0.53,2004-01-13
29002,CACHOEIRA,815.71,22.9,33.3,5.6,0.53,2004-01-14
29002,CACHOEIRA,815.61,22.27,32.37,1.81,0.53,2004-01-15
29002,CACHOEIRA,815.7,22.84,33.2,7.77,0.53,2004-01-16
29002,CACHOEIRA,815.68,22.71,33.02,5.38,0.53,2004-01-17
29002,CACHOEIRA,815.65,22.52,32.74,3.4,0.53,2004-01-18
29002,CACHOEIRA,815.62,22.33,32.46,1.69,0.53,2004-01-19
29002,CACHOEIRA,815.61,22.27,32.37,1.04,0.52,2004-01-20
29002,CACHOEIRA,815.6,22.2,32.28,1.2,0.52,2004-01-21
29002,CACHOEIRA,815.61,22.27,32.37,3.61,0.52,2004-01-22
29002,CACHOEIRA,815.64,22.46,32.65,4.05,0.52,2004-01-23
29002,CACHOEIRA,815.7,22.84,33.2,6.0,0.53,2004-01-24
29002,CACHOEIRA,815.73,23.03,33.48,3.03,0.53,2004-01-25
29002,CACHOEIRA,815.76,23.22,33.76,3.02,0.53,2004-01-26
29002,CACHOEIRA,815.82,23.61,34.32,5.32,0.53,2004-01-27
29002,CACHOEIRA,815.89,24.06,34.98,5.98,0.43,2004-01-28
29002,CACHOEIRA,815.94,24.38,35.45,4.44,0.41,2004-01-29
29002,CACHOEIRA,815.98,24.64,35.82,3.66,0.41,2004-01-30
29002,CACHOEIRA,815.95,24.45,35.54,4.61,0.41,2004-01-31
29002,CACHOEIRA,815.9,24.12,35.07,3.5,0.41,2004-02-01
29002,CACHOEIRA,815.9,24.12,35.07,3.5,0.41,2004-02-01
29002,CACHOEIRA,815.92,24.25,35.26,2.28,0.41,2004-02-02
29002,CACHOEIRA,816.01,24.84,36.11,7.23,0.41,2004-02-03
29002,CACHOEIRA,816.08,25.29,36.77,4.87,0.41,2004-02-04
29002,CACHOEIRA,816.06,25.16,36.58,4.33,0.42,2004-02-05
29002,CACHOEIRA,816.09,25.36,36.86,6.55,0.42,2004-02-06
29002,CACHOEIRA,816.23,26.27,38.2,13.34,0.42,2004-02-07
29002,CACHOEIRA,816.21,26.14,38.01,10.96,0.42,2004-02-08
29002,CACHOEIRA,816.19,26.01,37.82,4.15,0.42,2004-02-09
29002,CACHOEIRA,816.22,26.21,38.1,4.87,0.42,2004-02-10
29002,CACHOEIRA,816.24,26.34,38.29,4.3,0.42,2004-02-11
29002,CACHOEIRA,816.26,26.47,38.49,4.48,0.42,2004-02-12
29002,CACHOEIRA,816.3,26.74,38.87,2.44,0.42,2004-02-13
29002,CACHOEIRA,816.32,26.87,39.06,4.9,0.42,2004-02-14
29002,CACHOEIRA,816.36,27.13,39.45,6.55,0.42,2004-02-15
29002,CACHOEIRA,816.43,27.6,40.12,8.91,0.42,2004-02-16
29002,CACHOEIRA,816.47,27.86,40.51,6.6,0.43,2004-02-17
29002,CACHOEIRA,816.5,28.06,40.8,5.91,0.43,2004-02-18
29002,CACHOEIRA,816.5,28.06,40.8,3.66,0.43,2004-02-19
29002,CACHOEIRA,816.51,28.13,40.9,4.55,0.43,2004-02-20
29002,CACHOEIRA,816.51,28.13,40.9,2.19,0.43,2004-02-21
29002,CACHOEIRA,816.64,29.0,42.17,13.95,0.43,2004-02-22
29002,CACHOEIRA,816.78,29.95,43.54,14.47,0.43,2004-02-23
29002,CACHOEIRA,817.26,33.25,48.35,35.26,0.44,2004-02-24
29002,CACHOEIRA,817.56,35.37,51.42,24.81,0.45,2004-02-25
29002,CACHOEIRA,817.79,37.01,53.81,19.15,0.25,2004-02-26
29002,CACHOEIRA,818.01,38.6,56.12,18.46,0.2,2004-02-27
29002,CACHOEIRA,818.17,39.77,57.82,13.71,0.38,2004-02-28
29002,CACHOEIRA,818.09,39.18,56.97,11.4,0.41,2004-02-29
29002,CACHOEIRA,817.89,37.73,54.85,7.12,0.4,2004-03-01
29002,CACHOEIRA,817.89,37.73,54.85,7.12,0.4,2004-03-01
29002,CACHOEIRA,817.74,36.65,53.28,7.61,0.4,2004-03-02
29002,CACHOEIRA,817.69,36.29,52.76,3.95,0.4,2004-03-03
29002,CACHOEIRA,817.72,36.51,53.08,7.29,0.4,2004-03-04
29002,CACHOEIRA,817.75,36.72,53.39,6.94,0.4,2004-03-05
29002,CACHOEIRA,817.8,37.08,53.91,8.12,0.4,2004-03-06
29002,CACHOEIRA,817.85,37.44,54.43,7.64,0.4,2004-03-07
29002,CACHOEIRA,817.9,37.8,54.96,7.3,0.4,2004-03-08
29002,CACHOEIRA,817.93,38.02,55.27,5.26,0.4,2004-03-09
29002,CACHOEIRA,817.97,38.31,55.7,6.0,0.4,2004-03-10
29002,CACHOEIRA,818.0,38.53,56.01,4.92,0.4,2004-03-11
29002,CACHOEIRA,818.03,38.75,56.33,4.33,0.4,2004-03-12
29002,CACHOEIRA,818.05,38.89,56.54,3.3,0.4,2004-03-13
29002,CACHOEIRA,818.08,39.11,56.86,4.0,0.41,2004-03-14
29002,CACHOEIRA,818.12,39.4,57.29,5.37,0.41,2004-03-15
29002,CACHOEIRA,818.1,39.26,57.07,5.17,0.41,2004-03-16
29002,CACHOEIRA,818.09,39.18,56.97,7.31,0.41,2004-03-17
29002,CACHOEIRA,818.05,38.89,56.54,3.66,0.41,2004-03-18
29002,CACHOEIRA,818.02,38.67,56.23,2.17,0.4,2004-03-19
29002,CACHOEIRA,818.0,38.53,56.01,5.5,0.4,2004-03-20
29002,CACHOEIRA,818.0,38.53,56.01,6.54,0.4,2004-03-21
29002,CACHOEIRA,817.99,38.46,55.91,5.32,0.4,2004-03-22
29002,CACHOEIRA,817.96,38.24,55.59,3.36,0.4,2004-03-23
29002,CACHOEIRA,817.94,38.09,55.38,3.57,0.4,2004-03-24
29002,CACHOEIRA,817.91,37.88,55.06,2.93,0.4,2004-03-25
29002,CACHOEIRA,817.89,37.73,54.85,1.19,0.4,2004-03-26
29002,CACHOEIRA,817.95,38.17,55.49,10.2,0.4,2004-03-27
29002,CACHOEIRA,817.94,38.09,55.38,3.83,0.4,2004-03-28
29002,CACHOEIRA,817.93,38.02,55.27,1.38,0.4,2004-03-29
29002,CACHOEIRA,817.93,38.02,55.27,4.52,0.4,2004-03-30
29002,CACHOEIRA,817.93,38.02,55.27,4.38,0.4,2004-03-31
29002,CACHOEIRA,817.93,38.02,55.27,4.25,0.4,2004-04-01
29002,CACHOEIRA,817.93,38.02,55.27,4.25,0.4,2004-04-01
29002,CACHOEIRA,817.92,37.95,55.17,3.28,0.4,2004-04-02
29002,CACHOEIRA,817.91,37.88,55.06,2.56,0.4,2004-04-03
29002,CACHOEIRA,817.91,37.88,55.06,4.1,0.4,2004-04-04
29002,CACHOEIRA,817.93,38.02,55.27,5.66,0.4,2004-04-05
29002,CACHOEIRA,817.95,38.17,55.49,5.4,0.4,2004-04-06
29002,CACHOEIRA,817.95,38.17,55.49,4.21,0.4,2004-04-07
29002,CACHOEIRA,817.97,38.31,55.7,4.88,0.4,2004-04-08
29002,CACHOEIRA,817.99,38.46,55.91,4.9,0.4,2004-04-09
29002,CACHOEIRA,818.0,38.53,56.01,3.54,0.4,2004-04-10
29002,CACHOEIRA,818.01,38.6,56.12,3.38,0.4,2004-04-11
29002,CACHOEIRA,818.01,38.6,56.12,2.88,0.4,2004-04-12
29002,CACHOEIRA,818.01,38.6,56.12,1.89,0.4,2004-04-13
29002,CACHOEIRA,818.02,38.67,56.23,3.97,0.4,2004-04-14
29002,CACHOEIRA,818.04,38.82,56.44,4.7,0.4,2004-04-15
29002,CACHOEIRA,818.08,39.11,56.86,6.28,0.4,2004-04-16
29002,CACHOEIRA,818.19,39.92,58.03,11.05,0.41,2004-04-17
29002,CACHOEIRA,818.22,40.14,58.35,4.79,0.41,2004-04-18
29002,CACHOEIRA,818.24,40.29,58.57,3.2,0.41,2004-04-19
29002,CACHOEIRA,818.42,41.62,60.51,16.94,0.41,2004-04-20
29002,CACHOEIRA,818.48,42.07,61.16,12.28,0.41,2004-04-21
29002,CACHOEIRA,818.53,42.44,61.7,13.2,0.41,2004-04-22
29002,CACHOEIRA,818.55,42.59,61.92,10.14,0.41,2004-04-23
29002,CACHOEIRA,818.47,41.99,61.05,5.61,0.41,2004-04-24
29002,CACHOEIRA,818.39,41.4,60.18,7.87,0.41,2004-04-25
29002,CACHOEIRA,818.29,40.66,59.11,5.89,0.41,2004-04-26
29002,CACHOEIRA,818.22,40.14,58.35,8.19,0.41,2004-04-27
29002,CACHOEIRA,818.14,39.55,57.5,8.0,0.41,2004-04-28
29002,CACHOEIRA,818.0,38.53,56.01,4.28,0.41,2004-04-29
29002,CACHOEIRA,817.81,37.15,54.01,5.53,0.4,2004-04-30
29002,CACHOEIRA,817.63,35.86,52.14,6.1,0.4,2004-05-01
29002,CACHOEIRA,817.63,35.86,52.14,6.1,0.4,2004-05-01
29002,CACHOEIRA,817.47,34.73,50.49,4.73,0.39,2004-05-02
29002,CACHOEIRA,817.28,33.39,48.55,4.54,0.39,2004-05-03
29002,CACHOEIRA,817.22,32.98,47.94,2.09,0.39,2004-05-04
29002,CACHOEIRA,817.18,32.7,47.54,2.49,1.29,2004-05-05
29002,CACHOEIRA,817.17,32.63,47.44,5.29,1.4,2004-05-06
29002,CACHOEIRA,817.17,32.63,47.44,6.08,1.4,2004-05-07
29002,CACHOEIRA,817.21,32.91,47.84,8.33,0.55,2004-05-08
29002,CACHOEIRA,817.21,32.91,47.84,4.85,0.41,2004-05-09
29002,CACHOEIRA,817.2,32.84,47.74,4.04,0.41,2004-05-10
29002,CACHOEIRA,817.17,32.63,47.44,2.4,0.41,2004-05-11
29002,CACHOEIRA,817.13,32.35,47.03,1.83,0.4,2004-05-12
29002,CACHOEIRA,817.14,32.42,47.13,3.17,0.4,2004-05-13
29002,CACHOEIRA,817.15,32.49,47.23,2.73,0.4,2004-05-14
29002,CACHOEIRA,817.15,32.49,47.23,2.4,0.4,2004-05-15
29002,CACHOEIRA,817.19,32.77,47.64,5.82,0.41,2004-05-16
29002,CACHOEIRA,817.24,33.12,48.14,6.72,0.41,2004-05-17
29002,CACHOEIRA,817.25,33.19,48.25,3.71,0.41,2004-05-18
29002,CACHOEIRA,817.27,33.32,48.45,3.47,0.41,2004-05-19
29002,CACHOEIRA,817.27,33.32,48.45,3.41,0.41,2004-05-20
29002,CACHOEIRA,817.26,33.25,48.35,3.58,0.93,2004-05-21
29002,CACHOEIRA,817.26,33.25,48.35,5.16,1.41,2004-05-22
29002,CACHOEIRA,817.27,33.32,48.45,6.15,1.41,2004-05-23
29002,CACHOEIRA,817.26,33.25,48.35,4.68,1.41,2004-05-24
29002,CACHOEIRA,817.28,33.39,48.55,6.82,0.96,2004-05-25
29002,CACHOEIRA,817.34,33.81,49.16,9.62,0.45,2004-05-26
29002,CACHOEIRA,817.52,35.08,51.0,14.22,0.41,2004-05-27
29002,CACHOEIRA,817.63,35.86,52.14,8.79,0.41,2004-05-28
29002,CACHOEIRA,817.72,36.51,53.08,6.82,0.42,2004-05-29
29002,CACHOEIRA,817.8,37.08,53.91,5.74,0.42,2004-05-30
29002,CACHOEIRA,817.91,37.88,55.06,7.93,0.42,2004-05-31
29002,CACHOEIRA,818.08,39.11,56.86,12.43,0.42,2004-06-01
29002,CACHOEIRA,818.08,39.11,56.86,12.43,0.42,2004-06-01
29002,CACHOEIRA,818.24,40.29,58.57,10.98,0.42,2004-06-02
29002,CACHOEIRA,818.38,41.32,60.08,12.17,0.43,2004-06-03
29002,CACHOEIRA,818.49,42.14,61.27,22.93,0.43,2004-06-04
29002,CACHOEIRA,818.53,42.44,61.7,20.07,0.43,2004-06-05
29002,CACHOEIRA,818.49,42.14,61.27,12.46,0.43,2004-06-06
29002,CACHOEIRA,818.43,41.69,60.62,10.17,0.43,2004-06-07
29002,CACHOEIRA,818.33,40.95,59.54,8.64,0.43,2004-06-08
29002,CACHOEIRA,818.21,40.07,58.25,7.23,0.43,2004-06-09
29002,CACHOEIRA,818.09,39.18,56.97,7.14,0.43,2004-06-10
29002,CACHOEIRA,817.97,38.31,55.7,5.84,0.42,2004-06-11
29002,CACHOEIRA,817.87,37.59,54.64,7.21,0.42,2004-06-12
29002,CACHOEIRA,817.78,36.94,53.7,8.74,0.42,2004-06-13
29002,CACHOEIRA,817.69,36.29,52.76,8.3,0.42,2004-06-14
29002,CACHOEIRA,817.59,35.58,51.73,7.16,0.42,2004-06-15
29002,CACHOEIRA,817.51,35.01,50.9,5.38,0.41,2004-06-16
29002,CACHOEIRA,817.43,34.45,50.08,7.44,0.41,2004-06-17
29002,CACHOEIRA,817.41,34.31,49.88,7.32,0.4,2004-06-18
29002,CACHOEIRA,817.39,34.17,49.67,5.43,0.41,2004-06-19
29002,CACHOEIRA,817.37,34.02,49.47,5.05,0.41,2004-06-20
29002,CACHOEIRA,817.36,33.95,49.36,5.76,0.41,2004-06-21
29002,CACHOEIRA,817.36,33.95,49.36,3.79,0.41,2004-06-22
29002,CACHOEIRA,817.36,33.95,49.36,5.33,0.41,2004-06-23
29002,CACHOEIRA,817.36,33.95,49.36,4.96,0.41,2004-06-24
29002,CACHOEIRA,817.36,33.95,49.36,4.68,0.41,2004-06-25
29002,CACHOEIRA,817.36,33.95,49.36,5.0,0.41,2004-06-26
29002,CACHOEIRA,817.35,33.88,49.26,4.79,0.41,2004-06-27
29002,CACHOEIRA,817.33,33.74,49.06,3.46,0.41,2004-06-28
29002,CACHOEIRA,817.34,33.81,49.16,3.23,0.41,2004-06-29
29002,CACHOEIRA,817.35,33.88,49.26,2.42,0.41,2004-06-30
29002,CACHOEIRA,817.36,33.95,49.36,3.14,0.41,2004-07-01
29002,CACHOEIRA,817.36,33.95,49.36,3.14,0.41,2004-07-01
29002,CACHOEIRA,817.37,34.02,49.47,2.64,0.41,2004-07-02
29002,CACHOEIRA,817.36,33.95,49.36,1.87,0.41,2004-07-03
29002,CACHOEIRA,817.35,33.88,49.26,1.75,0.41,2004-07-04
29002,CACHOEIRA,817.34,33.81,49.16,2.28,0.41,2004-07-05
29002,CACHOEIRA,817.35,33.88,49.26,1.5,0.41,2004-07-06
29002,CACHOEIRA,817.37,34.02,49.47,2.05,0.41,2004-07-07
29002,CACHOEIRA,817.39,34.17,49.67,2.83,0.41,2004-07-08
29002,CACHOEIRA,817.42,34.38,49.98,4.16,0.41,2004-07-09
29002,CACHOEIRA,817.45,34.59,50.29,2.69,0.41,2004-07-10
29002,CACHOEIRA,817.52,35.08,51.0,8.05,0.41,2004-07-11
29002,CACHOEIRA,817.61,35.72,51.93,8.05,0.41,2004-07-12
29002,CACHOEIRA,817.69,36.29,52.76,6.78,0.42,2004-07-13
29002,CACHOEIRA,817.78,36.94,53.7,7.08,0.42,2004-07-14
29002,CACHOEIRA,817.84,37.37,54.33,3.0,0.42,2004-07-15
29002,CACHOEIRA,817.81,37.15,54.01,4.95,0.42,2004-07-16
29002,CACHOEIRA,817.71,36.44,52.97,4.01,0.42,2004-07-17
29002,CACHOEIRA,817.63,35.86,52.14,5.57,0.42,2004-07-18
29002,CACHOEIRA,817.57,35.44,51.52,7.26,0.41,2004-07-19
29002,CACHOEIRA,817.69,36.29,52.76,18.0,0.42,2004-07-20
29002,CACHOEIRA,817.87,37.59,54.64,15.66,0.42,2004-07-21
29002,CACHOEIRA,817.99,38.46,55.91,10.21,0.42,2004-07-22
29002,CACHOEIRA,818.11,39.33,57.18,9.92,0.42,2004-07-23
29002,CACHOEIRA,818.03,38.75,56.33,8.95,0.43,2004-07-24
29002,CACHOEIRA,817.89,37.73,54.85,6.3,0.42,2004-07-25
29002,CACHOEIRA,817.75,36.72,53.39,5.95,0.42,2004-07-26
29002,CACHOEIRA,817.61,35.72,51.93,5.75,0.42,2004-07-27
29002,CACHOEIRA,817.49,34.87,50.7,7.19,0.41,2004-07-28
29002,CACHOEIRA,817.36,33.95,49.36,6.08,0.41,2004-07-29
29002,CACHOEIRA,817.23,33.05,48.04,5.6,0.41,2004-07-30
29002,CACHOEIRA,817.22,32.98,47.94,2.95,0.41,2004-07-31
29002,CACHOEIRA,817.23,33.05,48.04,1.05,0.41,2004-08-01
29002,CACHOEIRA,817.23,33.05,48.04,1.05,0.41,2004-08-01
29002,CACHOEIRA,817.23,33.05,48.04,2.92,0.41,2004-08-02
29002,CACHOEIRA,817.24,33.12,48.14,3.99,0.41,2004-08-03
29002,CACHOEIRA,817.23,33.05,48.04,3.27,0.86,2004-08-04
29002,CACHOEIRA,817.22,32.98,47.94,3.66,0.92,2004-08-05
29002,CACHOEIRA,817.23,33.05,48.04,2.72,0.92,2004-08-06
29002,CACHOEIRA,817.23,33.05,48.04,1.94,0.34,2004-08-07
29002,CACHOEIRA,817.21,32.91,47.84,1.42,1.41,2004-08-08
29002,CACHOEIRA,817.19,32.77,47.64,1.71,1.4,2004-08-09
29002,CACHOEIRA,817.19,32.77,47.64,1.66,1.4,2004-08-10
29002,CACHOEIRA,817.19,32.77,47.64,1.86,1.4,2004-08-11
29002,CACHOEIRA,817.2,32.84,47.74,3.3,1.4,2004-08-12
29002,CACHOEIRA,817.2,32.84,47.74,2.71,1.4,2004-08-13
29002,CACHOEIRA,817.18,32.7,47.54,1.05,1.72,2004-08-14
29002,CACHOEIRA,817.16,32.56,47.34,2.86,1.9,2004-08-15
29002,CACHOEIRA,817.12,32.28,46.93,1.09,1.9,2004-08-16
29002,CACHOEIRA,817.14,32.42,47.13,3.57,1.9,2004-08-17
29002,CACHOEIRA,817.17,32.63,47.44,1.7,1.9,2004-08-18
29002,CACHOEIRA,817.18,32.7,47.54,2.68,1.9,2004-08-19
29002,CACHOEIRA,817.18,32.7,47.54,2.5,1.9,2004-08-20
29002,CACHOEIRA,817.18,32.7,47.54,3.12,1.9,2004-08-21
29002,CACHOEIRA,817.17,32.63,47.44,2.28,1.9,2004-08-22
29002,CACHOEIRA,817.15,32.49,47.23,1.99,1.9,2004-08-23
29002,CACHOEIRA,817.17,32.63,47.44,1.12,1.9,2004-08-24
29002,CACHOEIRA,817.21,32.91,47.84,1.94,1.91,2004-08-25
29002,CACHOEIRA,817.24,33.12,48.14,1.69,1.91,2004-08-26
29002,CACHOEIRA,817.26,33.25,48.35,1.87,1.91,2004-08-27
29002,CACHOEIRA,817.27,33.32,48.45,1.9,1.91,2004-08-28
29002,CACHOEIRA,817.28,33.39,48.55,2.54,1.91,2004-08-29
29002,CACHOEIRA,817.28,33.39,48.55,1.08,1.91,2004-08-30
29002,CACHOEIRA,817.27,33.32,48.45,1.09,1.91,2004-08-31
29002,CACHOEIRA,817.25,33.19,48.25,2.16,2.29,2004-09-01
29002,CACHOEIRA,817.25,33.19,48.25,2.16,2.29,2004-09-01
29002,CACHOEIRA,817.26,33.25,48.35,0.98,3.41,2004-09-02
29002,CACHOEIRA,817.29,33.46,48.65,0.96,3.41,2004-09-03
29002,CACHOEIRA,817.3,33.53,48.75,1.02,3.41,2004-09-04
29002,CACHOEIRA,817.31,33.6,48.86,0.98,3.41,2004-09-05
29002,CACHOEIRA,817.31,33.6,48.86,1.03,3.42,2004-09-06
29002,CACHOEIRA,817.29,33.46,48.65,1.09,3.42,2004-09-07
29002,CACHOEIRA,817.26,33.25,48.35,1.1,3.41,2004-09-08
29002,CACHOEIRA,817.29,33.46,48.65,0.99,3.41,2004-09-09
29002,CACHOEIRA,817.33,33.74,49.06,1.02,3.42,2004-09-10
29002,CACHOEIRA,817.34,33.81,49.16,0.24,3.43,2004-09-11
29002,CACHOEIRA,817.35,33.88,49.26,1.01,3.43,2004-09-12
29002,CACHOEIRA,817.35,33.88,49.26,1.03,3.43,2004-09-13
29002,CACHOEIRA,817.33,33.74,49.06,1.04,3.43,2004-09-14
29002,CACHOEIRA,817.32,33.67,48.96,2.28,3.42,2004-09-15
29002,CACHOEIRA,817.28,33.39,48.55,1.08,3.42,2004-09-16
29002,CACHOEIRA,817.27,33.32,48.45,1.02,3.41,2004-09-17
29002,CACHOEIRA,817.29,33.46,48.65,1.36,3.41,2004-09-18
29002,CACHOEIRA,817.37,34.02,49.47,7.17,3.42,2004-09-19
29002,CACHOEIRA,817.4,34.24,49.77,3.73,3.42,2004-09-20
29002,CACHOEIRA,817.4,34.24,49.77,1.0,3.44,2004-09-21
29002,CACHOEIRA,817.41,34.31,49.88,2.55,3.44,2004-09-22
29002,CACHOEIRA,817.41,34.31,49.88,1.01,3.44,2004-09-23
29002,CACHOEIRA,817.55,35.3,51.31,0.77,3.45,2004-09-24
29002,CACHOEIRA,817.67,36.15,52.56,0.89,3.48,2004-09-25
29002,CACHOEIRA,817.77,36.87,53.6,0.85,3.5,2004-09-26
29002,CACHOEIRA,817.87,37.59,54.64,0.86,3.51,2004-09-27
29002,CACHOEIRA,817.95,38.17,55.49,0.93,3.53,2004-09-28
29002,CACHOEIRA,817.94,38.09,55.38,1.01,3.54,2004-09-29
29002,CACHOEIRA,817.87,37.59,54.64,1.09,3.53,2004-09-30
29002,CACHOEIRA,817.84,37.37,54.33,0.51,3.45,2004-10-01
29002,CACHOEIRA,817.84,37.37,54.33,0.51,3.45,2004-10-01
29002,CACHOEIRA,817.77,36.87,53.6,1.1,3.21,2004-10-02
29002,CACHOEIRA,817.72,36.51,53.08,1.46,3.2,2004-10-03
29002,CACHOEIRA,817.68,36.22,52.66,2.84,3.19,2004-10-04
29002,CACHOEIRA,817.62,35.79,52.04,1.46,3.22,2004-10-05
29002,CACHOEIRA,817.56,35.37,51.42,1.99,3.22,2004-10-06
29002,CACHOEIRA,817.45,34.59,50.29,1.18,3.16,2004-10-07
29002,CACHOEIRA,817.35,33.88,49.26,1.18,3.21,2004-10-08
29002,CACHOEIRA,817.24,33.12,48.14,1.21,3.2,2004-10-09
29002,CACHOEIRA,817.14,32.42,47.13,1.2,3.18,2004-10-10
29002,CACHOEIRA,817.08,32.01,46.53,1.13,3.22,2004-10-11
29002,CACHOEIRA,817.18,32.7,47.54,4.22,3.22,2004-10-12
29002,CACHOEIRA,817.26,33.25,48.35,3.05,3.24,2004-10-13
29002,CACHOEIRA,817.2,32.84,47.74,4.13,3.24,2004-10-14
29002,CACHOEIRA,817.15,32.49,47.23,3.58,1.38,2004-10-15
29002,CACHOEIRA,817.14,32.42,47.13,2.08,1.0,2004-10-16
29002,CACHOEIRA,817.15,32.49,47.23,1.82,1.0,2004-10-17
29002,CACHOEIRA,817.16,32.56,47.34,5.42,1.01,2004-10-18
29002,CACHOEIRA,817.13,32.35,47.03,2.19,1.01,2004-10-19
29002,CACHOEIRA,817.25,33.19,48.25,6.41,1.01,2004-10-20
29002,CACHOEIRA,817.33,33.74,49.06,4.11,1.02,2004-10-21
29002,CACHOEIRA,817.3,33.53,48.75,2.42,1.02,2004-10-22
29002,CACHOEIRA,817.27,33.32,48.45,2.52,1.02,2004-10-23
29002,CACHOEIRA,817.22,32.98,47.94,1.13,1.01,2004-10-24
29002,CACHOEIRA,817.18,32.7,47.54,2.03,1.01,2004-10-25
29002,CACHOEIRA,817.25,33.19,48.25,4.94,1.01,2004-10-26
29002,CACHOEIRA,817.43,34.45,50.08,5.0,1.02,2004-10-27
29002,CACHOEIRA,817.44,34.52,50.18,3.85,1.02,2004-10-28
29002,CACHOEIRA,817.39,34.17,49.67,1.4,1.02,2004-10-29
29002,CACHOEIRA,817.34,33.81,49.16,1.87,1.02,2004-10-30
29002,CACHOEIRA,817.28,33.39,48.55,1.13,1.02,2004-10-31
29002,CACHOEIRA,817.22,32.98,47.94,1.38,0.92,2004-11-01
29002,CACHOEIRA,817.22,32.98,47.94,1.38,0.92,2004-11-01
29002,CACHOEIRA,817.16,32.56,47.34,1.21,0.6,2004-11-02
29002,CACHOEIRA,817.09,32.07,46.63,1.15,0.59,2004-11-03
29002,CACHOEIRA,817.01,31.52,45.83,1.2,1.12,2004-11-04
29002,CACHOEIRA,816.91,30.84,44.83,1.26,1.5,2004-11-05
29002,CACHOEIRA,816.87,30.56,44.43,4.52,1.5,2004-11-06
29002,CACHOEIRA,816.91,30.84,44.83,10.84,1.5,2004-11-07
29002,CACHOEIRA,816.96,31.18,45.33,11.58,1.5,2004-11-08
29002,CACHOEIRA,816.93,30.97,45.03,4.96,1.49,2004-11-09
29002,CACHOEIRA,816.87,30.56,44.43,2.38,1.49,2004-11-10
29002,CACHOEIRA,816.81,30.15,43.84,2.47,1.49,2004-11-11
29002,CACHOEIRA,816.74,29.68,43.15,1.96,1.48,2004-11-12
29002,CACHOEIRA,816.67,29.21,42.46,2.19,1.47,2004-11-13
29002,CACHOEIRA,816.58,28.6,41.58,1.3,1.47,2004-11-14
29002,CACHOEIRA,816.49,28.0,40.7,1.28,1.46,2004-11-15
29002,CACHOEIRA,816.46,27.8,40.41,3.16,1.45,2004-11-16
29002,CACHOEIRA,816.58,28.6,41.58,15.82,0.7,2004-11-17
29002,CACHOEIRA,816.6,28.73,41.78,15.7,0.5,2004-11-18
29002,CACHOEIRA,816.62,28.87,41.97,12.2,0.5,2004-11-19
29002,CACHOEIRA,816.68,29.27,42.56,9.07,0.5,2004-11-20
29002,CACHOEIRA,816.71,29.48,42.85,6.42,0.51,2004-11-21
29002,CACHOEIRA,816.71,29.48,42.85,5.44,0.51,2004-11-22
29002,CACHOEIRA,816.65,29.07,42.26,1.39,0.5,2004-11-23
29002,CACHOEIRA,816.58,28.6,41.58,1.96,0.5,2004-11-24
29002,CACHOEIRA,816.5,28.06,40.8,1.35,0.5,2004-11-25
29002,CACHOEIRA,816.42,27.53,40.03,1.23,0.5,2004-11-26
29002,CACHOEIRA,816.29,26.67,38.77,1.36,1.73,2004-11-27
29002,CACHOEIRA,816.16,25.81,37.53,1.35,1.96,2004-11-28
29002,CACHOEIRA,816.1,25.42,36.96,4.35,1.59,2004-11-29
29002,CACHOEIRA,816.15,25.75,37.43,7.61,0.51,2004-11-30
29002,CACHOEIRA,816.19,26.01,37.82,7.16,0.51,2004-12-01
29002,CACHOEIRA,816.19,26.01,37.82,7.16,0.51,2004-12-01
29002,CACHOEIRA,816.17,25.88,37.63,1.05,0.5,2004-12-02
29002,CACHOEIRA,816.1,25.42,36.96,2.27,0.5,2004-12-03
29002,CACHOEIRA,816.03,24.97,36.3,3.22,0.5,2004-12-04
29002,CACHOEIRA,815.95,24.45,35.54,2.39,0.5,2004-12-05
29002,CACHOEIRA,815.86,23.86,34.7,1.67,0.5,2004-12-06
29002,CACHOEIRA,815.77,23.29,33.85,1.31,0.5,2004-12-07
29002,CACHOEIRA,815.78,23.35,33.95,8.14,0.5,2004-12-08
29002,CACHOEIRA,815.88,23.99,34.88,14.14,0.5,2004-12-09
29002,CACHOEIRA,815.86,23.86,34.7,8.03,0.5,2004-12-10
29002,CACHOEIRA,815.8,23.48,34.13,3.63,0.5,2004-12-11
29002,CACHOEIRA,815.7,22.84,33.2,1.29,0.5,2004-12-12
29002,CACHOEIRA,815.61,22.27,32.37,1.27,0.5,2004-12-13
29002,CACHOEIRA,815.5,21.57,31.36,1.33,0.49,2004-12-14
29002,CACHOEIRA,815.54,21.82,31.72,0.92,0.49,2004-12-15
29002,CACHOEIRA,815.44,21.19,30.81,1.29,0.49,2004-12-16
29002,CACHOEIRA,815.39,20.88,30.35,1.14,0.48,2004-12-17
29002,CACHOEIRA,815.36,20.69,30.08,1.08,0.48,2004-12-18
29002,CACHOEIRA,815.33,20.5,29.8,1.11,0.48,2004-12-19
29002,CACHOEIRA,815.3,20.31,29.53,1.13,0.5,2004-12-20
29002,CACHOEIRA,815.29,20.25,29.44,1.03,0.51,2004-12-21
29002,CACHOEIRA,815.31,20.38,29.62,0.97,0.51,2004-12-22
29002,CACHOEIRA,815.33,20.5,29.8,1.01,0.51,2004-12-23
29002,CACHOEIRA,815.35,20.63,29.99,0.95,0.51,2004-12-24
29002,CACHOEIRA,815.34,20.56,29.9,1.04,0.51,2004-12-25
29002,CACHOEIRA,815.32,20.44,29.71,1.08,0.51,2004-12-26
29002,CACHOEIRA,815.46,21.32,30.99,9.13,0.52,2004-12-27
29002,CACHOEIRA,815.59,22.14,32.19,12.51,0.52,2004-12-28
29002,CACHOEIRA,815.53,21.76,31.63,1.22,0.52,2004-12-29
29002,CACHOEIRA,815.52,21.7,31.54,0.97,0.5,2004-12-30
29002,CACHOEIRA,815.52,21.7,31.54,1.0,0.5,2004-12-31
29002,CACHOEIRA,815.51,21.63,31.45,1.08,0.52,2005-01-01
29002,CACHOEIRA,815.51,21.63,31.45,1.08,0.52,2005-01-01
29002,CACHOEIRA,815.48,21.44,31.17,1.11,0.52,2005-01-02
29002,CACHOEIRA,815.47,21.38,31.08,1.06,0.52,2005-01-03
29002,CACHOEIRA,815.53,21.76,31.63,0.88,0.52,2005-01-04
29002,CACHOEIRA,815.57,22.01,32.0,4.79,0.52,2005-01-05
29002,CACHOEIRA,815.59,22.14,32.19,6.2,0.45,2005-01-06
29002,CACHOEIRA,815.62,22.33,32.46,7.09,0.4,2005-01-07
29002,CACHOEIRA,815.62,22.33,32.46,5.75,0.4,2005-01-08
29002,CACHOEIRA,815.65,22.52,32.74,8.71,0.4,2005-01-09
29002,CACHOEIRA,815.69,22.77,33.11,8.85,0.4,2005-01-10
29002,CACHOEIRA,815.64,22.46,32.65,5.59,0.4,2005-01-11
29002,CACHOEIRA,815.76,23.22,33.76,14.54,0.41,2005-01-12
29002,CACHOEIRA,815.82,23.61,34.32,11.51,0.41,2005-01-13
29002,CACHOEIRA,815.87,23.93,34.79,10.28,0.41,2005-01-14
29002,CACHOEIRA,815.91,24.19,35.16,9.0,0.41,2005-01-15
29002,CACHOEIRA,815.74,23.09,33.58,1.83,0.41,2005-01-16
29002,CACHOEIRA,815.7,22.84,33.2,19.4,0.41,2005-01-17
29002,CACHOEIRA,815.7,22.84,33.2,9.48,0.41,2005-01-18
29002,CACHOEIRA,815.91,24.19,35.16,17.23,0.41,2005-01-19
29002,CACHOEIRA,816.12,25.55,37.15,14.98,0.41,2005-01-20
29002,CACHOEIRA,816.37,27.2,39.54,16.81,0.42,2005-01-21
29002,CACHOEIRA,816.6,28.73,41.78,17.18,0.43,2005-01-22
29002,CACHOEIRA,816.8,30.09,43.74,14.42,0.46,2005-01-23
29002,CACHOEIRA,816.98,31.32,45.53,11.63,0.44,2005-01-24
29002,CACHOEIRA,816.9,30.77,44.73,10.68,0.44,2005-01-25
29002,CACHOEIRA,816.93,30.97,45.03,21.96,0.44,2005-01-26
29002,CACHOEIRA,817.05,31.8,46.23,30.11,0.44,2005-01-27
29002,CACHOEIRA,817.03,31.66,46.03,17.37,0.44,2005-01-28
29002,CACHOEIRA,816.99,31.39,45.63,17.0,0.44,2005-01-29
29002,CACHOEIRA,816.92,30.91,44.93,14.44,0.44,2005-01-30
29002,CACHOEIRA,816.84,30.36,44.14,13.7,0.44,2005-01-31
29002,CACHOEIRA,816.72,29.54,42.95,10.99,0.43,2005-02-01
29002,CACHOEIRA,816.72,29.54,42.95,10.99,0.43,2005-02-01
29002,CACHOEIRA,816.64,29.0,42.17,13.34,0.43,2005-02-02
29002,CACHOEIRA,816.63,28.94,42.07,17.81,0.43,2005-02-03
29002,CACHOEIRA,816.73,29.61,43.05,28.26,0.43,2005-02-04
29002,CACHOEIRA,816.72,29.54,42.95,19.38,0.43,2005-02-05
29002,CACHOEIRA,816.66,29.14,42.36,14.8,0.43,2005-02-06
29002,CACHOEIRA,816.59,28.67,41.68,13.21,0.43,2005-02-07
29002,CACHOEIRA,816.48,27.93,40.61,11.01,0.43,2005-02-08
29002,CACHOEIRA,816.35,27.07,39.35,10.11,0.42,2005-02-09
29002,CACHOEIRA,816.23,26.27,38.2,10.46,0.42,2005-02-10
29002,CACHOEIRA,816.09,25.36,36.86,8.5,0.42,2005-02-11
29002,CACHOEIRA,816.1,25.42,36.96,10.24,0.42,2005-02-12
29002,CACHOEIRA,816.13,25.62,37.24,9.68,0.42,2005-02-13
29002,CACHOEIRA,816.18,25.95,37.72,10.68,0.42,2005-02-14
29002,CACHOEIRA,816.23,26.27,38.2,12.8,0.42,2005-02-15
29002,CACHOEIRA,816.23,26.27,38.2,9.06,0.42,2005-02-16
29002,CACHOEIRA,816.22,26.21,38.1,7.99,0.42,2005-02-17
29002,CACHOEIRA,816.22,26.21,38.1,8.49,0.42,2005-02-18
29002,CACHOEIRA,816.22,26.21,38.1,8.15,0.42,2005-02-19
29002,CACHOEIRA,816.22,26.21,38.1,7.59,0.42,2005-02-20
29002,CACHOEIRA,816.22,26.21,38.1,7.21,0.42,2005-02-21
29002,CACHOEIRA,816.03,24.97,36.3,8.64,0.42,2005-02-22
29002,CACHOEIRA,815.99,24.71,35.92,3.77,1.15,2005-02-23
29002,CACHOEIRA,815.96,24.51,35.63,3.98,2.01,2005-02-24
29002,CACHOEIRA,815.92,24.25,35.26,4.51,2.01,2005-02-25
29002,CACHOEIRA,815.94,24.38,35.45,5.13,2.01,2005-02-26
29002,CACHOEIRA,815.98,24.64,35.82,5.03,2.01,2005-02-27
29002,CACHOEIRA,816.05,25.1,36.48,14.56,2.02,2005-02-28
29002,CACHOEIRA,816.15,25.75,37.43,8.84,2.03,2005-03-01
29002,CACHOEIRA,816.15,25.75,37.43,8.84,2.03,2005-03-01
29002,CACHOEIRA,816.24,26.34,38.29,7.86,2.04,2005-03-02
29002,CACHOEIRA,816.18,25.95,37.72,5.23,2.04,2005-03-03
29002,CACHOEIRA,816.15,25.75,37.43,6.55,2.04,2005-03-04
29002,CACHOEIRA,816.12,25.55,37.15,7.62,3.03,2005-03-05
29002,CACHOEIRA,816.13,25.62,37.24,8.93,1.32,2005-03-06
29002,CACHOEIRA,816.11,25.49,37.05,6.47,1.0,2005-03-07
29002,CACHOEIRA,816.11,25.49,37.05,8.08,1.0,2005-03-08
29002,CACHOEIRA,816.07,25.23,36.67,2.71,1.0,2005-03-09
29002,CACHOEIRA,816.1,25.42,36.96,5.01,1.0,2005-03-10
29002,CACHOEIRA,816.11,25.49,37.05,4.88,2.36,2005-03-11
29002,CACHOEIRA,816.1,25.42,36.96,4.01,2.55,2005-03-12
29002,CACHOEIRA,816.1,25.42,36.96,4.98,2.55,2005-03-13
29002,CACHOEIRA,816.09,25.36,36.86,4.37,2.55,2005-03-14
29002,CACHOEIRA,816.1,25.42,36.96,4.6,2.55,2005-03-15
29002,CACHOEIRA,816.47,27.86,40.51,22.86,2.58,2005-03-16
29002,CACHOEIRA,816.59,28.67,41.68,10.57,1.34,2005-03-17
29002,CACHOEIRA,816.69,29.34,42.66,8.48,1.02,2005-03-18
29002,CACHOEIRA,816.83,30.29,44.04,11.17,1.02,2005-03-19
29002,CACHOEIRA,816.95,31.11,45.23,9.06,1.03,2005-03-20
29002,CACHOEIRA,817.09,32.07,46.63,10.13,1.04,2005-03-21
29002,CACHOEIRA,817.22,32.98,47.94,10.86,1.04,2005-03-22
29002,CACHOEIRA,817.29,33.46,48.65,13.19,0.64,2005-03-23
29002,CACHOEIRA,817.31,33.6,48.86,9.69,0.5,2005-03-24
29002,CACHOEIRA,817.53,35.15,51.11,25.18,0.51,2005-03-25
29002,CACHOEIRA,817.69,36.29,52.76,19.28,0.51,2005-03-26
29002,CACHOEIRA,817.77,36.87,53.6,16.13,0.52,2005-03-27
29002,CACHOEIRA,817.82,37.23,54.12,13.27,0.52,2005-03-28
29002,CACHOEIRA,817.79,37.01,53.81,13.06,0.52,2005-03-29
29002,CACHOEIRA,817.63,35.86,52.14,10.77,0.52,2005-03-30
29002,CACHOEIRA,817.49,34.87,50.7,12.46,0.51,2005-03-31
29002,CACHOEIRA,817.32,33.67,48.96,9.88,0.51,2005-04-01
29002,CACHOEIRA,817.32,33.67,48.96,9.88,0.51,2005-04-01
29002,CACHOEIRA,817.12,32.28,46.93,7.33,0.5,2005-04-02
29002,CACHOEIRA,816.92,30.91,44.93,7.18,0.5,2005-04-03
29002,CACHOEIRA,816.73,29.61,43.05,7.84,0.49,2005-04-04
29002,CACHOEIRA,816.55,28.4,41.29,8.5,0.5,2005-04-05
29002,CACHOEIRA,816.57,28.53,41.48,8.97,0.5,2005-04-06
29002,CACHOEIRA,816.65,29.07,42.26,11.8,0.5,2005-04-07
29002,CACHOEIRA,816.7,29.41,42.76,9.6,0.5,2005-04-08
29002,CACHOEIRA,816.77,29.88,43.44,11.35,0.51,2005-04-09
29002,CACHOEIRA,816.91,30.84,44.83,17.07,0.51,2005-04-10
29002,CACHOEIRA,817.01,31.52,45.83,14.22,0.51,2005-04-11
29002,CACHOEIRA,817.02,31.59,45.93,7.24,0.51,2005-04-12
29002,CACHOEIRA,817.02,31.59,45.93,6.49,0.51,2005-04-13
29002,CACHOEIRA,817.02,31.59,45.93,5.39,0.51,2005-04-14
29002,CACHOEIRA,817.01,31.52,45.83,5.75,0.51,2005-04-15
29002,CACHOEIRA,817.0,31.45,45.73,5.78,0.51,2005-04-16
29002,CACHOEIRA,816.98,31.32,45.53,5.07,0.51,2005-04-17
29002,CACHOEIRA,816.95,31.11,45.23,4.28,0.51,2005-04-18
29002,CACHOEIRA,816.95,31.11,45.23,5.29,0.51,2005-04-19
29002,CACHOEIRA,816.97,31.25,45.43,5.93,0.51,2005-04-20
29002,CACHOEIRA,816.98,31.32,45.53,6.14,1.42,2005-04-21
29002,CACHOEIRA,817.01,31.52,45.83,8.47,2.01,2005-04-22
29002,CACHOEIRA,817.04,31.73,46.13,8.59,2.02,2005-04-23
29002,CACHOEIRA,817.05,31.8,46.23,7.1,2.02,2005-04-24
29002,CACHOEIRA,817.05,31.8,46.23,6.42,2.02,2005-04-25
29002,CACHOEIRA,817.04,31.73,46.13,5.68,2.02,2005-04-26
29002,CACHOEIRA,817.04,31.73,46.13,6.52,2.02,2005-04-27
29002,CACHOEIRA,817.05,31.8,46.23,7.47,2.02,2005-04-28
29002,CACHOEIRA,817.06,31.87,46.33,7.54,2.02,2005-04-29
29002,CACHOEIRA,817.09,32.07,46.63,6.15,2.02,2005-04-30
29002,CACHOEIRA,817.11,32.21,46.83,3.67,2.02,2005-05-01
29002,CACHOEIRA,817.11,32.21,46.83,3.67,2.02,2005-05-01
29002,CACHOEIRA,817.15,32.49,47.23,5.37,2.03,2005-05-02
29002,CACHOEIRA,817.12,32.28,46.93,3.54,2.03,2005-05-03
29002,CACHOEIRA,817.12,32.28,46.93,2.66,2.03,2005-05-04
29002,CACHOEIRA,817.13,32.35,47.03,2.93,2.03,2005-05-05
29002,CACHOEIRA,817.14,32.42,47.13,2.93,2.03,2005-05-06
29002,CACHOEIRA,817.14,32.42,47.13,2.72,2.55,2005-05-07
29002,CACHOEIRA,817.13,32.35,47.03,2.49,2.99,2005-05-08
29002,CACHOEIRA,817.09,32.07,46.63,1.27,2.98,2005-05-09
29002,CACHOEIRA,817.09,32.07,46.63,2.14,3.01,2005-05-10
29002,CACHOEIRA,817.07,31.94,46.43,1.11,3.01,2005-05-11
29002,CACHOEIRA,817.07,31.94,46.43,1.03,3.01,2005-05-12
29002,CACHOEIRA,817.08,32.01,46.53,1.1,3.01,2005-05-13
29002,CACHOEIRA,817.08,32.01,46.53,1.03,3.01,2005-05-14
29002,CACHOEIRA,817.08,32.01,46.53,1.1,3.01,2005-05-15
29002,CACHOEIRA,817.07,31.94,46.43,1.02,3.01,2005-05-16
29002,CACHOEIRA,817.06,31.87,46.33,1.04,3.01,2005-05-17
29002,CACHOEIRA,817.06,31.87,46.33,1.0,3.01,2005-05-18
29002,CACHOEIRA,817.08,32.01,46.53,1.84,3.01,2005-05-19
29002,CACHOEIRA,817.09,32.07,46.63,1.33,3.01,2005-05-20
29002,CACHOEIRA,817.08,32.01,46.53,1.66,3.01,2005-05-21
29002,CACHOEIRA,817.08,32.01,46.53,3.2,3.01,2005-05-22
29002,CACHOEIRA,817.1,32.14,46.73,5.01,3.01,2005-05-23
29002,CACHOEIRA,817.09,32.07,46.63,2.64,3.02,2005-05-24
29002,CACHOEIRA,817.28,33.39,48.55,19.99,2.04,2005-05-25
29002,CACHOEIRA,818.01,38.6,56.12,60.8,0.71,2005-05-26
29002,CACHOEIRA,818.26,40.43,58.78,21.48,0.53,2005-05-27
29002,CACHOEIRA,818.29,40.66,59.11,5.82,0.53,2005-05-28
29002,CACHOEIRA,818.3,40.73,59.21,3.76,0.53,2005-05-29
29002,CACHOEIRA,818.3,40.73,59.21,2.79,0.53,2005-05-30
29002,CACHOEIRA,818.3,40.73,59.21,3.41,0.53,2005-05-31
29002,CACHOEIRA,818.29,40.66,59.11,2.68,0.53,2005-06-01
29002,CACHOEIRA,818.29,40.66,59.11,2.68,0.53,2005-06-01
29002,CACHOEIRA,818.27,40.51,58.89,1.87,0.53,2005-06-02
29002,CACHOEIRA,818.25,40.36,58.68,1.9,0.53,2005-06-03
29002,CACHOEIRA,818.23,40.21,58.46,1.93,0.53,2005-06-04
29002,CACHOEIRA,818.21,40.07,58.25,2.03,0.53,2005-06-05
29002,CACHOEIRA,818.18,39.84,57.93,1.21,0.53,2005-06-06
29002,CACHOEIRA,818.15,39.62,57.61,1.81,1.1,2005-06-07
29002,CACHOEIRA,818.16,39.7,57.71,2.85,1.5,2005-06-08
29002,CACHOEIRA,818.19,39.92,58.03,3.21,1.5,2005-06-09
29002,CACHOEIRA,818.22,40.14,58.35,4.41,1.5,2005-06-10
29002,CACHOEIRA,818.24,40.29,58.57,3.74,1.5,2005-06-11
29002,CACHOEIRA,818.25,40.36,58.68,2.95,1.5,2005-06-12
29002,CACHOEIRA,818.27,40.51,58.89,4.04,1.5,2005-06-13
29002,CACHOEIRA,818.29,40.66,59.11,2.48,1.5,2005-06-14
29002,CACHOEIRA,818.29,40.66,59.11,1.12,1.5,2005-06-15
29002,CACHOEIRA,818.31,40.8,59.32,2.45,1.55,2005-06-16
29002,CACHOEIRA,818.35,41.1,59.75,4.46,1.51,2005-06-17
29002,CACHOEIRA,818.37,41.25,59.97,3.58,1.97,2005-06-18
29002,CACHOEIRA,818.36,41.17,59.86,1.81,2.52,2005-06-19
29002,CACHOEIRA,818.34,41.03,59.64,1.08,2.52,2005-06-20
29002,CACHOEIRA,818.35,41.1,59.75,4.1,2.52,2005-06-21
29002,CACHOEIRA,818.37,41.25,59.97,4.27,2.52,2005-06-22
29002,CACHOEIRA,818.38,41.32,60.08,3.43,2.52,2005-06-23
29002,CACHOEIRA,818.4,41.47,60.29,1.34,2.52,2005-06-24
29002,CACHOEIRA,818.43,41.69,60.62,2.44,2.52,2005-06-25
29002,CACHOEIRA,818.45,41.84,60.83,1.89,2.53,2005-06-26
29002,CACHOEIRA,818.46,41.92,60.94,1.03,2.53,2005-06-27
29002,CACHOEIRA,818.46,41.92,60.94,1.13,2.53,2005-06-28
29002,CACHOEIRA,818.49,42.14,61.27,3.51,2.53,2005-06-29
29002,CACHOEIRA,818.5,42.22,61.38,1.99,2.53,2005-06-30
29002,CACHOEIRA,818.53,42.44,61.7,3.85,2.54,2005-07-01
29002,CACHOEIRA,818.53,42.44,61.7,3.85,2.54,2005-07-01
29002,CACHOEIRA,818.54,42.52,61.81,2.34,2.54,2005-07-02
29002,CACHOEIRA,818.54,42.52,61.81,1.62,2.54,2005-07-03
29002,CACHOEIRA,818.53,42.44,61.7,2.25,2.54,2005-07-04
29002,CACHOEIRA,818.52,42.37,61.59,1.22,2.54,2005-07-05
29002,CACHOEIRA,818.51,42.29,61.48,1.34,2.54,2005-07-06
29002,CACHOEIRA,818.5,42.22,61.38,1.75,2.54,2005-07-07
29002,CACHOEIRA,818.5,42.22,61.38,2.89,2.53,2005-07-08
29002,CACHOEIRA,818.5,42.22,61.38,3.18,2.53,2005-07-09
29002,CACHOEIRA,818.49,42.14,61.27,1.31,2.53,2005-07-10
29002,CACHOEIRA,818.47,41.99,61.05,1.82,2.53,2005-07-11
29002,CACHOEIRA,818.43,41.69,60.62,1.06,2.53,2005-07-12
29002,CACHOEIRA,818.4,41.47,60.29,1.38,2.52,2005-07-13
29002,CACHOEIRA,818.36,41.17,59.86,1.16,2.52,2005-07-14
29002,CACHOEIRA,818.33,40.95,59.54,1.2,2.52,2005-07-15
29002,CACHOEIRA,818.28,40.58,59.0,1.14,2.51,2005-07-16
29002,CACHOEIRA,818.24,40.29,58.57,1.23,2.5,2005-07-17
29002,CACHOEIRA,818.19,39.92,58.03,1.08,2.5,2005-07-18
29002,CACHOEIRA,818.14,39.55,57.5,1.1,2.49,2005-07-19
29002,CACHOEIRA,818.1,39.26,57.07,1.92,2.49,2005-07-20
29002,CACHOEIRA,818.04,38.82,56.44,1.08,2.48,2005-07-21
29002,CACHOEIRA,817.99,38.46,55.91,1.62,2.47,2005-07-22
29002,CACHOEIRA,817.93,38.02,55.27,1.11,2.47,2005-07-23
29002,CACHOEIRA,817.87,37.59,54.64,1.16,2.46,2005-07-24
29002,CACHOEIRA,817.83,37.3,54.22,2.57,2.45,2005-07-25
29002,CACHOEIRA,817.92,37.95,55.17,2.14,2.51,2005-07-26
29002,CACHOEIRA,817.98,38.38,55.8,0.92,2.52,2005-07-27
29002,CACHOEIRA,817.94,38.09,55.38,1.05,2.52,2005-07-28
29002,CACHOEIRA,817.93,38.02,55.27,1.09,2.52,2005-07-29
29002,CACHOEIRA,817.94,38.09,55.38,1.05,2.52,2005-07-30
29002,CACHOEIRA,817.9,37.8,54.96,1.06,2.52,2005-07-31
29002,CACHOEIRA,817.86,37.51,54.54,1.06,2.51,2005-08-01
29002,CACHOEIRA,817.86,37.51,54.54,1.06,2.51,2005-08-01
29002,CACHOEIRA,817.83,37.3,54.22,1.08,2.51,2005-08-02
29002,CACHOEIRA,817.79,37.01,53.81,1.07,2.5,2005-08-03
29002,CACHOEIRA,817.75,36.72,53.39,1.08,2.5,2005-08-04
29002,CACHOEIRA,817.71,36.44,52.97,1.08,2.49,2005-08-05
29002,CACHOEIRA,817.67,36.15,52.56,1.08,2.49,2005-08-06
29002,CACHOEIRA,817.62,35.79,52.04,1.13,2.48,2005-08-07
29002,CACHOEIRA,817.59,35.58,51.73,1.14,2.48,2005-08-08
29002,CACHOEIRA,817.55,35.3,51.31,1.1,2.47,2005-08-09
29002,CACHOEIRA,817.52,35.08,51.0,1.86,2.47,2005-08-10
29002,CACHOEIRA,817.49,34.87,50.7,1.84,2.47,2005-08-11
29002,CACHOEIRA,817.43,34.45,50.08,1.11,2.46,2005-08-12
29002,CACHOEIRA,817.44,34.52,50.18,2.3,2.46,2005-08-13
29002,CACHOEIRA,817.48,34.8,50.59,4.35,2.46,2005-08-14
29002,CACHOEIRA,817.52,35.08,51.0,5.24,2.46,2005-08-15
29002,CACHOEIRA,817.53,35.15,51.11,3.83,2.47,2005-08-16
29002,CACHOEIRA,817.54,35.22,51.21,4.66,2.47,2005-08-17
29002,CACHOEIRA,817.54,35.22,51.21,4.64,2.47,2005-08-18
29002,CACHOEIRA,817.54,35.22,51.21,5.43,2.47,2005-08-19
29002,CACHOEIRA,817.51,35.01,50.9,1.58,3.5,2005-08-20
29002,CACHOEIRA,817.49,34.87,50.7,2.5,3.49,2005-08-21
29002,CACHOEIRA,817.45,34.59,50.29,1.63,3.49,2005-08-22
29002,CACHOEIRA,817.46,34.66,50.39,1.11,3.48,2005-08-23
29002,CACHOEIRA,817.46,34.66,50.39,1.07,3.89,2005-08-24
29002,CACHOEIRA,817.45,34.59,50.29,1.42,4.46,2005-08-25
29002,CACHOEIRA,817.42,34.38,49.98,1.25,4.96,2005-08-26
29002,CACHOEIRA,817.4,34.24,49.77,1.76,3.88,2005-08-27
29002,CACHOEIRA,817.38,34.1,49.57,1.54,3.51,2005-08-28
29002,CACHOEIRA,817.38,34.1,49.57,4.24,3.51,2005-08-29
29002,CACHOEIRA,817.35,33.88,49.26,2.61,3.5,2005-08-30
29002,CACHOEIRA,817.31,33.6,48.86,2.55,3.5,2005-08-31
29002,CACHOEIRA,817.26,33.25,48.35,2.45,3.49,2005-09-01
29002,CACHOEIRA,817.26,33.25,48.35,2.45,3.49,2005-09-01
29002,CACHOEIRA,817.3,33.53,48.75,3.92,3.49,2005-09-02
29002,CACHOEIRA,817.36,33.95,49.36,3.4,3.5,2005-09-03
29002,CACHOEIRA,817.39,34.17,49.67,1.74,3.51,2005-09-04
29002,CACHOEIRA,817.4,34.24,49.77,0.98,3.51,2005-09-05
29002,CACHOEIRA,817.44,34.52,50.18,4.15,3.51,2005-09-06
29002,CACHOEIRA,817.51,35.01,50.9,6.9,3.53,2005-09-07
29002,CACHOEIRA,817.53,35.15,51.11,3.22,3.53,2005-09-08
29002,CACHOEIRA,817.53,35.15,51.11,2.28,3.54,2005-09-09
29002,CACHOEIRA,817.52,35.08,51.0,2.12,3.54,2005-09-10
29002,CACHOEIRA,817.51,35.01,50.9,2.74,3.53,2005-09-11
29002,CACHOEIRA,817.47,34.73,50.49,1.35,3.53,2005-09-12
29002,CACHOEIRA,817.45,34.59,50.29,1.58,3.52,2005-09-13
29002,CACHOEIRA,817.42,34.38,49.98,2.72,3.52,2005-09-14
29002,CACHOEIRA,817.38,34.1,49.57,2.67,3.51,2005-09-15
29002,CACHOEIRA,817.36,33.95,49.36,5.35,3.51,2005-09-16
29002,CACHOEIRA,817.32,33.67,48.96,4.27,3.5,2005-09-17
29002,CACHOEIRA,817.33,33.74,49.06,1.53,3.5,2005-09-18
29002,CACHOEIRA,817.35,33.88,49.26,1.01,3.5,2005-09-19
29002,CACHOEIRA,817.36,33.95,49.36,1.09,3.5,2005-09-20
29002,CACHOEIRA,817.35,33.88,49.26,1.88,3.5,2005-09-21
29002,CACHOEIRA,817.33,33.74,49.06,2.4,3.5,2005-09-22
29002,CACHOEIRA,817.31,33.6,48.86,2.3,3.5,2005-09-23
29002,CACHOEIRA,817.28,33.39,48.55,2.38,3.49,2005-09-24
29002,CACHOEIRA,817.26,33.25,48.35,2.77,3.49,2005-09-25
29002,CACHOEIRA,817.25,33.19,48.25,4.78,3.48,2005-09-26
29002,CACHOEIRA,817.23,33.05,48.04,4.22,3.48,2005-09-27
29002,CACHOEIRA,817.23,33.05,48.04,5.96,3.48,2005-09-28
29002,CACHOEIRA,817.23,33.05,48.04,6.23,3.48,2005-09-29
29002,CACHOEIRA,817.21,32.91,47.84,4.75,3.48,2005-09-30
29002,CACHOEIRA,817.17,32.63,47.44,1.07,3.47,2005-10-01
29002,CACHOEIRA,817.17,32.63,47.44,1.07,3.47,2005-10-01
29002,CACHOEIRA,817.13,32.35,47.03,3.31,3.46,2005-10-02
29002,CACHOEIRA,817.12,32.28,46.93,5.98,3.46,2005-10-03
29002,CACHOEIRA,817.1,32.14,46.73,5.15,3.45,2005-10-04
29002,CACHOEIRA,817.07,31.94,46.43,4.65,3.52,2005-10-05
29002,CACHOEIRA,817.03,31.66,46.03,3.96,3.52,2005-10-06
29002,CACHOEIRA,816.98,31.32,45.53,3.24,3.51,2005-10-07
29002,CACHOEIRA,816.92,30.91,44.93,2.65,3.5,2005-10-08
29002,CACHOEIRA,816.87,30.56,44.43,3.65,3.5,2005-10-09
29002,CACHOEIRA,816.81,30.15,43.84,3.04,3.47,2005-10-10
29002,CACHOEIRA,816.75,29.75,43.25,3.23,3.46,2005-10-11
29002,CACHOEIRA,816.69,29.34,42.66,3.32,3.45,2005-10-12
29002,CACHOEIRA,816.63,28.94,42.07,3.5,3.44,2005-10-13
29002,CACHOEIRA,816.56,28.47,41.39,2.9,3.42,2005-10-14
29002,CACHOEIRA,816.56,28.47,41.39,1.18,3.52,2005-10-15
29002,CACHOEIRA,816.59,28.67,41.68,1.55,3.53,2005-10-16
29002,CACHOEIRA,816.61,28.8,41.87,1.01,3.53,2005-10-17
29002,CACHOEIRA,816.62,28.87,41.97,1.11,3.54,2005-10-18
29002,CACHOEIRA,816.64,29.0,42.17,2.04,3.54,2005-10-19
29002,CACHOEIRA,816.65,29.07,42.26,1.63,3.54,2005-10-20
29002,CACHOEIRA,816.66,29.14,42.36,2.16,3.54,2005-10-21
29002,CACHOEIRA,816.72,29.54,42.95,5.82,3.55,2005-10-22
29002,CACHOEIRA,816.79,30.02,43.64,6.58,3.51,2005-10-23
29002,CACHOEIRA,816.8,30.09,43.74,2.62,3.52,2005-10-24
29002,CACHOEIRA,816.8,30.09,43.74,2.33,3.52,2005-10-25
29002,CACHOEIRA,816.77,29.88,43.44,1.1,3.52,2005-10-26
29002,CACHOEIRA,816.74,29.68,43.15,1.36,3.51,2005-10-27
29002,CACHOEIRA,816.7,29.41,42.76,1.14,3.5,2005-10-28
29002,CACHOEIRA,816.65,29.07,42.26,1.16,3.49,2005-10-29
29002,CACHOEIRA,816.63,28.94,42.07,3.36,3.49,2005-10-30
29002,CACHOEIRA,816.6,28.73,41.78,2.85,3.48,2005-10-31
29002,CACHOEIRA,816.62,28.87,41.97,4.45,3.25,2005-11-01
29002,CACHOEIRA,816.62,28.87,41.97,4.45,3.25,2005-11-01
29002,CACHOEIRA,816.62,28.87,41.97,3.1,2.54,2005-11-02
29002,CACHOEIRA,816.64,29.0,42.17,4.62,2.54,2005-11-03
29002,CACHOEIRA,816.65,29.07,42.26,3.63,2.55,2005-11-04
29002,CACHOEIRA,816.74,29.68,43.15,9.29,2.55,2005-11-05
29002,CACHOEIRA,816.83,30.29,44.04,8.6,2.57,2005-11-06
29002,CACHOEIRA,816.87,30.56,44.43,4.33,2.58,2005-11-07
29002,CACHOEIRA,816.9,30.77,44.73,3.58,2.58,2005-11-08
29002,CACHOEIRA,816.92,30.91,44.93,2.7,2.59,2005-11-09
29002,CACHOEIRA,816.9,30.77,44.73,5.38,2.59,2005-11-10
29002,CACHOEIRA,816.87,30.56,44.43,5.36,2.58,2005-11-11
29002,CACHOEIRA,816.82,30.22,43.94,3.87,2.58,2005-11-12
29002,CACHOEIRA,816.79,30.02,43.64,5.64,2.57,2005-11-13
29002,CACHOEIRA,816.76,29.81,43.35,5.73,2.57,2005-11-14
29002,CACHOEIRA,816.71,29.48,42.85,4.24,2.56,2005-11-15
29002,CACHOEIRA,816.66,29.14,42.36,4.31,2.55,2005-11-16
29002,CACHOEIRA,816.63,28.94,42.07,5.96,2.55,2005-11-17
29002,CACHOEIRA,816.61,28.8,41.87,6.58,2.54,2005-11-18
29002,CACHOEIRA,816.61,28.8,41.87,7.89,2.54,2005-11-19
29002,CACHOEIRA,816.58,28.6,41.58,5.31,2.54,2005-11-20
29002,CACHOEIRA,816.55,28.4,41.29,5.27,2.53,2005-11-21
29002,CACHOEIRA,816.44,27.66,40.22,5.11,2.52,2005-11-22
29002,CACHOEIRA,816.31,26.8,38.97,3.56,2.5,2005-11-23
29002,CACHOEIRA,816.2,26.08,37.91,5.09,2.49,2005-11-24
29002,CACHOEIRA,816.1,25.42,36.96,5.83,2.47,2005-11-25
29002,CACHOEIRA,816.18,25.95,37.72,18.71,2.54,2005-11-26
29002,CACHOEIRA,816.22,26.21,38.1,13.96,2.55,2005-11-27
29002,CACHOEIRA,816.08,25.29,36.77,7.42,2.54,2005-11-28
29002,CACHOEIRA,815.89,24.06,34.98,5.78,2.51,2005-11-29
29002,CACHOEIRA,815.74,23.09,33.58,5.09,2.49,2005-11-30
29002,CACHOEIRA,815.72,22.97,33.39,3.69,2.35,2005-12-01
29002,CACHOEIRA,815.72,22.97,33.39,3.69,2.35,2005-12-01
29002,CACHOEIRA,815.68,22.71,33.02,2.19,2.07,2005-12-02
29002,CACHOEIRA,815.66,22.58,32.83,3.27,1.26,2005-12-03
29002,CACHOEIRA,815.69,22.77,33.11,3.06,1.01,2005-12-04
29002,CACHOEIRA,815.72,22.97,33.39,2.41,1.01,2005-12-05
29002,CACHOEIRA,815.73,23.03,33.48,0.97,1.01,2005-12-06
29002,CACHOEIRA,815.77,23.29,33.85,3.23,1.01,2005-12-07
29002,CACHOEIRA,815.81,23.54,34.23,3.31,1.01,2005-12-08
29002,CACHOEIRA,815.85,23.8,34.6,3.73,1.02,2005-12-09
29002,CACHOEIRA,815.86,23.86,34.7,2.04,1.02,2005-12-10
29002,CACHOEIRA,815.88,23.99,34.88,3.27,1.02,2005-12-11
29002,CACHOEIRA,815.92,24.25,35.26,4.99,1.02,2005-12-12
29002,CACHOEIRA,815.91,24.19,35.16,2.34,1.76,2005-12-13
29002,CACHOEIRA,815.9,24.12,35.07,2.87,2.0,2005-12-14
29002,CACHOEIRA,815.88,23.99,34.88,2.71,2.0,2005-12-15
29002,CACHOEIRA,815.85,23.8,34.6,2.39,2.0,2005-12-16
29002,CACHOEIRA,815.84,23.74,34.51,1.67,2.0,2005-12-17
29002,CACHOEIRA,815.84,23.74,34.51,2.23,2.0,2005-12-18
29002,CACHOEIRA,816.0,24.77,36.01,15.38,0.88,2005-12-19
29002,CACHOEIRA,816.09,25.36,36.86,6.84,0.5,2005-12-20
29002,CACHOEIRA,816.06,25.16,36.58,14.02,0.5,2005-12-21
29002,CACHOEIRA,815.98,24.64,35.82,12.87,0.5,2005-12-22
29002,CACHOEIRA,815.85,23.8,34.6,9.83,0.5,2005-12-23
29002,CACHOEIRA,815.89,24.06,34.98,11.91,0.5,2005-12-24
29002,CACHOEIRA,816.01,24.84,36.11,14.95,0.5,2005-12-25
29002,CACHOEIRA,816.09,25.36,36.86,11.59,0.5,2005-12-26
29002,CACHOEIRA,816.13,25.62,37.24,8.69,0.51,2005-12-27
29002,CACHOEIRA,816.19,26.01,37.82,9.47,0.51,2005-12-28
29002,CACHOEIRA,816.13,25.62,37.24,5.99,0.51,2005-12-29
29002,CACHOEIRA,816.05,25.1,36.48,2.66,0.51,2005-12-30
29002,CACHOEIRA,815.97,24.58,35.73,4.58,0.5,2005-12-31
29002,CACHOEIRA,815.93,24.32,35.35,7.64,0.5,2006-01-01
29002,CACHOEIRA,815.93,24.32,35.35,7.64,0.5,2006-01-01
29002,CACHOEIRA,815.95,24.45,35.54,7.6,0.5,2006-01-02
29002,CACHOEIRA,816.12,25.55,37.15,12.92,0.5,2006-01-03
29002,CACHOEIRA,816.41,27.46,39.93,21.35,0.51,2006-01-04
29002,CACHOEIRA,816.61,28.8,41.87,15.51,0.52,2006-01-05
29002,CACHOEIRA,816.81,30.15,43.84,14.71,0.52,2006-01-06
29002,CACHOEIRA,817.0,31.45,45.73,12.86,0.53,2006-01-07
29002,CACHOEIRA,817.19,32.77,47.64,11.83,0.54,2006-01-08
29002,CACHOEIRA,817.27,33.32,48.45,14.2,0.54,2006-01-09
29002,CACHOEIRA,817.22,32.98,47.94,13.93,0.54,2006-01-10
29002,CACHOEIRA,817.03,31.66,46.03,6.88,0.54,2006-01-11
29002,CACHOEIRA,816.88,30.63,44.53,7.69,0.53,2006-01-12
29002,CACHOEIRA,816.85,30.43,44.24,7.21,0.53,2006-01-13
29002,CACHOEIRA,816.81,30.15,43.84,4.76,0.53,2006-01-14
29002,CACHOEIRA,816.8,30.09,43.74,4.35,0.53,2006-01-15
29002,CACHOEIRA,816.76,29.81,43.35,2.1,0.53,2006-01-16
29002,CACHOEIRA,816.75,29.75,43.25,1.1,0.53,2006-01-17
29002,CACHOEIRA,816.76,29.81,43.35,1.25,0.53,2006-01-18
29002,CACHOEIRA,816.77,29.88,43.44,1.44,0.53,2006-01-19
29002,CACHOEIRA,816.8,30.09,43.74,3.2,0.53,2006-01-20
29002,CACHOEIRA,816.81,30.15,43.84,1.97,0.53,2006-01-21
29002,CACHOEIRA,816.8,30.09,43.74,1.2,0.53,2006-01-22
29002,CACHOEIRA,816.79,30.02,43.64,1.25,0.53,2006-01-23
29002,CACHOEIRA,816.78,29.95,43.54,1.12,0.53,2006-01-24
29002,CACHOEIRA,816.77,29.88,43.44,1.43,0.53,2006-01-25
29002,CACHOEIRA,816.75,29.75,43.25,1.13,0.53,2006-01-26
29002,CACHOEIRA,816.74,29.68,43.15,1.85,0.53,2006-01-27
29002,CACHOEIRA,816.74,29.68,43.15,1.25,0.53,2006-01-28
29002,CACHOEIRA,816.73,29.61,43.05,2.45,0.53,2006-01-29
29002,CACHOEIRA,816.85,30.43,44.24,9.37,0.53,2006-01-30
29002,CACHOEIRA,817.0,31.45,45.73,12.14,0.53,2006-01-31
29002,CACHOEIRA,817.11,32.21,46.83,8.62,0.53,2006-02-01
29002,CACHOEIRA,817.11,32.21,46.83,8.62,0.53,2006-02-01
29002,CACHOEIRA,817.12,32.28,46.93,7.08,0.54,2006-02-02
29002,CACHOEIRA,817.08,32.01,46.53,4.68,0.54,2006-02-03
29002,CACHOEIRA,817.04,31.73,46.13,4.08,0.54,2006-02-04
29002,CACHOEIRA,817.0,31.45,45.73,3.46,0.53,2006-02-05
29002,CACHOEIRA,816.97,31.25,45.43,3.79,0.53,2006-02-06
29002,CACHOEIRA,816.94,31.04,45.13,3.61,0.53,2006-02-07
29002,CACHOEIRA,816.93,30.97,45.03,4.89,0.53,2006-02-08
29002,CACHOEIRA,816.9,30.77,44.73,2.7,0.53,2006-02-09
29002,CACHOEIRA,816.96,31.18,45.33,9.28,0.53,2006-02-10
29002,CACHOEIRA,817.19,32.77,47.64,21.67,0.54,2006-02-11
29002,CACHOEIRA,817.59,35.58,51.73,34.01,0.54,2006-02-12
29002,CACHOEIRA,817.94,38.09,55.38,28.17,0.56,2006-02-13
29002,CACHOEIRA,817.89,37.73,54.85,18.68,0.52,2006-02-14
29002,CACHOEIRA,817.72,36.51,53.08,14.21,0.5,2006-02-15
29002,CACHOEIRA,817.75,36.72,53.39,30.31,0.5,2006-02-16
29002,CACHOEIRA,818.12,39.4,57.29,33.4,0.5,2006-02-17
29002,CACHOEIRA,818.58,42.82,62.25,38.38,0.5,2006-02-18
29002,CACHOEIRA,818.55,42.59,61.92,15.95,0.52,2006-02-19
29002,CACHOEIRA,818.45,41.84,60.83,12.7,0.52,2006-02-20
29002,CACHOEIRA,818.4,41.47,60.29,13.27,0.51,2006-02-21
29002,CACHOEIRA,818.32,40.88,59.43,15.93,0.51,2006-02-22
29002,CACHOEIRA,818.16,39.7,57.71,13.59,0.51,2006-02-23
29002,CACHOEIRA,817.96,38.24,55.59,10.02,0.5,2006-02-24
29002,CACHOEIRA,817.74,36.65,53.28,8.21,0.5,2006-02-25
29002,CACHOEIRA,817.5,34.94,50.8,6.42,0.49,2006-02-26
29002,CACHOEIRA,817.35,33.88,49.26,8.71,0.49,2006-02-27
29002,CACHOEIRA,817.3,33.53,48.75,7.7,0.49,2006-02-28
29002,CACHOEIRA,817.29,33.46,48.65,5.02,0.48,2006-03-01
29002,CACHOEIRA,817.29,33.46,48.65,5.02,0.48,2006-03-01
29002,CACHOEIRA,817.28,33.39,48.55,8.38,0.48,2006-03-02
29002,CACHOEIRA,817.28,33.39,48.55,7.58,0.5,2006-03-03
29002,CACHOEIRA,817.29,33.46,48.65,7.22,0.75,2006-03-04
29002,CACHOEIRA,817.29,33.46,48.65,6.27,0.81,2006-03-05
29002,CACHOEIRA,817.28,33.39,48.55,5.18,0.81,2006-03-06
29002,CACHOEIRA,817.46,34.66,50.39,17.0,0.81,2006-03-07
29002,CACHOEIRA,817.68,36.22,52.66,18.85,0.82,2006-03-08
29002,CACHOEIRA,817.75,36.72,53.39,8.51,0.83,2006-03-09
29002,CACHOEIRA,817.81,37.15,54.01,10.45,0.83,2006-03-10
29002,CACHOEIRA,817.83,37.3,54.22,7.04,0.83,2006-03-11
29002,CACHOEIRA,817.85,37.44,54.43,5.96,0.83,2006-03-12
29002,CACHOEIRA,817.85,37.44,54.43,5.2,0.83,2006-03-13
29002,CACHOEIRA,817.85,37.44,54.43,5.12,0.83,2006-03-14
29002,CACHOEIRA,817.85,37.44,54.43,5.06,0.8,2006-03-15
29002,CACHOEIRA,817.86,37.51,54.54,5.84,0.8,2006-03-16
29002,CACHOEIRA,817.94,38.09,55.38,11.68,0.8,2006-03-17
29002,CACHOEIRA,817.95,38.17,55.49,9.23,0.8,2006-03-18
29002,CACHOEIRA,817.93,38.02,55.27,8.98,0.8,2006-03-19
29002,CACHOEIRA,817.92,37.95,55.17,9.71,0.8,2006-03-20
29002,CACHOEIRA,818.0,38.53,56.01,16.03,0.8,2006-03-21
29002,CACHOEIRA,818.1,39.26,57.07,13.23,0.8,2006-03-22
29002,CACHOEIRA,818.19,39.92,58.03,12.46,0.81,2006-03-23
29002,CACHOEIRA,818.12,39.4,57.29,10.0,0.81,2006-03-24
29002,CACHOEIRA,818.01,38.6,56.12,10.22,0.8,2006-03-25
29002,CACHOEIRA,817.93,38.02,55.27,12.67,0.8,2006-03-26
29002,CACHOEIRA,817.92,37.95,55.17,18.49,0.8,2006-03-27
29002,CACHOEIRA,817.81,37.15,54.01,10.13,0.79,2006-03-28
29002,CACHOEIRA,817.69,36.29,52.76,8.87,0.79,2006-03-29
29002,CACHOEIRA,817.95,38.17,55.49,24.1,0.6,2006-03-30
29002,CACHOEIRA,818.14,39.55,57.5,14.42,0.5,2006-03-31
29002,CACHOEIRA,818.29,40.66,59.11,10.29,0.51,2006-04-01
29002,CACHOEIRA,818.29,40.66,59.11,10.29,0.51,2006-04-01
29002,CACHOEIRA,818.25,40.36,58.68,11.05,0.51,2006-04-02
29002,CACHOEIRA,818.19,39.92,58.03,9.91,0.51,2006-04-03
29002,CACHOEIRA,818.21,40.07,58.25,8.02,0.51,2006-04-04
29002,CACHOEIRA,818.22,40.14,58.35,7.87,0.51,2006-04-05
29002,CACHOEIRA,818.23,40.21,58.46,8.12,0.51,2006-04-06
29002,CACHOEIRA,818.25,40.36,58.68,8.85,0.51,2006-04-07
29002,CACHOEIRA,818.26,40.43,58.78,7.89,0.51,2006-04-08
29002,CACHOEIRA,818.29,40.66,59.11,9.73,0.51,2006-04-09
29002,CACHOEIRA,818.38,41.32,60.08,14.14,0.51,2006-04-10
29002,CACHOEIRA,818.41,41.55,60.4,11.53,0.51,2006-04-11
29002,CACHOEIRA,818.29,40.66,59.11,8.27,0.51,2006-04-12
29002,CACHOEIRA,818.29,40.66,59.11,6.75,0.51,2006-04-13
29002,CACHOEIRA,818.29,40.66,59.11,3.52,0.51,2006-04-14
29002,CACHOEIRA,818.33,40.95,59.54,7.17,0.51,2006-04-15
29002,CACHOEIRA,818.35,41.1,59.75,5.63,0.51,2006-04-16
29002,CACHOEIRA,818.38,41.32,60.08,6.69,0.51,2006-04-17
29002,CACHOEIRA,818.39,41.4,60.18,8.38,0.51,2006-04-18
29002,CACHOEIRA,818.38,41.32,60.08,7.86,0.51,2006-04-19
29002,CACHOEIRA,818.35,41.1,59.75,4.93,0.51,2006-04-20
29002,CACHOEIRA,818.27,40.51,58.89,1.75,0.51,2006-04-21
29002,CACHOEIRA,818.2,39.99,58.14,2.53,0.51,2006-04-22
29002,CACHOEIRA,818.17,39.77,57.82,5.88,0.51,2006-04-23
29002,CACHOEIRA,818.14,39.55,57.5,5.98,0.51,2006-04-24
29002,CACHOEIRA,818.15,39.62,57.61,5.71,0.51,2006-04-25
29002,CACHOEIRA,818.15,39.62,57.61,4.39,0.51,2006-04-26
29002,CACHOEIRA,818.15,39.62,57.61,4.54,0.51,2006-04-27
29002,CACHOEIRA,818.15,39.62,57.61,5.12,0.88,2006-04-28
29002,CACHOEIRA,818.15,39.62,57.61,5.54,1.0,2006-04-29
29002,CACHOEIRA,818.14,39.55,57.5,4.84,1.0,2006-04-30
29002,CACHOEIRA,818.13,39.48,57.39,5.22,1.0,2006-05-01
29002,CACHOEIRA,818.13,39.48,57.39,5.22,1.0,2006-05-01
29002,CACHOEIRA,818.12,39.4,57.29,5.51,1.0,2006-05-02
29002,CACHOEIRA,818.1,39.26,57.07,4.93,1.0,2006-05-03
29002,CACHOEIRA,818.08,39.11,56.86,2.84,1.0,2006-05-04
29002,CACHOEIRA,818.06,38.97,56.65,5.31,1.0,2006-05-05
29002,CACHOEIRA,818.04,38.82,56.44,5.58,1.0,2006-05-06
29002,CACHOEIRA,817.99,38.46,55.91,3.16,1.0,2006-05-07
29002,CACHOEIRA,818.0,38.53,56.01,4.8,1.0,2006-05-08
29002,CACHOEIRA,818.01,38.6,56.12,3.82,1.0,2006-05-09
29002,CACHOEIRA,818.02,38.67,56.23,4.0,1.0,2006-05-10
29002,CACHOEIRA,818.05,38.89,56.54,6.18,1.0,2006-05-11
29002,CACHOEIRA,818.06,38.97,56.65,4.98,1.0,2006-05-12
29002,CACHOEIRA,818.06,38.97,56.65,4.45,1.0,2006-05-13
29002,CACHOEIRA,818.06,38.97,56.65,4.75,1.0,2006-05-14
29002,CACHOEIRA,818.05,38.89,56.54,4.22,1.0,2006-05-15
29002,CACHOEIRA,818.04,38.82,56.44,4.5,1.0,2006-05-16
29002,CACHOEIRA,818.02,38.67,56.23,3.92,1.0,2006-05-17
29002,CACHOEIRA,818.0,38.53,56.01,4.35,1.0,2006-05-18
29002,CACHOEIRA,817.99,38.46,55.91,3.05,1.0,2006-05-19
29002,CACHOEIRA,817.97,38.31,55.7,2.18,0.99,2006-05-20
29002,CACHOEIRA,817.96,38.24,55.59,3.46,0.99,2006-05-21
29002,CACHOEIRA,817.94,38.09,55.38,2.89,0.99,2006-05-22
29002,CACHOEIRA,817.92,37.95,55.17,3.01,0.99,2006-05-23
29002,CACHOEIRA,817.92,37.95,55.17,4.85,0.99,2006-05-24
29002,CACHOEIRA,818.0,38.53,56.01,5.23,0.99,2006-05-25
29002,CACHOEIRA,818.07,39.04,56.76,3.89,1.0,2006-05-26
29002,CACHOEIRA,818.14,39.55,57.5,3.68,1.0,2006-05-27
29002,CACHOEIRA,818.18,39.84,57.93,1.96,1.0,2006-05-28
29002,CACHOEIRA,818.23,40.21,58.46,3.02,1.0,2006-05-29
29002,CACHOEIRA,818.28,40.58,59.0,3.38,1.01,2006-05-30
29002,CACHOEIRA,818.31,40.8,59.32,2.76,1.75,2006-05-31
29002,CACHOEIRA,818.29,40.66,59.11,4.6,2.0,2006-06-01
29002,CACHOEIRA,818.29,40.66,59.11,4.6,2.0,2006-06-01
29002,CACHOEIRA,818.23,40.21,58.46,2.3,2.0,2006-06-02
29002,CACHOEIRA,818.14,39.55,57.5,1.15,1.99,2006-06-03
29002,CACHOEIRA,818.07,39.04,56.76,2.84,1.98,2006-06-04
29002,CACHOEIRA,818.0,38.53,56.01,3.05,1.98,2006-06-05
29002,CACHOEIRA,817.94,38.09,55.38,3.95,1.97,2006-06-06
29002,CACHOEIRA,817.81,37.15,54.01,1.31,1.99,2006-06-07
29002,CACHOEIRA,817.72,36.51,53.08,1.53,2.0,2006-06-08
29002,CACHOEIRA,817.68,36.22,52.66,5.78,2.0,2006-06-09
29002,CACHOEIRA,817.6,35.65,51.83,2.64,1.99,2006-06-10
29002,CACHOEIRA,817.52,35.08,51.0,2.76,1.98,2006-06-11
29002,CACHOEIRA,817.43,34.45,50.08,2.12,1.97,2006-06-12
29002,CACHOEIRA,817.36,33.95,49.36,3.9,2.02,2006-06-13
29002,CACHOEIRA,817.35,33.88,49.26,1.02,2.02,2006-06-14
29002,CACHOEIRA,817.36,33.95,49.36,1.05,2.02,2006-06-15
29002,CACHOEIRA,817.35,33.88,49.26,1.07,2.02,2006-06-16
29002,CACHOEIRA,817.36,33.95,49.36,1.01,2.02,2006-06-17
29002,CACHOEIRA,817.37,34.02,49.47,1.09,2.0,2006-06-18
29002,CACHOEIRA,817.39,34.17,49.67,0.97,2.0,2006-06-19
29002,CACHOEIRA,817.43,34.45,50.08,0.97,2.01,2006-06-20
29002,CACHOEIRA,817.43,34.45,50.08,1.04,2.0,2006-06-21
29002,CACHOEIRA,817.48,34.8,50.59,1.07,2.0,2006-06-22
29002,CACHOEIRA,817.52,35.08,51.0,0.36,2.0,2006-06-23
29002,CACHOEIRA,817.56,35.37,51.42,0.63,2.02,2006-06-24
29002,CACHOEIRA,817.6,35.65,51.83,1.94,2.02,2006-06-25
29002,CACHOEIRA,817.64,35.94,52.24,0.99,2.02,2006-06-26
29002,CACHOEIRA,817.7,36.36,52.87,3.07,2.02,2006-06-27
29002,CACHOEIRA,817.75,36.72,53.39,2.4,2.02,2006-06-28
29002,CACHOEIRA,817.79,37.01,53.81,1.94,2.04,2006-06-29
29002,CACHOEIRA,817.81,37.15,54.01,1.0,2.04,2006-06-30
29002,CACHOEIRA,817.84,37.37,54.33,0.99,2.04,2006-07-01
29002,CACHOEIRA,817.84,37.37,54.33,0.99,2.04,2006-07-01
29002,CACHOEIRA,817.86,37.51,54.54,1.0,2.05,2006-07-02
29002,CACHOEIRA,817.87,37.59,54.64,0.99,2.05,2006-07-03
29002,CACHOEIRA,817.88,37.66,54.75,1.01,2.05,2006-07-04
29002,CACHOEIRA,817.91,37.88,55.06,2.68,2.06,2006-07-05
29002,CACHOEIRA,817.92,37.95,55.17,1.03,2.06,2006-07-06
29002,CACHOEIRA,817.92,37.95,55.17,1.09,2.06,2006-07-07
29002,CACHOEIRA,817.92,37.95,55.17,2.12,2.06,2006-07-08
29002,CACHOEIRA,817.92,37.95,55.17,1.07,2.06,2006-07-09
29002,CACHOEIRA,817.92,37.95,55.17,1.03,2.06,2006-07-10
29002,CACHOEIRA,817.99,38.46,55.91,6.91,2.06,2006-07-11
29002,CACHOEIRA,818.03,38.75,56.33,2.67,1.27,2006-07-12
29002,CACHOEIRA,818.04,38.82,56.44,1.23,1.02,2006-07-13
29002,CACHOEIRA,818.06,38.97,56.65,2.36,1.02,2006-07-14
29002,CACHOEIRA,818.07,39.04,56.76,1.77,1.02,2006-07-15
29002,CACHOEIRA,818.06,38.97,56.65,1.07,1.02,2006-07-16
29002,CACHOEIRA,818.06,38.97,56.65,1.41,1.02,2006-07-17
29002,CACHOEIRA,818.04,38.82,56.44,1.05,1.52,2006-07-18
29002,CACHOEIRA,818.02,38.67,56.23,0.17,2.01,2006-07-19
29002,CACHOEIRA,817.99,38.46,55.91,1.94,2.01,2006-07-20
29002,CACHOEIRA,817.98,38.38,55.8,2.19,2.01,2006-07-21
29002,CACHOEIRA,817.94,38.09,55.38,1.04,2.01,2006-07-22
29002,CACHOEIRA,817.92,37.95,55.17,1.78,2.01,2006-07-23
29002,CACHOEIRA,817.9,37.8,54.96,1.02,2.01,2006-07-24
29002,CACHOEIRA,817.86,37.51,54.54,1.06,2.01,2006-07-25
29002,CACHOEIRA,817.82,37.23,54.12,1.06,1.99,2006-07-26
29002,CACHOEIRA,817.79,37.01,53.81,1.41,1.99,2006-07-27
29002,CACHOEIRA,817.75,36.72,53.39,1.1,1.98,2006-07-28
29002,CACHOEIRA,817.75,36.72,53.39,1.21,1.98,2006-07-29
29002,CACHOEIRA,817.72,36.51,53.08,1.04,1.98,2006-07-30
29002,CACHOEIRA,817.74,36.65,53.28,2.2,1.98,2006-07-31
29002,CACHOEIRA,817.81,37.15,54.01,6.61,1.99,2006-08-01
29002,CACHOEIRA,817.81,37.15,54.01,6.61,1.99,2006-08-01
29002,CACHOEIRA,817.85,37.44,54.43,4.23,1.99,2006-08-02
29002,CACHOEIRA,817.87,37.59,54.64,2.89,1.99,2006-08-03
29002,CACHOEIRA,817.88,37.66,54.75,2.3,1.99,2006-08-04
29002,CACHOEIRA,817.88,37.66,54.75,1.0,2.0,2006-08-05
29002,CACHOEIRA,817.9,37.8,54.96,3.58,2.0,2006-08-06
29002,CACHOEIRA,817.9,37.8,54.96,2.22,2.0,2006-08-07
29002,CACHOEIRA,817.9,37.8,54.96,2.54,2.0,2006-08-08
29002,CACHOEIRA,817.87,37.59,54.64,1.07,2.0,2006-08-09
29002,CACHOEIRA,817.86,37.51,54.54,2.51,2.0,2006-08-10
29002,CACHOEIRA,817.84,37.37,54.33,2.03,1.99,2006-08-11
29002,CACHOEIRA,817.81,37.15,54.01,1.33,1.99,2006-08-12
29002,CACHOEIRA,817.79,37.01,53.81,2.52,1.99,2006-08-13
29002,CACHOEIRA,817.75,36.72,53.39,1.05,1.98,2006-08-14
29002,CACHOEIRA,817.72,36.51,53.08,2.31,1.98,2006-08-15
29002,CACHOEIRA,817.69,36.29,52.76,3.09,2.57,2006-08-16
29002,CACHOEIRA,817.64,35.94,52.24,1.99,3.07,2006-08-17
29002,CACHOEIRA,817.59,35.58,51.73,1.08,3.06,2006-08-18
29002,CACHOEIRA,817.53,35.15,51.11,2.07,3.05,2006-08-19
29002,CACHOEIRA,817.5,34.94,50.8,1.2,3.04,2006-08-20
29002,CACHOEIRA,817.5,34.94,50.8,1.0,3.04,2006-08-21
29002,CACHOEIRA,817.48,34.8,50.59,1.08,3.04,2006-08-22
29002,CACHOEIRA,817.46,34.66,50.39,1.06,3.04,2006-08-23
29002,CACHOEIRA,817.42,34.38,49.98,1.09,3.56,2006-08-24
29002,CACHOEIRA,817.36,33.95,49.36,0.66,3.56,2006-08-25
29002,CACHOEIRA,817.31,33.6,48.86,1.11,4.02,2006-08-26
29002,CACHOEIRA,817.26,33.25,48.35,1.09,4.0,2006-08-27
29002,CACHOEIRA,817.21,32.91,47.84,1.1,3.99,2006-08-28
29002,CACHOEIRA,817.15,32.49,47.23,1.12,3.98,2006-08-29
29002,CACHOEIRA,817.08,32.01,46.53,1.13,3.96,2006-08-30
29002,CACHOEIRA,817.0,31.45,45.73,1.17,4.4,2006-08-31
29002,CACHOEIRA,816.91,30.84,44.83,1.22,4.98,2006-09-01
29002,CACHOEIRA,816.91,30.84,44.83,1.22,4.98,2006-09-01
29002,CACHOEIRA,816.85,30.43,44.24,2.52,4.31,2006-09-02
29002,CACHOEIRA,816.82,30.22,43.94,3.82,3.01,2006-09-03
29002,CACHOEIRA,816.78,29.95,43.54,3.12,3.0,2006-09-04
29002,CACHOEIRA,816.8,30.09,43.74,0.95,3.0,2006-09-05
29002,CACHOEIRA,816.76,29.81,43.35,1.1,3.49,2006-09-06
29002,CACHOEIRA,816.8,30.09,43.74,0.91,5.0,2006-09-07
29002,CACHOEIRA,816.77,29.88,43.44,1.06,5.0,2006-09-08
29002,CACHOEIRA,816.75,29.75,43.25,1.05,5.0,2006-09-09
29002,CACHOEIRA,816.71,29.48,42.85,1.09,4.99,2006-09-10
29002,CACHOEIRA,816.66,29.14,42.36,1.12,4.97,2006-09-11
29002,CACHOEIRA,816.61,28.8,41.87,1.1,4.97,2006-09-12
29002,CACHOEIRA,816.56,28.47,41.39,1.34,4.96,2006-09-13
29002,CACHOEIRA,816.55,28.4,41.29,1.03,4.96,2006-09-14
29002,CACHOEIRA,816.58,28.6,41.58,1.5,5.0,2006-09-15
29002,CACHOEIRA,816.6,28.73,41.78,1.54,5.0,2006-09-16
29002,CACHOEIRA,816.55,28.4,41.29,1.11,5.02,2006-09-17
29002,CACHOEIRA,816.53,28.27,41.09,1.05,5.01,2006-09-18
29002,CACHOEIRA,816.57,28.53,41.48,5.27,5.01,2006-09-19
29002,CACHOEIRA,816.6,28.73,41.78,1.5,3.77,2006-09-20
29002,CACHOEIRA,816.62,28.87,41.97,2.91,3.0,2006-09-21
29002,CACHOEIRA,816.63,28.94,42.07,2.78,3.02,2006-09-22
29002,CACHOEIRA,816.64,29.0,42.17,0.98,3.0,2006-09-23
29002,CACHOEIRA,816.62,28.87,41.97,1.51,3.02,2006-09-24
29002,CACHOEIRA,816.62,28.87,41.97,3.51,3.02,2006-09-25
29002,CACHOEIRA,816.6,28.73,41.78,2.64,3.02,2006-09-26
29002,CACHOEIRA,816.59,28.67,41.68,4.0,3.01,2006-09-27
29002,CACHOEIRA,816.53,28.27,41.09,1.15,3.01,2006-09-28
29002,CACHOEIRA,816.49,28.0,40.7,1.09,3.0,2006-09-29
29002,CACHOEIRA,816.44,27.66,40.22,2.45,3.0,2006-09-30
29002,CACHOEIRA,816.43,27.6,40.12,5.92,3.0,2006-10-01
29002,CACHOEIRA,816.43,27.6,40.12,5.92,3.0,2006-10-01
29002,CACHOEIRA,816.4,27.4,39.83,3.28,1.5,2006-10-02
29002,CACHOEIRA,816.4,27.4,39.83,5.97,1.5,2006-10-03
29002,CACHOEIRA,816.37,27.2,39.54,3.93,1.5,2006-10-04
29002,CACHOEIRA,816.37,27.2,39.54,6.49,1.5,2006-10-05
29002,CACHOEIRA,816.36,27.13,39.45,5.86,1.5,2006-10-06
29002,CACHOEIRA,816.32,26.87,39.06,3.66,1.5,2006-10-07
29002,CACHOEIRA,816.27,26.54,38.58,3.5,1.88,2006-10-08
29002,CACHOEIRA,816.21,26.14,38.01,4.18,3.0,2006-10-09
29002,CACHOEIRA,816.18,25.95,37.72,1.07,3.0,2006-10-10
29002,CACHOEIRA,816.14,25.68,37.34,1.11,3.0,2006-10-11
29002,CACHOEIRA,816.08,25.29,36.77,1.16,3.0,2006-10-12
29002,CACHOEIRA,816.03,24.97,36.3,1.13,3.0,2006-10-13
29002,CACHOEIRA,815.98,24.64,35.82,0.87,3.0,2006-10-14
29002,CACHOEIRA,815.92,24.25,35.26,1.16,2.96,2006-10-15
29002,CACHOEIRA,815.86,23.86,34.7,1.25,2.93,2006-10-16
29002,CACHOEIRA,815.86,23.86,34.7,1.0,2.93,2006-10-17
29002,CACHOEIRA,815.88,23.99,34.88,2.82,2.93,2006-10-18
29002,CACHOEIRA,815.9,24.12,35.07,3.53,2.94,2006-10-19
29002,CACHOEIRA,815.93,24.32,35.35,1.3,2.94,2006-10-20
29002,CACHOEIRA,815.96,24.51,35.63,1.25,2.93,2006-10-21
29002,CACHOEIRA,815.96,24.51,35.63,1.02,2.95,2006-10-22
29002,CACHOEIRA,815.94,24.38,35.45,1.05,2.94,2006-10-23
29002,CACHOEIRA,815.93,24.32,35.35,2.58,3.0,2006-10-24
29002,CACHOEIRA,815.96,24.51,35.63,1.45,3.02,2006-10-25
29002,CACHOEIRA,815.93,24.32,35.35,1.15,3.0,2006-10-26
29002,CACHOEIRA,815.91,24.19,35.16,1.04,3.27,2006-10-27
29002,CACHOEIRA,815.9,24.12,35.07,1.03,4.04,2006-10-28
29002,CACHOEIRA,815.9,24.12,35.07,1.47,4.04,2006-10-29
29002,CACHOEIRA,815.9,24.12,35.07,2.27,4.04,2006-10-30
29002,CACHOEIRA,815.94,24.38,35.45,0.89,4.04,2006-10-31
29002,CACHOEIRA,815.96,24.51,35.63,2.1,4.04,2006-11-01
29002,CACHOEIRA,815.96,24.51,35.63,2.1,4.04,2006-11-01
29002,CACHOEIRA,815.97,24.58,35.73,2.57,4.05,2006-11-02
29002,CACHOEIRA,816.02,24.9,36.2,6.66,4.06,2006-11-03
29002,CACHOEIRA,816.02,24.9,36.2,2.04,2.5,2006-11-04
29002,CACHOEIRA,816.05,25.1,36.48,4.82,2.0,2006-11-05
29002,CACHOEIRA,816.04,25.03,36.39,2.8,2.0,2006-11-06
29002,CACHOEIRA,816.02,24.9,36.2,1.04,2.0,2006-11-07
29002,CACHOEIRA,816.0,24.77,36.01,3.38,2.0,2006-11-08
29002,CACHOEIRA,815.96,24.51,35.63,3.43,2.5,2006-11-09
29002,CACHOEIRA,815.91,24.19,35.16,3.88,3.0,2006-11-10
29002,CACHOEIRA,815.82,23.61,34.32,1.77,3.39,2006-11-11
29002,CACHOEIRA,815.72,22.97,33.39,1.72,3.5,2006-11-12
29002,CACHOEIRA,815.63,22.39,32.55,2.35,3.82,2006-11-13
29002,CACHOEIRA,815.59,22.14,32.19,1.79,4.0,2006-11-14
29002,CACHOEIRA,815.64,22.46,32.65,5.88,4.0,2006-11-15
29002,CACHOEIRA,815.65,22.52,32.74,2.32,4.0,2006-11-16
29002,CACHOEIRA,815.69,22.77,33.11,4.33,4.0,2006-11-17
29002,CACHOEIRA,815.68,22.71,33.02,3.17,4.0,2006-11-18
29002,CACHOEIRA,815.64,22.46,32.65,1.11,3.99,2006-11-19
29002,CACHOEIRA,815.71,22.9,33.3,12.93,4.0,2006-11-20
29002,CACHOEIRA,815.76,23.22,33.76,7.24,2.5,2006-11-21
29002,CACHOEIRA,815.81,23.54,34.23,5.95,2.02,2006-11-22
29002,CACHOEIRA,815.83,23.67,34.41,5.21,1.64,2006-11-23
29002,CACHOEIRA,815.87,23.93,34.79,4.83,1.52,2006-11-24
29002,CACHOEIRA,815.92,24.25,35.26,6.5,1.51,2006-11-25
29002,CACHOEIRA,815.94,24.38,35.45,5.75,1.53,2006-11-26
29002,CACHOEIRA,816.03,24.97,36.3,12.11,1.53,2006-11-27
29002,CACHOEIRA,816.13,25.62,37.24,8.52,1.15,2006-11-28
29002,CACHOEIRA,816.2,26.08,37.91,6.7,0.64,2006-11-29
29002,CACHOEIRA,816.33,26.93,39.16,9.65,0.51,2006-11-30
29002,CACHOEIRA,816.4,27.4,39.83,4.66,0.51,2006-12-01
29002,CACHOEIRA,816.4,27.4,39.83,4.66,0.51,2006-12-01
29002,CACHOEIRA,816.5,28.06,40.8,7.13,0.52,2006-12-02
29002,CACHOEIRA,816.5,28.06,40.8,6.84,0.52,2006-12-03
29002,CACHOEIRA,816.42,27.53,40.03,4.42,0.52,2006-12-04
29002,CACHOEIRA,816.48,27.93,40.61,9.15,0.52,2006-12-05
29002,CACHOEIRA,816.53,28.27,41.09,4.54,0.52,2006-12-06
29002,CACHOEIRA,816.4,27.4,39.83,5.62,0.52,2006-12-07
29002,CACHOEIRA,816.23,26.27,38.2,1.5,0.51,2006-12-08
29002,CACHOEIRA,816.15,25.75,37.43,1.28,0.51,2006-12-09
29002,CACHOEIRA,816.14,25.68,37.34,2.53,0.51,2006-12-10
29002,CACHOEIRA,816.12,25.55,37.15,1.24,0.51,2006-12-11
29002,CACHOEIRA,816.09,25.36,36.86,1.7,0.51,2006-12-12
29002,CACHOEIRA,816.07,25.23,36.67,2.21,0.51,2006-12-13
29002,CACHOEIRA,816.06,25.16,36.58,4.27,1.01,2006-12-14
29002,CACHOEIRA,816.07,25.23,36.67,7.21,1.5,2006-12-15
29002,CACHOEIRA,816.09,25.36,36.86,8.16,1.5,2006-12-16
29002,CACHOEIRA,816.09,25.36,36.86,6.65,1.5,2006-12-17
29002,CACHOEIRA,816.07,25.23,36.67,4.62,1.5,2006-12-18
29002,CACHOEIRA,816.12,25.55,37.15,10.14,1.51,2006-12-19
29002,CACHOEIRA,816.14,25.68,37.34,6.04,1.51,2006-12-20
29002,CACHOEIRA,816.14,25.68,37.34,5.93,1.13,2006-12-21
29002,CACHOEIRA,816.13,25.62,37.24,5.19,1.0,2006-12-22
29002,CACHOEIRA,816.15,25.75,37.43,7.47,1.0,2006-12-23
29002,CACHOEIRA,816.3,26.74,38.87,11.68,1.0,2006-12-24
29002,CACHOEIRA,816.49,28.0,40.7,9.32,1.0,2006-12-25
29002,CACHOEIRA,816.51,28.13,40.9,1.64,1.0,2006-12-26
29002,CACHOEIRA,816.57,28.53,41.48,5.91,1.02,2006-12-27
29002,CACHOEIRA,816.82,30.22,43.94,24.59,1.04,2006-12-28
29002,CACHOEIRA,817.15,32.49,47.23,26.7,0.64,2006-12-29
29002,CACHOEIRA,817.18,32.7,47.54,14.08,0.5,2006-12-30
29002,CACHOEIRA,817.12,32.28,46.93,4.9,0.5,2006-12-31
29002,CACHOEIRA,817.13,32.35,47.03,12.93,0.5,2007-01-01
29002,CACHOEIRA,817.13,32.35,47.03,12.93,0.5,2007-01-01
29002,CACHOEIRA,817.09,32.07,46.63,8.1,0.5,2007-01-02
29002,CACHOEIRA,817.02,31.59,45.93,8.11,0.5,2007-01-03
29002,CACHOEIRA,817.03,31.66,46.03,14.39,0.52,2007-01-04
29002,CACHOEIRA,817.25,33.19,48.25,19.03,0.5,2007-01-05
29002,CACHOEIRA,817.43,34.45,50.08,14.82,0.52,2007-01-06
29002,CACHOEIRA,817.58,35.51,51.62,12.81,0.53,2007-01-07
29002,CACHOEIRA,817.71,36.44,52.97,11.26,0.53,2007-01-08
29002,CACHOEIRA,817.8,37.08,53.91,8.02,0.54,2007-01-09
29002,CACHOEIRA,817.87,37.59,54.64,6.38,0.54,2007-01-10
29002,CACHOEIRA,817.84,37.37,54.33,6.46,0.5,2007-01-11
29002,CACHOEIRA,817.75,36.72,53.39,2.67,0.54,2007-01-12
29002,CACHOEIRA,817.74,36.65,53.28,9.76,0.5,2007-01-13
29002,CACHOEIRA,817.72,36.51,53.08,8.94,0.53,2007-01-14
29002,CACHOEIRA,817.61,35.72,51.93,1.49,0.53,2007-01-15
29002,CACHOEIRA,817.55,35.3,51.31,5.61,0.53,2007-01-16
29002,CACHOEIRA,817.38,34.1,49.57,4.17,0.52,2007-01-17
29002,CACHOEIRA,817.25,33.19,48.25,9.93,0.52,2007-01-18
29002,CACHOEIRA,817.19,32.77,47.64,15.5,0.52,2007-01-19
29002,CACHOEIRA,817.13,32.35,47.03,8.24,0.52,2007-01-20
29002,CACHOEIRA,817.07,31.94,46.43,5.82,0.52,2007-01-21
29002,CACHOEIRA,817.0,31.45,45.73,4.94,0.52,2007-01-22
29002,CACHOEIRA,816.98,31.32,45.53,9.42,0.51,2007-01-23
29002,CACHOEIRA,816.89,30.7,44.63,3.39,0.51,2007-01-24
29002,CACHOEIRA,816.82,30.22,43.94,4.97,0.51,2007-01-25
29002,CACHOEIRA,816.79,30.02,43.64,8.09,0.5,2007-01-26
29002,CACHOEIRA,816.74,29.68,43.15,6.5,0.51,2007-01-27
29002,CACHOEIRA,816.69,29.34,42.66,6.5,0.51,2007-01-28
29002,CACHOEIRA,816.67,29.21,42.46,8.51,0.5,2007-01-29
29002,CACHOEIRA,816.64,29.0,42.17,8.02,0.5,2007-01-30
29002,CACHOEIRA,816.61,28.8,41.87,8.0,0.5,2007-01-31
29002,CACHOEIRA,816.43,27.6,40.12,3.36,0.5,2007-02-01
29002,CACHOEIRA,816.43,27.6,40.12,3.36,0.5,2007-02-01
29002,CACHOEIRA,816.44,27.66,40.22,8.14,0.5,2007-02-02
29002,CACHOEIRA,816.42,27.53,40.03,1.17,0.5,2007-02-03
29002,CACHOEIRA,816.28,26.6,38.68,1.52,0.5,2007-02-04
29002,CACHOEIRA,816.25,26.41,38.39,1.21,0.5,2007-02-05
29002,CACHOEIRA,816.27,26.54,38.58,1.02,0.5,2007-02-06
29002,CACHOEIRA,816.3,26.74,38.87,1.01,0.5,2007-02-07
29002,CACHOEIRA,816.33,26.93,39.16,3.84,0.5,2007-02-08
29002,CACHOEIRA,816.39,27.33,39.74,4.66,0.5,2007-02-09
29002,CACHOEIRA,816.47,27.86,40.51,5.78,0.5,2007-02-10
29002,CACHOEIRA,816.52,28.2,41.0,3.27,0.5,2007-02-11
29002,CACHOEIRA,816.56,28.47,41.39,2.55,0.5,2007-02-12
29002,CACHOEIRA,816.66,29.14,42.36,7.22,0.5,2007-02-13
29002,CACHOEIRA,816.67,29.21,42.46,1.17,0.5,2007-02-14
29002,CACHOEIRA,816.7,29.41,42.76,1.04,0.5,2007-02-15
29002,CACHOEIRA,816.76,29.81,43.35,3.35,0.5,2007-02-16
29002,CACHOEIRA,816.76,29.81,43.35,4.37,0.5,2007-02-17
29002,CACHOEIRA,816.73,29.61,43.05,2.68,0.5,2007-02-18
29002,CACHOEIRA,816.7,29.41,42.76,2.65,0.5,2007-02-19
29002,CACHOEIRA,816.68,29.27,42.56,3.38,0.5,2007-02-20
29002,CACHOEIRA,816.69,29.34,42.66,5.53,0.5,2007-02-21
29002,CACHOEIRA,816.68,29.27,42.56,3.87,0.5,2007-02-22
29002,CACHOEIRA,816.65,29.07,42.26,2.38,0.5,2007-02-23
29002,CACHOEIRA,816.61,28.8,41.87,2.44,1.5,2007-02-24
29002,CACHOEIRA,816.57,28.53,41.48,2.67,1.5,2007-02-25
29002,CACHOEIRA,816.51,28.13,40.9,1.25,1.5,2007-02-26
29002,CACHOEIRA,816.56,28.47,41.39,5.41,1.5,2007-02-27
29002,CACHOEIRA,816.57,28.53,41.48,2.27,1.5,2007-02-28
29002,CACHOEIRA,816.56,28.47,41.39,1.03,1.5,2007-03-01
29002,CACHOEIRA,816.56,28.47,41.39,1.03,1.5,2007-03-01
29002,CACHOEIRA,816.54,28.33,41.19,1.07,1.5,2007-03-02
29002,CACHOEIRA,816.52,28.2,41.0,1.06,1.5,2007-03-03
29002,CACHOEIRA,816.48,27.93,40.61,1.26,1.5,2007-03-04
29002,CACHOEIRA,816.46,27.8,40.41,1.27,1.5,2007-03-05
29002,CACHOEIRA,816.41,27.46,39.93,1.14,1.5,2007-03-06
29002,CACHOEIRA,816.43,27.6,40.12,3.04,1.5,2007-03-07
29002,CACHOEIRA,816.46,27.8,40.41,4.73,1.5,2007-03-08
29002,CACHOEIRA,816.5,28.06,40.8,6.29,1.5,2007-03-09
29002,CACHOEIRA,816.52,28.2,41.0,5.42,1.5,2007-03-10
29002,CACHOEIRA,816.56,28.47,41.39,7.81,1.5,2007-03-11
29002,CACHOEIRA,816.6,28.73,41.78,8.57,1.5,2007-03-12
29002,CACHOEIRA,816.64,29.0,42.17,9.19,1.5,2007-03-13
29002,CACHOEIRA,816.65,29.07,42.26,7.02,1.5,2007-03-14
29002,CACHOEIRA,816.66,29.14,42.36,3.09,1.5,2007-03-15
29002,CACHOEIRA,816.64,29.0,42.17,1.14,1.5,2007-03-16
29002,CACHOEIRA,816.79,30.02,43.64,3.21,1.5,2007-03-17
29002,CACHOEIRA,816.86,30.5,44.33,1.03,1.5,2007-03-18
29002,CACHOEIRA,816.87,30.56,44.43,3.37,1.5,2007-03-19
29002,CACHOEIRA,816.98,31.32,45.53,9.18,0.92,2007-03-20
29002,CACHOEIRA,817.04,31.73,46.13,8.76,0.5,2007-03-21
29002,CACHOEIRA,817.07,31.94,46.43,1.73,0.5,2007-03-22
29002,CACHOEIRA,817.09,32.07,46.63,1.02,0.5,2007-03-23
29002,CACHOEIRA,817.13,32.35,47.03,5.67,0.5,2007-03-24
29002,CACHOEIRA,817.16,32.56,47.34,1.2,0.5,2007-03-25
29002,CACHOEIRA,817.21,32.91,47.84,6.4,0.5,2007-03-26
29002,CACHOEIRA,817.21,32.91,47.84,2.63,0.5,2007-03-27
29002,CACHOEIRA,817.17,32.63,47.44,1.25,0.5,2007-03-28
29002,CACHOEIRA,817.14,32.42,47.13,2.28,0.88,2007-03-29
29002,CACHOEIRA,817.08,32.01,46.53,4.31,1.01,2007-03-30
29002,CACHOEIRA,817.05,31.8,46.23,1.09,1.01,2007-03-31
29002,CACHOEIRA,817.05,31.8,46.23,1.04,1.01,2007-04-01
29002,CACHOEIRA,817.05,31.8,46.23,1.04,1.01,2007-04-01
29002,CACHOEIRA,817.05,31.8,46.23,1.01,1.01,2007-04-02
29002,CACHOEIRA,817.04,31.73,46.13,1.36,1.01,2007-04-03
29002,CACHOEIRA,817.02,31.59,45.93,1.04,1.01,2007-04-04
29002,CACHOEIRA,817.02,31.59,45.93,2.65,1.01,2007-04-05
29002,CACHOEIRA,817.0,31.45,45.73,1.49,1.0,2007-04-06
29002,CACHOEIRA,816.99,31.39,45.63,2.64,1.0,2007-04-07
29002,CACHOEIRA,817.0,31.45,45.73,4.26,1.0,2007-04-08
29002,CACHOEIRA,817.1,32.14,46.73,10.6,1.0,2007-04-09
29002,CACHOEIRA,817.2,32.84,47.74,10.5,1.0,2007-04-10
29002,CACHOEIRA,817.21,32.91,47.84,3.08,1.0,2007-04-11
29002,CACHOEIRA,817.21,32.91,47.84,2.72,1.0,2007-04-12
29002,CACHOEIRA,817.21,32.91,47.84,2.93,1.0,2007-04-13
29002,CACHOEIRA,817.2,32.84,47.74,2.24,1.0,2007-04-14
29002,CACHOEIRA,817.2,32.84,47.74,3.08,1.0,2007-04-15
29002,CACHOEIRA,817.2,32.84,47.74,3.19,1.0,2007-04-16
29002,CACHOEIRA,817.16,32.56,47.34,1.09,1.0,2007-04-17
29002,CACHOEIRA,817.13,32.35,47.03,1.77,1.0,2007-04-18
29002,CACHOEIRA,817.1,32.14,46.73,1.09,1.0,2007-04-19
29002,CACHOEIRA,817.08,32.01,46.53,3.09,1.0,2007-04-20
29002,CACHOEIRA,817.04,31.73,46.13,1.75,1.0,2007-04-21
29002,CACHOEIRA,817.0,31.45,45.73,1.69,1.0,2007-04-22
29002,CACHOEIRA,817.01,31.52,45.83,5.97,1.0,2007-04-23
29002,CACHOEIRA,817.0,31.45,45.73,4.37,1.0,2007-04-24
29002,CACHOEIRA,816.97,31.25,45.43,2.88,1.0,2007-04-25
29002,CACHOEIRA,816.94,31.04,45.13,1.99,1.0,2007-04-26
29002,CACHOEIRA,816.91,30.84,44.83,3.4,1.0,2007-04-27
29002,CACHOEIRA,816.92,30.91,44.93,3.0,1.0,2007-04-28
29002,CACHOEIRA,816.99,31.39,45.63,3.54,1.0,2007-04-29
29002,CACHOEIRA,816.97,31.25,45.43,4.53,1.0,2007-04-30
29002,CACHOEIRA,816.89,30.7,44.63,2.25,1.0,2007-05-01
29002,CACHOEIRA,816.89,30.7,44.63,2.25,1.0,2007-05-01
29002,CACHOEIRA,816.81,30.15,43.84,2.58,1.0,2007-05-02
29002,CACHOEIRA,816.77,29.88,43.44,1.1,1.0,2007-05-03
29002,CACHOEIRA,816.78,29.95,43.54,1.95,1.0,2007-05-04
29002,CACHOEIRA,816.78,29.95,43.54,1.64,1.0,2007-05-05
29002,CACHOEIRA,816.79,30.02,43.64,3.26,1.0,2007-05-06
29002,CACHOEIRA,816.78,29.95,43.54,2.32,1.0,2007-05-07
29002,CACHOEIRA,816.77,29.88,43.44,2.93,1.0,2007-05-08
29002,CACHOEIRA,816.73,29.61,43.05,1.16,1.0,2007-05-09
29002,CACHOEIRA,816.7,29.41,42.76,2.82,1.0,2007-05-10
29002,CACHOEIRA,816.67,29.21,42.46,2.93,1.0,2007-05-11
29002,CACHOEIRA,816.66,29.14,42.36,1.03,1.0,2007-05-12
29002,CACHOEIRA,816.69,29.34,42.66,0.92,1.0,2007-05-13
29002,CACHOEIRA,816.72,29.54,42.95,0.98,1.0,2007-05-14
29002,CACHOEIRA,816.75,29.75,43.25,0.98,1.0,2007-05-15
29002,CACHOEIRA,816.77,29.88,43.44,1.0,1.0,2007-05-16
29002,CACHOEIRA,816.78,29.95,43.54,1.0,1.0,2007-05-17
29002,CACHOEIRA,816.78,29.95,43.54,1.0,1.0,2007-05-18
29002,CACHOEIRA,816.78,29.95,43.54,1.07,1.0,2007-05-19
29002,CACHOEIRA,816.78,29.95,43.54,1.57,1.0,2007-05-20
29002,CACHOEIRA,816.76,29.81,43.35,1.16,1.0,2007-05-21
29002,CACHOEIRA,816.79,30.02,43.64,0.99,1.0,2007-05-22
29002,CACHOEIRA,816.82,30.22,43.94,1.27,1.0,2007-05-23
29002,CACHOEIRA,816.94,31.04,45.13,8.38,1.0,2007-05-24
29002,CACHOEIRA,817.0,31.45,45.73,3.25,0.63,2007-05-25
29002,CACHOEIRA,816.96,31.18,45.33,1.08,0.5,2007-05-26
29002,CACHOEIRA,816.9,30.77,44.73,3.4,0.5,2007-05-27
29002,CACHOEIRA,816.84,30.36,44.14,3.46,0.5,2007-05-28
29002,CACHOEIRA,816.8,30.09,43.74,1.23,0.5,2007-05-29
29002,CACHOEIRA,816.8,30.09,43.74,1.01,0.5,2007-05-30
29002,CACHOEIRA,816.81,30.15,43.84,2.93,0.88,2007-05-31
29002,CACHOEIRA,816.81,30.15,43.84,2.58,1.01,2007-06-01
29002,CACHOEIRA,816.81,30.15,43.84,2.58,1.01,2007-06-01
29002,CACHOEIRA,816.8,30.09,43.74,2.25,1.01,2007-06-02
29002,CACHOEIRA,816.86,30.5,44.33,7.97,1.01,2007-06-03
29002,CACHOEIRA,816.92,30.91,44.93,7.96,1.01,2007-06-04
29002,CACHOEIRA,816.94,31.04,45.13,4.7,1.01,2007-06-05
29002,CACHOEIRA,816.93,30.97,45.03,2.37,1.01,2007-06-06
29002,CACHOEIRA,816.96,31.18,45.33,5.97,1.01,2007-06-07
29002,CACHOEIRA,816.96,31.18,45.33,3.91,1.01,2007-06-08
29002,CACHOEIRA,816.95,31.11,45.23,3.57,1.01,2007-06-09
29002,CACHOEIRA,816.93,30.97,45.03,3.09,1.01,2007-06-10
29002,CACHOEIRA,816.91,30.84,44.83,3.48,1.01,2007-06-11
29002,CACHOEIRA,816.87,30.56,44.43,2.3,1.01,2007-06-12
29002,CACHOEIRA,816.83,30.29,44.04,2.69,1.01,2007-06-13
29002,CACHOEIRA,816.77,29.88,43.44,1.48,1.01,2007-06-14
29002,CACHOEIRA,816.72,29.54,42.95,2.32,1.0,2007-06-15
29002,CACHOEIRA,816.67,29.21,42.46,2.98,1.0,2007-06-16
29002,CACHOEIRA,816.64,29.0,42.17,4.93,1.01,2007-06-17
29002,CACHOEIRA,816.59,28.67,41.68,3.59,1.0,2007-06-18
29002,CACHOEIRA,816.56,28.47,41.39,1.56,1.01,2007-06-19
29002,CACHOEIRA,816.56,28.47,41.39,1.42,1.01,2007-06-20
29002,CACHOEIRA,816.56,28.47,41.39,2.47,1.01,2007-06-21
29002,CACHOEIRA,816.54,28.33,41.19,1.1,1.0,2007-06-22
29002,CACHOEIRA,816.52,28.2,41.0,1.32,1.0,2007-06-23
29002,CACHOEIRA,816.49,28.0,40.7,1.12,1.0,2007-06-24
29002,CACHOEIRA,816.47,27.86,40.51,2.15,1.0,2007-06-25
29002,CACHOEIRA,816.42,27.53,40.03,1.24,1.0,2007-06-26
29002,CACHOEIRA,816.38,27.27,39.64,1.39,1.0,2007-06-27
29002,CACHOEIRA,816.37,27.2,39.54,1.06,1.0,2007-06-28
29002,CACHOEIRA,816.39,27.33,39.74,2.08,1.0,2007-06-29
29002,CACHOEIRA,816.39,27.33,39.74,1.84,1.63,2007-06-30
29002,CACHOEIRA,816.37,27.2,39.54,1.45,2.0,2007-07-01
29002,CACHOEIRA,816.37,27.2,39.54,1.45,2.0,2007-07-01
29002,CACHOEIRA,816.35,27.07,39.35,2.22,2.0,2007-07-02
29002,CACHOEIRA,816.3,26.74,38.87,1.17,2.0,2007-07-03
29002,CACHOEIRA,816.28,26.6,38.68,1.04,2.0,2007-07-04
29002,CACHOEIRA,816.24,26.34,38.29,1.11,2.0,2007-07-05
29002,CACHOEIRA,816.19,26.01,37.82,1.12,2.0,2007-07-06
29002,CACHOEIRA,816.17,25.88,37.63,1.05,2.0,2007-07-07
29002,CACHOEIRA,816.18,25.95,37.72,0.97,2.0,2007-07-08
29002,CACHOEIRA,816.18,25.95,37.72,1.0,2.0,2007-07-09
29002,CACHOEIRA,816.19,26.01,37.82,1.93,2.0,2007-07-10
29002,CACHOEIRA,816.17,25.88,37.63,1.05,2.0,2007-07-11
29002,CACHOEIRA,816.15,25.75,37.43,1.05,2.0,2007-07-12
29002,CACHOEIRA,816.11,25.49,37.05,1.1,2.0,2007-07-13
29002,CACHOEIRA,816.05,25.1,36.48,1.16,2.0,2007-07-14
29002,CACHOEIRA,815.98,24.64,35.82,1.18,2.0,2007-07-15
29002,CACHOEIRA,816.05,25.1,36.48,0.82,2.0,2007-07-16
29002,CACHOEIRA,816.19,26.01,37.82,8.98,2.0,2007-07-17
29002,CACHOEIRA,816.33,26.93,39.16,8.76,0.76,2007-07-18
29002,CACHOEIRA,816.43,27.6,40.12,8.2,0.52,2007-07-19
29002,CACHOEIRA,816.49,28.0,40.7,5.15,0.52,2007-07-20
29002,CACHOEIRA,816.52,28.2,41.0,2.84,0.52,2007-07-21
29002,CACHOEIRA,816.56,28.47,41.39,1.45,0.52,2007-07-22
29002,CACHOEIRA,816.56,28.47,41.39,1.03,0.52,2007-07-23
29002,CACHOEIRA,816.61,28.8,41.87,4.75,0.52,2007-07-24
29002,CACHOEIRA,816.8,30.09,43.74,14.55,0.52,2007-07-25
29002,CACHOEIRA,817.14,32.42,47.13,26.37,0.52,2007-07-26
29002,CACHOEIRA,817.31,33.6,48.86,14.22,0.52,2007-07-27
29002,CACHOEIRA,817.36,33.95,49.36,4.58,0.52,2007-07-28
29002,CACHOEIRA,817.42,34.38,49.98,5.96,0.55,2007-07-29
29002,CACHOEIRA,817.5,34.94,50.8,6.72,0.55,2007-07-30
29002,CACHOEIRA,817.47,34.73,50.49,3.24,0.55,2007-07-31
29002,CACHOEIRA,817.42,34.38,49.98,3.0,0.55,2007-08-01
29002,CACHOEIRA,817.42,34.38,49.98,3.0,0.55,2007-08-01
29002,CACHOEIRA,817.37,34.02,49.47,3.08,0.55,2007-08-02
29002,CACHOEIRA,817.31,33.6,48.86,2.34,0.55,2007-08-03
29002,CACHOEIRA,817.25,33.19,48.25,2.4,0.55,2007-08-04
29002,CACHOEIRA,817.25,33.19,48.25,1.3,0.55,2007-08-05
29002,CACHOEIRA,817.25,33.19,48.25,1.0,0.55,2007-08-06
29002,CACHOEIRA,817.23,33.05,48.04,1.03,0.55,2007-08-07
29002,CACHOEIRA,817.27,33.32,48.45,1.97,0.54,2007-08-08
29002,CACHOEIRA,817.3,33.53,48.75,1.49,0.54,2007-08-09
29002,CACHOEIRA,817.33,33.74,49.06,2.58,0.78,2007-08-10
29002,CACHOEIRA,817.35,33.88,49.26,2.67,1.02,2007-08-11
29002,CACHOEIRA,817.35,33.88,49.26,1.69,1.02,2007-08-12
29002,CACHOEIRA,817.34,33.81,49.16,1.5,1.02,2007-08-13
29002,CACHOEIRA,817.35,33.88,49.26,3.74,1.02,2007-08-14
29002,CACHOEIRA,817.35,33.88,49.26,3.54,1.02,2007-08-15
29002,CACHOEIRA,817.33,33.74,49.06,2.52,1.02,2007-08-16
29002,CACHOEIRA,817.3,33.53,48.75,2.13,1.02,2007-08-17
29002,CACHOEIRA,817.31,33.6,48.86,3.39,1.02,2007-08-18
29002,CACHOEIRA,817.33,33.74,49.06,0.96,1.02,2007-08-19
29002,CACHOEIRA,817.34,33.81,49.16,2.26,1.02,2007-08-20
29002,CACHOEIRA,817.33,33.74,49.06,1.47,1.02,2007-08-21
29002,CACHOEIRA,817.3,33.53,48.75,1.06,1.39,2007-08-22
29002,CACHOEIRA,817.27,33.32,48.45,1.86,1.51,2007-08-23
29002,CACHOEIRA,817.24,33.12,48.14,2.63,1.51,2007-08-24
29002,CACHOEIRA,817.2,32.84,47.74,2.36,1.51,2007-08-25
29002,CACHOEIRA,817.16,32.56,47.34,2.91,1.51,2007-08-26
29002,CACHOEIRA,817.09,32.07,46.63,1.14,1.51,2007-08-27
29002,CACHOEIRA,817.08,32.01,46.53,1.48,1.51,2007-08-28
29002,CACHOEIRA,817.1,32.14,46.73,1.63,1.49,2007-08-29
29002,CACHOEIRA,817.09,32.07,46.63,2.28,1.75,2007-08-30
29002,CACHOEIRA,817.07,31.94,46.43,2.51,2.0,2007-08-31
29002,CACHOEIRA,817.04,31.73,46.13,2.92,2.0,2007-09-01
29002,CACHOEIRA,817.04,31.73,46.13,2.92,2.0,2007-09-01
29002,CACHOEIRA,817.01,31.52,45.83,3.65,2.0,2007-09-02
29002,CACHOEIRA,816.99,31.39,45.63,5.02,2.0,2007-09-03
29002,CACHOEIRA,817.09,32.07,46.63,11.16,2.0,2007-09-04
29002,CACHOEIRA,817.09,32.07,46.63,2.17,2.0,2007-09-05
29002,CACHOEIRA,817.14,32.42,47.13,4.52,2.0,2007-09-06
29002,CACHOEIRA,817.12,32.28,46.93,1.04,2.0,2007-09-07
29002,CACHOEIRA,817.11,32.21,46.83,1.71,2.0,2007-09-08
29002,CACHOEIRA,817.09,32.07,46.63,1.68,2.0,2007-09-09
29002,CACHOEIRA,817.05,31.8,46.23,1.08,2.0,2007-09-10
29002,CACHOEIRA,817.01,31.52,45.83,1.57,2.0,2007-09-11
29002,CACHOEIRA,816.97,31.25,45.43,1.08,2.0,2007-09-12
29002,CACHOEIRA,816.93,30.97,45.03,0.1,2.38,2007-09-13
29002,CACHOEIRA,816.91,30.84,44.83,1.04,2.52,2007-09-14
29002,CACHOEIRA,816.9,30.77,44.73,1.02,2.52,2007-09-15
29002,CACHOEIRA,816.95,31.11,45.23,0.9,2.52,2007-09-16
29002,CACHOEIRA,816.98,31.32,45.53,0.96,2.88,2007-09-17
29002,CACHOEIRA,817.0,31.45,45.73,0.96,3.38,2007-09-18
29002,CACHOEIRA,817.01,31.52,45.83,0.91,3.5,2007-09-19
29002,CACHOEIRA,817.01,31.52,45.83,1.0,3.5,2007-09-20
29002,CACHOEIRA,817.05,31.8,46.23,0.91,3.5,2007-09-21
29002,CACHOEIRA,817.09,32.07,46.63,0.94,3.5,2007-09-22
29002,CACHOEIRA,817.12,32.28,46.93,0.94,3.5,2007-09-23
29002,CACHOEIRA,817.15,32.49,47.23,1.43,3.5,2007-09-24
29002,CACHOEIRA,817.13,32.35,47.03,1.04,3.5,2007-09-25
29002,CACHOEIRA,817.17,32.63,47.44,0.92,3.5,2007-09-26
29002,CACHOEIRA,817.28,33.39,48.55,1.1,3.5,2007-09-27
29002,CACHOEIRA,817.37,34.02,49.47,1.11,3.5,2007-09-28
29002,CACHOEIRA,817.46,34.66,50.39,2.42,3.5,2007-09-29
29002,CACHOEIRA,817.54,35.22,51.21,2.88,3.5,2007-09-30
29002,CACHOEIRA,817.6,35.65,51.83,1.95,3.5,2007-10-01
29002,CACHOEIRA,817.6,35.65,51.83,1.95,3.5,2007-10-01
29002,CACHOEIRA,817.62,35.79,52.04,0.99,3.5,2007-10-02
29002,CACHOEIRA,817.6,35.65,51.83,1.4,3.5,2007-10-03
29002,CACHOEIRA,817.56,35.37,51.42,1.56,4.25,2007-10-04
29002,CACHOEIRA,817.51,35.01,50.9,1.08,4.5,2007-10-05
29002,CACHOEIRA,817.44,34.52,50.18,1.12,4.5,2007-10-06
29002,CACHOEIRA,817.37,34.02,49.47,1.12,4.5,2007-10-07
29002,CACHOEIRA,817.3,33.53,48.75,1.13,4.5,2007-10-08
29002,CACHOEIRA,817.2,32.84,47.74,1.18,4.5,2007-10-09
29002,CACHOEIRA,817.1,32.14,46.73,1.25,4.5,2007-10-10
29002,CACHOEIRA,816.97,31.25,45.43,1.25,4.5,2007-10-11
29002,CACHOEIRA,816.86,30.5,44.33,1.24,4.5,2007-10-12
29002,CACHOEIRA,816.72,29.54,42.95,1.31,4.5,2007-10-13
29002,CACHOEIRA,816.61,28.8,41.87,1.24,4.5,2007-10-14
29002,CACHOEIRA,816.55,28.4,41.29,1.3,4.5,2007-10-15
29002,CACHOEIRA,816.48,27.93,40.61,1.33,4.5,2007-10-16
29002,CACHOEIRA,816.37,27.2,39.54,1.27,4.5,2007-10-17
29002,CACHOEIRA,816.29,26.67,38.77,1.19,4.5,2007-10-18
29002,CACHOEIRA,816.17,25.88,37.63,1.3,4.5,2007-10-19
29002,CACHOEIRA,816.07,25.23,36.67,1.25,4.5,2007-10-20
29002,CACHOEIRA,815.92,24.25,35.26,1.4,4.5,2007-10-21
29002,CACHOEIRA,815.8,23.48,34.13,1.33,4.5,2007-10-22
29002,CACHOEIRA,815.81,23.54,34.23,1.9,4.5,2007-10-23
29002,CACHOEIRA,815.81,23.54,34.23,1.0,4.5,2007-10-24
29002,CACHOEIRA,815.95,24.45,35.54,9.71,3.29,2007-10-25
29002,CACHOEIRA,816.1,25.42,36.96,8.63,1.5,2007-10-26
29002,CACHOEIRA,816.18,25.95,37.72,2.87,1.0,2007-10-27
29002,CACHOEIRA,816.24,26.34,38.29,1.44,1.0,2007-10-28
29002,CACHOEIRA,816.31,26.8,38.97,0.82,1.0,2007-10-29
29002,CACHOEIRA,816.35,27.07,39.35,0.9,1.0,2007-10-30
29002,CACHOEIRA,816.39,27.33,39.74,0.9,1.0,2007-10-31
29002,CACHOEIRA,816.37,27.2,39.54,2.61,1.42,2007-11-01
29002,CACHOEIRA,816.37,27.2,39.54,2.61,1.42,2007-11-01
29002,CACHOEIRA,816.39,27.33,39.74,7.55,1.58,2007-11-02
29002,CACHOEIRA,816.49,28.0,40.7,12.26,1.0,2007-11-03
29002,CACHOEIRA,816.56,28.47,41.39,11.73,1.0,2007-11-04
29002,CACHOEIRA,816.77,29.88,43.44,27.62,1.0,2007-11-05
29002,CACHOEIRA,816.84,30.36,44.14,16.5,0.69,2007-11-06
29002,CACHOEIRA,816.82,30.22,43.94,9.23,0.5,2007-11-07
29002,CACHOEIRA,816.76,29.81,43.35,6.07,0.5,2007-11-08
29002,CACHOEIRA,816.88,30.63,44.53,20.27,0.51,2007-11-09
29002,CACHOEIRA,816.77,29.88,43.44,12.27,0.51,2007-11-10
29002,CACHOEIRA,816.64,29.0,42.17,12.11,0.51,2007-11-11
29002,CACHOEIRA,816.55,28.4,41.29,15.13,0.5,2007-11-12
29002,CACHOEIRA,816.39,27.33,39.74,7.6,0.5,2007-11-13
29002,CACHOEIRA,816.21,26.14,38.01,7.96,0.5,2007-11-14
29002,CACHOEIRA,816.04,25.03,36.39,8.74,0.5,2007-11-15
29002,CACHOEIRA,815.88,23.99,34.88,6.0,0.5,2007-11-16
29002,CACHOEIRA,815.95,24.45,35.54,9.71,0.5,2007-11-17
29002,CACHOEIRA,816.06,25.16,36.58,9.19,0.88,2007-11-18
29002,CACHOEIRA,816.11,25.49,37.05,4.92,1.0,2007-11-19
29002,CACHOEIRA,816.26,26.47,38.49,12.39,1.01,2007-11-20
29002,CACHOEIRA,816.35,27.07,39.35,5.63,1.01,2007-11-21
29002,CACHOEIRA,816.39,27.33,39.74,7.0,1.01,2007-11-22
29002,CACHOEIRA,816.33,26.93,39.16,1.15,1.01,2007-11-23
29002,CACHOEIRA,816.25,26.41,38.39,4.2,1.01,2007-11-24
29002,CACHOEIRA,816.17,25.88,37.63,4.23,1.0,2007-11-25
29002,CACHOEIRA,816.08,25.29,36.77,3.52,1.0,2007-11-26
29002,CACHOEIRA,816.04,25.03,36.39,4.89,1.0,2007-11-27
29002,CACHOEIRA,816.09,25.36,36.86,7.77,1.0,2007-11-28
29002,CACHOEIRA,816.05,25.1,36.48,6.79,1.0,2007-11-29
29002,CACHOEIRA,815.97,24.58,35.73,3.85,1.0,2007-11-30
29002,CACHOEIRA,815.95,24.45,35.54,1.15,1.0,2007-12-01
29002,CACHOEIRA,815.95,24.45,35.54,1.15,1.0,2007-12-01
29002,CACHOEIRA,815.95,24.45,35.54,1.08,1.0,2007-12-02
29002,CACHOEIRA,815.94,24.38,35.45,1.96,1.6,2007-12-03
29002,CACHOEIRA,815.93,24.32,35.35,1.04,2.51,2007-12-04
29002,CACHOEIRA,815.94,24.38,35.45,1.36,3.01,2007-12-05
29002,CACHOEIRA,815.95,24.45,35.54,2.19,3.01,2007-12-06
29002,CACHOEIRA,816.03,24.97,36.3,7.21,2.38,2007-12-07
29002,CACHOEIRA,816.12,25.55,37.15,11.15,1.13,2007-12-08
29002,CACHOEIRA,816.15,25.75,37.43,3.21,1.0,2007-12-09
29002,CACHOEIRA,816.2,26.08,37.91,4.95,1.0,2007-12-10
29002,CACHOEIRA,816.22,26.21,38.1,2.88,1.0,2007-12-11
29002,CACHOEIRA,816.23,26.27,38.2,2.31,1.0,2007-12-12
29002,CACHOEIRA,816.25,26.41,38.39,2.93,1.0,2007-12-13
29002,CACHOEIRA,816.28,26.6,38.68,3.59,1.0,2007-12-14
29002,CACHOEIRA,816.32,26.87,39.06,4.26,1.0,2007-12-15
29002,CACHOEIRA,816.33,26.93,39.16,2.02,1.0,2007-12-16
29002,CACHOEIRA,816.36,27.13,39.45,3.75,1.0,2007-12-17
29002,CACHOEIRA,816.36,27.13,39.45,1.45,1.0,2007-12-18
29002,CACHOEIRA,816.35,27.07,39.35,1.09,1.0,2007-12-19
29002,CACHOEIRA,816.48,27.93,40.61,10.64,0.75,2007-12-20
29002,CACHOEIRA,816.59,28.67,41.68,9.02,0.5,2007-12-21
29002,CACHOEIRA,816.74,29.68,43.15,12.21,0.5,2007-12-22
29002,CACHOEIRA,816.83,30.29,44.04,7.58,0.5,2007-12-23
29002,CACHOEIRA,816.64,29.0,42.17,7.22,0.5,2007-12-24
29002,CACHOEIRA,816.46,27.8,40.41,6.33,0.5,2007-12-25
29002,CACHOEIRA,816.23,26.27,38.2,7.98,0.5,2007-12-26
29002,CACHOEIRA,815.99,24.71,35.92,7.6,0.5,2007-12-27
29002,CACHOEIRA,815.94,24.38,35.45,1.19,0.5,2007-12-28
29002,CACHOEIRA,815.96,24.51,35.63,2.79,0.82,2007-12-29
29002,CACHOEIRA,815.97,24.58,35.73,0.97,1.0,2007-12-30
29002,CACHOEIRA,815.99,24.71,35.92,3.61,1.0,2007-12-31
29002,CACHOEIRA,815.99,24.71,35.92,2.33,1.0,2008-01-01
29002,CACHOEIRA,815.99,24.71,35.92,2.33,1.0,2008-01-01
29002,CACHOEIRA,815.97,24.58,35.73,1.39,1.0,2008-01-02
29002,CACHOEIRA,815.95,24.45,35.54,2.59,1.46,2008-01-03
29002,CACHOEIRA,815.94,24.38,35.45,4.13,2.0,2008-01-04
29002,CACHOEIRA,815.93,24.32,35.35,3.73,1.32,2008-01-05
29002,CACHOEIRA,815.94,24.38,35.45,4.57,0.81,2008-01-06
29002,CACHOEIRA,815.95,24.45,35.54,4.13,0.5,2008-01-07
29002,CACHOEIRA,815.94,24.38,35.45,2.48,0.5,2008-01-08
29002,CACHOEIRA,815.97,24.58,35.73,5.65,0.5,2008-01-09
29002,CACHOEIRA,816.02,24.9,36.2,7.38,0.5,2008-01-10
29002,CACHOEIRA,816.03,24.97,36.3,4.67,0.5,2008-01-11
29002,CACHOEIRA,816.02,24.9,36.2,3.33,0.5,2008-01-12
29002,CACHOEIRA,816.05,25.1,36.48,4.28,0.5,2008-01-13
29002,CACHOEIRA,816.12,25.55,37.15,5.79,0.5,2008-01-14
29002,CACHOEIRA,816.09,25.36,36.86,9.36,0.5,2008-01-15
29002,CACHOEIRA,816.14,25.68,37.34,4.0,0.37,2008-01-16
29002,CACHOEIRA,816.04,25.03,36.39,6.66,0.31,2008-01-17
29002,CACHOEIRA,816.09,25.36,36.86,8.6,0.31,2008-01-18
29002,CACHOEIRA,816.29,26.67,38.77,13.96,0.31,2008-01-19
29002,CACHOEIRA,816.47,27.86,40.51,17.27,0.31,2008-01-20
29002,CACHOEIRA,816.58,28.6,41.58,18.96,0.31,2008-01-21
29002,CACHOEIRA,816.4,27.4,39.83,9.46,0.31,2008-01-22
29002,CACHOEIRA,816.21,26.14,38.01,10.39,0.31,2008-01-23
29002,CACHOEIRA,816.07,25.23,36.67,9.79,0.31,2008-01-24
29002,CACHOEIRA,816.07,25.23,36.67,7.96,0.31,2008-01-25
29002,CACHOEIRA,816.09,25.36,36.86,6.24,0.31,2008-01-26
29002,CACHOEIRA,816.08,25.29,36.77,4.32,0.31,2008-01-27
29002,CACHOEIRA,816.08,25.29,36.77,4.93,0.31,2008-01-28
29002,CACHOEIRA,816.08,25.29,36.77,4.77,0.31,2008-01-29
29002,CACHOEIRA,816.29,26.67,38.77,16.99,0.31,2008-01-30
29002,CACHOEIRA,816.61,28.8,41.87,24.99,0.31,2008-01-31
29002,CACHOEIRA,816.81,30.15,43.84,15.97,0.31,2008-02-01
29002,CACHOEIRA,816.81,30.15,43.84,15.97,0.31,2008-02-01
29002,CACHOEIRA,816.73,29.61,43.05,14.81,0.31,2008-02-02
29002,CACHOEIRA,816.7,29.41,42.76,8.97,0.31,2008-02-03
29002,CACHOEIRA,816.81,30.15,43.84,11.94,0.31,2008-02-04
29002,CACHOEIRA,816.87,30.56,44.43,9.99,0.31,2008-02-05
29002,CACHOEIRA,816.81,30.15,43.84,9.68,0.31,2008-02-06
29002,CACHOEIRA,816.81,30.15,43.84,9.13,0.31,2008-02-07
29002,CACHOEIRA,816.85,30.43,44.24,10.58,0.31,2008-02-08
29002,CACHOEIRA,816.89,30.7,44.63,10.1,0.31,2008-02-09
29002,CACHOEIRA,816.89,30.7,44.63,6.54,0.31,2008-02-10
29002,CACHOEIRA,816.89,30.7,44.63,6.26,0.31,2008-02-11
29002,CACHOEIRA,816.92,30.91,44.93,8.52,0.32,2008-02-12
29002,CACHOEIRA,816.98,31.32,45.53,10.66,0.32,2008-02-13
29002,CACHOEIRA,817.02,31.59,45.93,13.48,0.32,2008-02-14
29002,CACHOEIRA,816.85,30.43,44.24,10.57,0.32,2008-02-15
29002,CACHOEIRA,816.66,29.14,42.36,9.01,0.32,2008-02-16
29002,CACHOEIRA,816.62,28.87,41.97,8.58,0.32,2008-02-17
29002,CACHOEIRA,816.61,28.8,41.87,7.33,0.32,2008-02-18
29002,CACHOEIRA,816.67,29.21,42.46,12.15,0.32,2008-02-19
29002,CACHOEIRA,816.69,29.34,42.66,8.28,0.32,2008-02-20
29002,CACHOEIRA,816.7,29.41,42.76,6.98,0.32,2008-02-21
29002,CACHOEIRA,816.77,29.88,43.44,12.68,0.32,2008-02-22
29002,CACHOEIRA,816.8,30.09,43.74,9.85,0.32,2008-02-23
29002,CACHOEIRA,816.81,30.15,43.84,8.62,0.32,2008-02-24
29002,CACHOEIRA,816.89,30.7,44.63,13.5,0.32,2008-02-25
29002,CACHOEIRA,816.95,31.11,45.23,11.39,0.32,2008-02-26
29002,CACHOEIRA,816.98,31.32,45.53,8.56,0.32,2008-02-27
29002,CACHOEIRA,817.0,31.45,45.73,7.41,0.32,2008-02-28
29002,CACHOEIRA,817.02,31.59,45.93,7.16,0.32,2008-02-29
29002,CACHOEIRA,817.09,32.07,46.63,10.95,0.32,2008-03-01
29002,CACHOEIRA,817.09,32.07,46.63,10.95,0.32,2008-03-01
29002,CACHOEIRA,817.13,32.35,47.03,8.22,0.32,2008-03-02
29002,CACHOEIRA,817.21,32.91,47.84,10.99,0.32,2008-03-03
29002,CACHOEIRA,817.29,33.46,48.65,10.58,0.32,2008-03-04
29002,CACHOEIRA,817.29,33.46,48.65,6.8,0.32,2008-03-05
29002,CACHOEIRA,817.27,33.32,48.45,5.47,0.32,2008-03-06
29002,CACHOEIRA,817.24,33.12,48.14,4.78,0.46,2008-03-07
29002,CACHOEIRA,817.29,33.46,48.65,13.4,0.5,2008-03-08
29002,CACHOEIRA,817.28,33.39,48.55,9.13,0.5,2008-03-09
29002,CACHOEIRA,817.35,33.88,49.26,14.95,0.5,2008-03-10
29002,CACHOEIRA,817.24,33.12,48.14,9.58,0.37,2008-03-11
29002,CACHOEIRA,817.04,31.73,46.13,12.19,0.31,2008-03-12
29002,CACHOEIRA,816.84,30.36,44.14,12.04,0.31,2008-03-13
29002,CACHOEIRA,816.95,31.11,45.23,18.19,0.31,2008-03-14
29002,CACHOEIRA,817.17,32.63,47.44,17.88,0.31,2008-03-15
29002,CACHOEIRA,817.27,33.32,48.45,14.67,0.31,2008-03-16
29002,CACHOEIRA,817.24,33.12,48.14,16.67,0.31,2008-03-17
29002,CACHOEIRA,817.46,34.66,50.39,38.28,0.31,2008-03-18
29002,CACHOEIRA,817.57,35.44,51.52,29.46,0.16,2008-03-19
29002,CACHOEIRA,817.59,35.58,51.73,22.11,0.1,2008-03-20
29002,CACHOEIRA,817.58,35.51,51.62,19.66,0.1,2008-03-21
29002,CACHOEIRA,817.57,35.44,51.52,21.65,0.1,2008-03-22
29002,CACHOEIRA,817.56,35.37,51.42,19.64,0.1,2008-03-23
29002,CACHOEIRA,817.48,34.8,50.59,13.85,0.1,2008-03-24
29002,CACHOEIRA,817.39,34.17,49.67,12.97,0.1,2008-03-25
29002,CACHOEIRA,817.29,33.46,48.65,12.09,0.1,2008-03-26
29002,CACHOEIRA,817.21,32.91,47.84,11.97,0.1,2008-03-27
29002,CACHOEIRA,817.11,32.21,46.83,12.07,0.1,2008-03-28
29002,CACHOEIRA,816.99,31.39,45.63,10.3,0.1,2008-03-29
29002,CACHOEIRA,816.85,30.43,44.24,8.63,0.1,2008-03-30
29002,CACHOEIRA,816.72,29.54,42.95,9.35,0.1,2008-03-31
29002,CACHOEIRA,816.71,29.48,42.85,6.46,0.1,2008-04-01
29002,CACHOEIRA,816.71,29.48,42.85,6.46,0.1,2008-04-01
29002,CACHOEIRA,816.73,29.61,43.05,5.81,0.1,2008-04-02
29002,CACHOEIRA,816.68,29.27,42.56,5.33,0.1,2008-04-03
29002,CACHOEIRA,816.63,28.94,42.07,7.64,0.1,2008-04-04
29002,CACHOEIRA,816.56,28.47,41.39,5.88,0.1,2008-04-05
29002,CACHOEIRA,816.48,27.93,40.61,4.81,0.1,2008-04-06
29002,CACHOEIRA,816.49,28.0,40.7,4.61,0.1,2008-04-07
29002,CACHOEIRA,816.52,28.2,41.0,4.52,0.1,2008-04-08
29002,CACHOEIRA,816.76,29.81,43.35,20.46,0.1,2008-04-09
29002,CACHOEIRA,816.94,31.04,45.13,14.3,0.1,2008-04-10
29002,CACHOEIRA,817.32,33.67,48.96,30.57,0.1,2008-04-11
29002,CACHOEIRA,817.45,34.59,50.29,10.67,0.1,2008-04-12
29002,CACHOEIRA,817.61,35.72,51.93,13.22,0.1,2008-04-13
29002,CACHOEIRA,817.7,36.36,52.87,7.53,0.1,2008-04-14
29002,CACHOEIRA,817.86,37.51,54.54,13.41,0.1,2008-04-15
29002,CACHOEIRA,817.72,36.51,53.08,11.57,0.1,2008-04-16
29002,CACHOEIRA,817.55,35.3,51.31,12.28,0.1,2008-04-17
29002,CACHOEIRA,817.38,34.1,49.57,12.17,0.1,2008-04-18
29002,CACHOEIRA,817.21,32.91,47.84,3.71,0.1,2008-04-19
29002,CACHOEIRA,817.09,32.07,46.63,4.76,0.1,2008-04-20
29002,CACHOEIRA,817.02,31.59,45.93,8.53,0.1,2008-04-21
29002,CACHOEIRA,816.94,31.04,45.13,7.49,0.1,2008-04-22
29002,CACHOEIRA,816.93,30.97,45.03,8.73,0.1,2008-04-23
29002,CACHOEIRA,816.93,30.97,45.03,5.73,0.1,2008-04-24
29002,CACHOEIRA,816.94,31.04,45.13,2.66,0.1,2008-04-25
29002,CACHOEIRA,816.94,31.04,45.13,1.93,0.1,2008-04-26
29002,CACHOEIRA,816.94,31.04,45.13,1.84,0.1,2008-04-27
29002,CACHOEIRA,816.95,31.11,45.23,2.6,0.1,2008-04-28
29002,CACHOEIRA,816.96,31.18,45.33,1.05,0.1,2008-04-29
29002,CACHOEIRA,817.05,31.8,46.23,8.76,0.1,2008-04-30
29002,CACHOEIRA,817.09,32.07,46.63,4.64,0.1,2008-05-01
29002,CACHOEIRA,817.09,32.07,46.63,4.64,0.1,2008-05-01
29002,CACHOEIRA,817.11,32.21,46.83,3.0,0.1,2008-05-02
29002,CACHOEIRA,817.37,34.02,49.47,22.74,0.1,2008-05-03
29002,CACHOEIRA,817.57,35.44,51.52,16.45,0.1,2008-05-04
29002,CACHOEIRA,817.7,36.36,52.87,10.83,0.1,2008-05-05
29002,CACHOEIRA,817.79,37.01,53.81,7.57,0.1,2008-05-06
29002,CACHOEIRA,817.89,37.73,54.85,8.45,0.1,2008-05-07
29002,CACHOEIRA,817.94,38.09,55.38,4.29,0.1,2008-05-08
29002,CACHOEIRA,818.02,38.67,56.23,4.24,0.1,2008-05-09
29002,CACHOEIRA,818.02,38.67,56.23,1.03,0.1,2008-05-10
29002,CACHOEIRA,818.02,38.67,56.23,1.1,0.1,2008-05-11
29002,CACHOEIRA,818.02,38.67,56.23,1.1,0.1,2008-05-12
29002,CACHOEIRA,818.01,38.6,56.12,1.02,0.1,2008-05-13
29002,CACHOEIRA,818.0,38.53,56.01,1.02,0.1,2008-05-14
29002,CACHOEIRA,817.99,38.46,55.91,1.02,0.1,2008-05-15
29002,CACHOEIRA,817.99,38.46,55.91,1.02,0.1,2008-05-16
29002,CACHOEIRA,817.98,38.38,55.8,1.02,0.1,2008-05-17
29002,CACHOEIRA,817.97,38.31,55.7,1.0,0.1,2008-05-18
29002,CACHOEIRA,817.96,38.24,55.59,1.03,0.1,2008-05-19
29002,CACHOEIRA,817.95,38.17,55.49,1.07,0.74,2008-05-20
29002,CACHOEIRA,817.98,38.38,55.8,0.99,1.0,2008-05-21
29002,CACHOEIRA,818.02,38.67,56.23,0.98,1.0,2008-05-22
29002,CACHOEIRA,818.05,38.89,56.54,0.96,1.0,2008-05-23
29002,CACHOEIRA,818.08,39.11,56.86,0.97,1.0,2008-05-24
29002,CACHOEIRA,818.11,39.33,57.18,0.96,1.0,2008-05-25
29002,CACHOEIRA,818.13,39.48,57.39,1.05,1.0,2008-05-26
29002,CACHOEIRA,818.16,39.7,57.71,1.01,1.0,2008-05-27
29002,CACHOEIRA,818.19,39.92,58.03,1.05,1.0,2008-05-28
29002,CACHOEIRA,818.23,40.21,58.46,2.0,1.0,2008-05-29
29002,CACHOEIRA,818.25,40.36,58.68,1.13,1.0,2008-05-30
29002,CACHOEIRA,818.27,40.51,58.89,1.1,1.0,2008-05-31
29002,CACHOEIRA,818.34,41.03,59.64,4.83,1.0,2008-06-01
29002,CACHOEIRA,818.34,41.03,59.64,4.83,1.0,2008-06-01
29002,CACHOEIRA,818.42,41.62,60.51,5.77,1.0,2008-06-02
29002,CACHOEIRA,818.45,41.84,60.83,1.57,1.0,2008-06-03
29002,CACHOEIRA,818.49,42.14,61.27,2.43,1.0,2008-06-04
29002,CACHOEIRA,818.55,42.59,61.92,15.1,0.52,2008-06-05
29002,CACHOEIRA,818.56,42.67,62.03,11.7,0.52,2008-06-06
29002,CACHOEIRA,818.41,41.55,60.4,8.12,0.52,2008-06-07
29002,CACHOEIRA,818.25,40.36,58.68,8.64,0.5,2008-06-08
29002,CACHOEIRA,818.08,39.11,56.86,7.73,0.5,2008-06-09
29002,CACHOEIRA,817.91,37.88,55.06,7.34,0.5,2008-06-10
29002,CACHOEIRA,817.87,37.59,54.64,6.1,0.5,2008-06-11
29002,CACHOEIRA,817.89,37.73,54.85,2.19,0.5,2008-06-12
29002,CACHOEIRA,817.92,37.95,55.17,1.46,0.5,2008-06-13
29002,CACHOEIRA,817.96,38.24,55.59,2.5,0.5,2008-06-14
29002,CACHOEIRA,817.99,38.46,55.91,0.96,0.5,2008-06-15
29002,CACHOEIRA,818.04,38.82,56.44,5.18,0.5,2008-06-16
29002,CACHOEIRA,818.08,39.11,56.86,2.65,0.5,2008-06-17
29002,CACHOEIRA,818.12,39.4,57.29,2.86,0.5,2008-06-18
29002,CACHOEIRA,818.14,39.55,57.5,1.0,0.5,2008-06-19
29002,CACHOEIRA,818.17,39.77,57.82,2.23,0.5,2008-06-20
29002,CACHOEIRA,818.19,39.92,58.03,1.4,0.5,2008-06-21
29002,CACHOEIRA,818.21,40.07,58.25,1.57,0.5,2008-06-22
29002,CACHOEIRA,818.24,40.29,58.57,2.6,0.5,2008-06-23
29002,CACHOEIRA,818.25,40.36,58.68,1.08,0.5,2008-06-24
29002,CACHOEIRA,818.26,40.43,58.78,1.09,0.5,2008-06-25
29002,CACHOEIRA,818.28,40.58,59.0,2.11,0.5,2008-06-26
29002,CACHOEIRA,818.3,40.73,59.21,2.13,0.5,2008-06-27
29002,CACHOEIRA,818.24,40.29,58.57,1.2,0.63,2008-06-28
29002,CACHOEIRA,818.17,39.77,57.82,1.25,1.0,2008-06-29
29002,CACHOEIRA,818.1,39.26,57.07,1.31,1.0,2008-06-30
29002,CACHOEIRA,818.03,38.75,56.33,0.23,1.0,2008-07-01
29002,CACHOEIRA,818.03,38.75,56.33,0.23,1.0,2008-07-01
29002,CACHOEIRA,817.96,38.24,55.59,1.48,1.0,2008-07-02
29002,CACHOEIRA,817.88,37.66,54.75,1.11,1.0,2008-07-03
29002,CACHOEIRA,817.82,37.23,54.12,2.25,1.0,2008-07-04
29002,CACHOEIRA,817.73,36.58,53.18,0.89,1.25,2008-07-05
29002,CACHOEIRA,817.65,36.01,52.35,1.19,1.5,2008-07-06
29002,CACHOEIRA,817.57,35.44,51.52,1.24,1.5,2008-07-07
29002,CACHOEIRA,817.48,34.8,50.59,1.22,1.5,2008-07-08
29002,CACHOEIRA,817.38,34.1,49.57,1.18,1.5,2008-07-09
29002,CACHOEIRA,817.28,33.39,48.55,1.02,1.5,2008-07-10
29002,CACHOEIRA,817.25,33.19,48.25,1.92,1.5,2008-07-11
29002,CACHOEIRA,817.29,33.46,48.65,2.04,1.79,2008-07-12
29002,CACHOEIRA,817.26,33.25,48.35,1.05,2.0,2008-07-13
29002,CACHOEIRA,817.31,33.6,48.86,0.91,2.0,2008-07-14
29002,CACHOEIRA,817.31,33.6,48.86,1.0,2.0,2008-07-15
29002,CACHOEIRA,817.3,33.53,48.75,1.02,2.0,2008-07-16
29002,CACHOEIRA,817.28,33.39,48.55,1.04,2.0,2008-07-17
29002,CACHOEIRA,817.28,33.39,48.55,1.01,2.0,2008-07-18
29002,CACHOEIRA,817.26,33.25,48.35,1.03,2.0,2008-07-19
29002,CACHOEIRA,817.24,33.12,48.14,1.06,2.0,2008-07-20
29002,CACHOEIRA,817.24,33.12,48.14,1.0,2.0,2008-07-21
29002,CACHOEIRA,817.24,33.12,48.14,1.01,2.0,2008-07-22
29002,CACHOEIRA,817.25,33.19,48.25,1.02,2.0,2008-07-23
29002,CACHOEIRA,817.25,33.19,48.25,1.0,2.0,2008-07-24
29002,CACHOEIRA,817.25,33.19,48.25,1.0,2.0,2008-07-25
29002,CACHOEIRA,817.28,33.39,48.55,1.84,2.0,2008-07-26
29002,CACHOEIRA,817.32,33.67,48.96,2.85,2.0,2008-07-27
29002,CACHOEIRA,817.35,33.88,49.26,2.29,2.0,2008-07-28
29002,CACHOEIRA,817.38,34.1,49.57,2.59,2.0,2008-07-29
29002,CACHOEIRA,817.4,34.24,49.77,2.5,2.5,2008-07-30
29002,CACHOEIRA,817.42,34.38,49.98,2.77,2.5,2008-07-31
29002,CACHOEIRA,817.44,34.52,50.18,2.99,2.5,2008-08-01
29002,CACHOEIRA,817.44,34.52,50.18,2.99,2.5,2008-08-01
29002,CACHOEIRA,817.41,34.31,49.88,0.84,4.0,2008-08-02
29002,CACHOEIRA,817.4,34.24,49.77,4.39,4.0,2008-08-03
29002,CACHOEIRA,817.49,34.87,50.7,4.3,4.0,2008-08-04
29002,CACHOEIRA,817.52,35.08,51.0,0.96,4.0,2008-08-05
29002,CACHOEIRA,817.55,35.3,51.31,2.7,4.0,2008-08-06
29002,CACHOEIRA,817.59,35.58,51.73,3.56,4.0,2008-08-07
29002,CACHOEIRA,817.67,36.15,52.56,6.33,3.44,2008-08-08
29002,CACHOEIRA,817.74,36.65,53.28,8.58,2.5,2008-08-09
29002,CACHOEIRA,817.79,37.01,53.81,6.66,2.5,2008-08-10
29002,CACHOEIRA,817.84,37.37,54.33,6.67,2.5,2008-08-11
29002,CACHOEIRA,817.76,36.79,53.49,1.12,2.5,2008-08-12
29002,CACHOEIRA,817.74,36.65,53.28,1.03,2.5,2008-08-13
29002,CACHOEIRA,817.75,36.72,53.39,0.99,2.5,2008-08-14
29002,CACHOEIRA,817.74,36.65,53.28,1.03,2.5,2008-08-15
29002,CACHOEIRA,817.73,36.58,53.18,0.99,2.5,2008-08-16
29002,CACHOEIRA,817.72,36.51,53.08,1.05,2.5,2008-08-17
29002,CACHOEIRA,817.71,36.44,52.97,1.04,2.5,2008-08-18
29002,CACHOEIRA,817.69,36.29,52.76,1.05,2.5,2008-08-19
29002,CACHOEIRA,817.68,36.22,52.66,1.04,2.5,2008-08-20
29002,CACHOEIRA,817.67,36.15,52.56,1.01,2.5,2008-08-21
29002,CACHOEIRA,817.66,36.08,52.45,1.01,2.5,2008-08-22
29002,CACHOEIRA,817.64,35.94,52.24,1.04,2.5,2008-08-23
29002,CACHOEIRA,817.63,35.86,52.14,1.01,2.5,2008-08-24
29002,CACHOEIRA,817.62,35.79,52.04,1.02,2.5,2008-08-25
29002,CACHOEIRA,817.61,35.72,51.93,1.03,2.5,2008-08-26
29002,CACHOEIRA,817.6,35.65,51.83,1.04,2.5,2008-08-27
29002,CACHOEIRA,817.58,35.51,51.62,1.05,2.5,2008-08-28
29002,CACHOEIRA,817.59,35.58,51.73,1.03,2.5,2008-08-29
29002,CACHOEIRA,817.59,35.58,51.73,1.0,3.5,2008-08-30
29002,CACHOEIRA,817.59,35.58,51.73,1.08,4.5,2008-08-31
29002,CACHOEIRA,817.57,35.44,51.52,1.04,4.5,2008-09-01
29002,CACHOEIRA,817.57,35.44,51.52,1.04,4.5,2008-09-01
29002,CACHOEIRA,817.54,35.22,51.21,1.05,4.5,2008-09-02
29002,CACHOEIRA,817.57,35.44,51.52,3.03,4.5,2008-09-03
29002,CACHOEIRA,817.62,35.79,52.04,4.64,4.5,2008-09-04
29002,CACHOEIRA,817.63,35.86,52.14,0.99,4.5,2008-09-05
29002,CACHOEIRA,817.64,35.94,52.24,1.82,4.5,2008-09-06
29002,CACHOEIRA,817.65,36.01,52.35,2.68,4.5,2008-09-07
29002,CACHOEIRA,817.67,36.15,52.56,3.35,4.5,2008-09-08
29002,CACHOEIRA,817.68,36.22,52.66,2.45,4.5,2008-09-09
29002,CACHOEIRA,817.68,36.22,52.66,2.5,4.5,2008-09-10
29002,CACHOEIRA,817.68,36.22,52.66,2.87,4.5,2008-09-11
29002,CACHOEIRA,817.67,36.15,52.56,2.42,4.5,2008-09-12
29002,CACHOEIRA,817.66,36.08,52.45,2.51,4.5,2008-09-13
29002,CACHOEIRA,817.63,35.86,52.14,1.5,4.5,2008-09-14
29002,CACHOEIRA,817.62,35.79,52.04,3.9,4.5,2008-09-15
29002,CACHOEIRA,817.6,35.65,51.83,3.66,4.5,2008-09-16
29002,CACHOEIRA,817.57,35.44,51.52,1.55,4.5,2008-09-17
29002,CACHOEIRA,817.53,35.15,51.11,2.68,4.5,2008-09-18
29002,CACHOEIRA,817.5,34.94,50.8,3.48,4.5,2008-09-19
29002,CACHOEIRA,817.43,34.45,50.08,1.12,4.5,2008-09-20
29002,CACHOEIRA,817.37,34.02,49.47,2.05,4.5,2008-09-21
29002,CACHOEIRA,817.41,34.31,49.88,9.05,3.04,2008-09-22
29002,CACHOEIRA,817.41,34.31,49.88,4.68,2.0,2008-09-23
29002,CACHOEIRA,817.39,34.17,49.67,3.45,2.0,2008-09-24
29002,CACHOEIRA,817.36,33.95,49.36,2.78,2.0,2008-09-25
29002,CACHOEIRA,817.32,33.67,48.96,2.29,2.0,2008-09-26
29002,CACHOEIRA,817.3,33.53,48.75,4.21,2.0,2008-09-27
29002,CACHOEIRA,817.28,33.39,48.55,4.48,2.0,2008-09-28
29002,CACHOEIRA,817.25,33.19,48.25,3.34,2.0,2008-09-29
29002,CACHOEIRA,817.21,32.91,47.84,2.92,2.0,2008-09-30
29002,CACHOEIRA,817.17,32.63,47.44,3.57,2.25,2008-10-01
29002,CACHOEIRA,817.17,32.63,47.44,3.57,2.25,2008-10-01
29002,CACHOEIRA,817.17,32.63,47.44,7.21,2.5,2008-10-02
29002,CACHOEIRA,817.15,32.49,47.23,5.78,2.5,2008-10-03
29002,CACHOEIRA,817.12,32.28,46.93,4.05,1.5,2008-10-04
29002,CACHOEIRA,817.09,32.07,46.63,4.23,1.5,2008-10-05
29002,CACHOEIRA,817.06,31.87,46.33,4.38,1.5,2008-10-06
29002,CACHOEIRA,817.05,31.8,46.23,5.86,1.19,2008-10-07
29002,CACHOEIRA,817.02,31.59,45.93,4.26,1.0,2008-10-08
29002,CACHOEIRA,817.0,31.45,45.73,5.24,1.0,2008-10-09
29002,CACHOEIRA,816.97,31.25,45.43,4.63,1.0,2008-10-10
29002,CACHOEIRA,816.94,31.04,45.13,5.04,1.23,2008-10-11
29002,CACHOEIRA,816.89,30.7,44.63,3.9,1.5,2008-10-12
29002,CACHOEIRA,816.88,30.63,44.53,1.68,1.5,2008-10-13
29002,CACHOEIRA,816.88,30.63,44.53,3.0,1.5,2008-10-14
29002,CACHOEIRA,816.91,30.84,44.83,1.32,2.42,2008-10-15
29002,CACHOEIRA,816.94,31.04,45.13,0.98,3.0,2008-10-16
29002,CACHOEIRA,816.97,31.25,45.43,2.39,3.0,2008-10-17
29002,CACHOEIRA,816.98,31.32,45.53,2.32,3.69,2008-10-18
29002,CACHOEIRA,817.0,31.45,45.73,3.92,4.0,2008-10-19
29002,CACHOEIRA,817.0,31.45,45.73,2.97,4.0,2008-10-20
29002,CACHOEIRA,817.01,31.52,45.83,3.94,4.0,2008-10-21
29002,CACHOEIRA,817.01,31.52,45.83,2.11,2.5,2008-10-22
29002,CACHOEIRA,817.01,31.52,45.83,2.23,2.0,2008-10-23
29002,CACHOEIRA,817.0,31.45,45.73,1.02,2.0,2008-10-24
29002,CACHOEIRA,816.98,31.32,45.53,1.67,2.0,2008-10-25
29002,CACHOEIRA,816.96,31.18,45.33,1.55,2.0,2008-10-26
29002,CACHOEIRA,816.93,30.97,45.03,1.06,2.0,2008-10-27
29002,CACHOEIRA,816.88,30.63,44.53,1.14,2.0,2008-10-28
29002,CACHOEIRA,816.83,30.29,44.04,1.64,2.0,2008-10-29
29002,CACHOEIRA,816.92,30.91,44.93,12.4,1.67,2008-10-30
29002,CACHOEIRA,816.92,30.91,44.93,4.39,1.0,2008-10-31
29002,CACHOEIRA,816.89,30.7,44.63,2.3,1.0,2008-11-01
29002,CACHOEIRA,816.89,30.7,44.63,2.3,1.0,2008-11-01
29002,CACHOEIRA,816.85,30.43,44.24,1.74,1.0,2008-11-02
29002,CACHOEIRA,816.83,30.29,44.04,3.56,1.0,2008-11-03
29002,CACHOEIRA,816.81,30.15,43.84,3.82,1.0,2008-11-04
29002,CACHOEIRA,816.76,29.81,43.35,2.12,1.26,2008-11-05
29002,CACHOEIRA,816.72,29.54,42.95,3.67,1.5,2008-11-06
29002,CACHOEIRA,816.71,29.48,42.85,6.54,1.5,2008-11-07
29002,CACHOEIRA,816.76,29.81,43.35,11.16,1.5,2008-11-08
29002,CACHOEIRA,816.86,30.5,44.33,4.49,1.5,2008-11-09
29002,CACHOEIRA,816.97,31.25,45.43,1.2,1.5,2008-11-10
29002,CACHOEIRA,817.23,33.05,48.04,13.16,1.5,2008-11-11
29002,CACHOEIRA,817.43,34.45,50.08,7.44,1.5,2008-11-12
29002,CACHOEIRA,817.53,35.15,51.11,6.58,1.5,2008-11-13
29002,CACHOEIRA,817.67,36.15,52.56,13.68,1.5,2008-11-14
29002,CACHOEIRA,817.74,36.65,53.28,7.93,1.21,2008-11-15
29002,CACHOEIRA,817.83,37.3,54.22,9.04,1.0,2008-11-16
29002,CACHOEIRA,817.88,37.66,54.75,5.83,1.0,2008-11-17
29002,CACHOEIRA,817.93,38.02,55.27,6.04,1.0,2008-11-18
29002,CACHOEIRA,817.99,38.46,55.91,9.11,1.29,2008-11-19
29002,CACHOEIRA,817.94,38.09,55.38,3.27,1.5,2008-11-20
29002,CACHOEIRA,817.9,37.8,54.96,3.28,1.5,2008-11-21
29002,CACHOEIRA,817.85,37.44,54.43,3.73,1.5,2008-11-22
29002,CACHOEIRA,817.81,37.15,54.01,4.5,1.5,2008-11-23
29002,CACHOEIRA,817.82,37.23,54.12,8.66,1.5,2008-11-24
29002,CACHOEIRA,817.81,37.15,54.01,4.56,1.19,2008-11-25
29002,CACHOEIRA,817.78,36.94,53.7,4.7,1.0,2008-11-26
29002,CACHOEIRA,817.77,36.87,53.6,6.44,1.0,2008-11-27
29002,CACHOEIRA,817.78,36.94,53.7,8.24,1.0,2008-11-28
29002,CACHOEIRA,817.76,36.79,53.49,6.02,1.0,2008-11-29
29002,CACHOEIRA,817.74,36.65,53.28,6.19,1.0,2008-11-30
29002,CACHOEIRA,817.72,36.51,53.08,6.12,1.0,2008-12-01
29002,CACHOEIRA,817.72,36.51,53.08,6.12,1.0,2008-12-01
29002,CACHOEIRA,817.7,36.36,52.87,6.22,1.0,2008-12-02
29002,CACHOEIRA,817.67,36.15,52.56,5.34,1.0,2008-12-03
29002,CACHOEIRA,817.64,35.94,52.24,5.47,1.0,2008-12-04
29002,CACHOEIRA,817.57,35.44,51.52,1.24,1.0,2008-12-05
29002,CACHOEIRA,817.5,34.94,50.8,1.21,1.0,2008-12-06
29002,CACHOEIRA,817.44,34.52,50.18,3.47,1.0,2008-12-07
29002,CACHOEIRA,817.39,34.17,49.67,4.5,1.0,2008-12-08
29002,CACHOEIRA,817.39,34.17,49.67,9.33,1.67,2008-12-09
29002,CACHOEIRA,817.25,33.19,48.25,1.26,2.0,2008-12-10
29002,CACHOEIRA,817.2,32.84,47.74,5.81,2.0,2008-12-11
29002,CACHOEIRA,817.17,32.63,47.44,7.24,2.0,2008-12-12
29002,CACHOEIRA,817.12,32.28,46.93,5.35,1.63,2008-12-13
29002,CACHOEIRA,817.02,31.59,45.93,1.52,1.5,2008-12-14
29002,CACHOEIRA,816.95,31.11,45.23,3.83,1.5,2008-12-15
29002,CACHOEIRA,816.89,30.7,44.63,4.69,1.5,2008-12-16
29002,CACHOEIRA,817.01,31.52,45.83,18.37,1.26,2008-12-17
29002,CACHOEIRA,817.07,31.94,46.43,12.83,1.0,2008-12-18
29002,CACHOEIRA,817.08,32.01,46.53,8.62,1.0,2008-12-19
29002,CACHOEIRA,817.15,32.49,47.23,12.79,1.0,2008-12-20
29002,CACHOEIRA,817.18,32.7,47.54,8.98,1.0,2008-12-21
29002,CACHOEIRA,817.25,33.19,48.25,11.15,0.78,2008-12-22
29002,CACHOEIRA,817.32,33.67,48.96,9.78,0.5,2008-12-23
29002,CACHOEIRA,817.17,32.63,47.44,8.49,0.5,2008-12-24
29002,CACHOEIRA,816.99,31.39,45.63,9.15,0.5,2008-12-25
29002,CACHOEIRA,816.85,30.43,44.24,11.67,0.5,2008-12-26
29002,CACHOEIRA,816.65,29.07,42.26,6.33,0.5,2008-12-27
29002,CACHOEIRA,816.51,28.13,40.9,7.41,0.5,2008-12-28
29002,CACHOEIRA,816.4,27.4,39.83,4.16,0.5,2008-12-29
29002,CACHOEIRA,816.46,27.8,40.41,5.13,0.5,2008-12-30
29002,CACHOEIRA,816.55,28.4,41.29,4.54,0.83,2008-12-31
29002,CACHOEIRA,816.74,31.01,43.96,22.49,1.0,2009-01-01
29002,CACHOEIRA,816.74,31.01,43.96,22.49,1.0,2009-01-01
29002,CACHOEIRA,816.69,30.66,43.46,10.95,1.0,2009-01-02
29002,CACHOEIRA,816.64,30.31,42.96,10.81,1.0,2009-01-03
29002,CACHOEIRA,816.59,29.96,42.47,10.24,0.66,2009-01-04
29002,CACHOEIRA,816.62,30.17,42.77,16.31,0.5,2009-01-05
29002,CACHOEIRA,816.57,29.83,42.27,9.66,0.5,2009-01-06
29002,CACHOEIRA,816.51,29.41,41.68,8.42,0.5,2009-01-07
29002,CACHOEIRA,816.43,28.86,40.9,6.9,0.5,2009-01-08
29002,CACHOEIRA,816.36,28.37,40.22,7.55,0.5,2009-01-09
29002,CACHOEIRA,816.3,27.96,39.63,8.22,0.5,2009-01-10
29002,CACHOEIRA,816.32,28.1,39.83,15.97,0.5,2009-01-11
29002,CACHOEIRA,816.27,27.76,39.34,10.82,0.5,2009-01-12
29002,CACHOEIRA,816.19,27.21,38.56,8.44,0.5,2009-01-13
29002,CACHOEIRA,816.11,26.66,37.79,8.37,0.5,2009-01-14
29002,CACHOEIRA,816.14,26.87,38.08,17.0,0.5,2009-01-15
29002,CACHOEIRA,816.13,26.8,37.98,13.84,0.5,2009-01-16
29002,CACHOEIRA,816.16,27.0,38.27,16.97,0.5,2009-01-17
29002,CACHOEIRA,816.15,26.94,38.18,13.82,0.5,2009-01-18
29002,CACHOEIRA,816.14,26.87,38.08,13.78,0.5,2009-01-19
29002,CACHOEIRA,816.09,26.53,37.6,10.59,0.5,2009-01-20
29002,CACHOEIRA,816.03,26.12,37.02,9.75,0.5,2009-01-21
29002,CACHOEIRA,816.01,25.98,36.83,12.83,0.5,2009-01-22
29002,CACHOEIRA,816.04,26.19,37.12,16.75,0.5,2009-01-23
29002,CACHOEIRA,816.07,26.39,37.41,16.77,0.5,2009-01-24
29002,CACHOEIRA,816.06,26.32,37.31,13.62,0.5,2009-01-25
29002,CACHOEIRA,816.18,27.14,38.47,23.89,0.5,2009-01-26
29002,CACHOEIRA,816.31,28.03,39.73,24.84,0.5,2009-01-27
29002,CACHOEIRA,816.38,28.51,40.41,20.18,0.5,2009-01-28
29002,CACHOEIRA,816.44,28.92,41.0,19.45,0.5,2009-01-29
29002,CACHOEIRA,816.58,29.9,42.37,25.95,0.5,2009-01-30
29002,CACHOEIRA,816.68,30.59,43.36,22.44,0.5,2009-01-31
29002,CACHOEIRA,816.71,30.8,43.66,16.16,0.5,2009-02-01
29002,CACHOEIRA,816.71,30.8,43.66,16.16,0.5,2009-02-01
29002,CACHOEIRA,816.72,30.87,43.76,13.8,0.5,2009-02-02
29002,CACHOEIRA,816.72,30.87,43.76,12.3,0.5,2009-02-03
29002,CACHOEIRA,816.73,30.94,43.86,12.12,0.5,2009-02-04
29002,CACHOEIRA,816.78,31.29,44.35,14.62,0.5,2009-02-05
29002,CACHOEIRA,816.77,31.22,44.25,13.35,0.5,2009-02-06
29002,CACHOEIRA,816.7,30.73,43.56,9.06,0.5,2009-02-07
29002,CACHOEIRA,816.66,30.45,43.16,11.05,0.5,2009-02-08
29002,CACHOEIRA,816.66,30.45,43.16,8.71,0.5,2009-02-09
29002,CACHOEIRA,816.83,31.64,44.85,11.82,0.5,2009-02-10
29002,CACHOEIRA,816.95,32.49,46.05,19.59,0.5,2009-02-11
29002,CACHOEIRA,817.06,33.27,47.16,20.67,0.5,2009-02-12
29002,CACHOEIRA,817.13,33.77,47.86,15.99,0.5,2009-02-13
29002,CACHOEIRA,817.19,34.2,48.47,15.07,0.5,2009-02-14
29002,CACHOEIRA,817.45,36.07,51.13,30.38,0.5,2009-02-15
29002,CACHOEIRA,817.92,39.51,56.0,39.52,0.5,2009-02-16
29002,CACHOEIRA,818.12,41.0,58.11,26.08,0.5,2009-02-17
29002,CACHOEIRA,818.03,40.33,57.16,12.78,0.5,2009-02-18
29002,CACHOEIRA,817.97,39.88,56.53,15.3,0.5,2009-02-19
29002,CACHOEIRA,817.88,39.22,55.58,12.68,0.5,2009-02-20
29002,CACHOEIRA,817.76,38.33,54.33,10.04,0.5,2009-02-21
29002,CACHOEIRA,817.64,37.45,53.08,9.98,0.5,2009-02-22
29002,CACHOEIRA,817.55,36.8,52.15,12.45,0.5,2009-02-23
29002,CACHOEIRA,817.5,36.43,51.64,15.77,0.5,2009-02-24
29002,CACHOEIRA,817.65,37.53,53.19,32.7,0.5,2009-02-25
29002,CACHOEIRA,817.64,37.45,53.08,19.25,0.5,2009-02-26
29002,CACHOEIRA,817.62,37.31,52.88,18.39,0.5,2009-02-27
29002,CACHOEIRA,817.58,37.02,52.46,16.67,0.5,2009-02-28
29002,CACHOEIRA,817.51,36.51,51.74,14.1,0.5,2009-03-01
29002,CACHOEIRA,817.51,36.51,51.74,14.1,0.5,2009-03-01
29002,CACHOEIRA,817.4,35.71,50.61,10.68,0.5,2009-03-02
29002,CACHOEIRA,817.26,34.7,49.18,7.91,0.5,2009-03-03
29002,CACHOEIRA,817.16,33.98,48.17,11.34,0.5,2009-03-04
29002,CACHOEIRA,817.05,33.2,47.06,10.44,0.5,2009-03-05
29002,CACHOEIRA,816.86,31.86,45.15,3.83,0.5,2009-03-06
29002,CACHOEIRA,816.86,31.86,45.15,7.32,0.5,2009-03-07
29002,CACHOEIRA,816.88,32.0,45.35,7.05,0.5,2009-03-08
29002,CACHOEIRA,816.94,32.42,45.95,10.13,0.5,2009-03-09
29002,CACHOEIRA,817.08,33.41,47.36,11.48,0.5,2009-03-10
29002,CACHOEIRA,817.22,34.41,48.78,8.76,0.5,2009-03-11
29002,CACHOEIRA,817.27,34.77,49.29,15.41,0.5,2009-03-12
29002,CACHOEIRA,817.28,34.84,49.39,10.37,0.5,2009-03-13
29002,CACHOEIRA,817.33,35.2,49.9,12.83,0.5,2009-03-14
29002,CACHOEIRA,817.39,35.64,50.51,13.63,0.5,2009-03-15
29002,CACHOEIRA,817.41,35.78,50.72,9.78,0.5,2009-03-16
29002,CACHOEIRA,817.41,35.78,50.72,7.56,0.5,2009-03-17
29002,CACHOEIRA,817.75,38.26,54.23,35.56,0.5,2009-03-18
29002,CACHOEIRA,818.01,40.18,56.95,28.39,0.5,2009-03-19
29002,CACHOEIRA,818.08,40.7,57.69,22.81,0.5,2009-03-20
29002,CACHOEIRA,818.04,40.4,57.26,17.0,0.5,2009-03-21
29002,CACHOEIRA,817.97,39.88,56.53,14.12,0.5,2009-03-22
29002,CACHOEIRA,817.89,39.29,55.69,12.93,0.5,2009-03-23
29002,CACHOEIRA,817.81,38.7,54.85,12.51,0.5,2009-03-24
29002,CACHOEIRA,817.72,38.04,53.91,11.19,0.5,2009-03-25
29002,CACHOEIRA,817.61,37.23,52.77,9.04,0.5,2009-03-26
29002,CACHOEIRA,817.51,36.51,51.74,9.49,0.5,2009-03-27
29002,CACHOEIRA,817.43,35.93,50.92,10.76,0.5,2009-03-28
29002,CACHOEIRA,817.4,35.71,50.61,14.45,0.5,2009-03-29
29002,CACHOEIRA,817.34,35.28,50.0,11.34,0.5,2009-03-30
29002,CACHOEIRA,817.31,35.06,49.69,13.23,0.5,2009-03-31
29002,CACHOEIRA,817.26,34.7,49.18,11.02,0.5,2009-04-01
29002,CACHOEIRA,817.26,34.7,49.18,11.02,0.5,2009-04-01
29002,CACHOEIRA,817.2,34.27,48.57,9.77,0.5,2009-04-02
29002,CACHOEIRA,817.13,33.77,47.86,8.63,0.5,2009-04-03
29002,CACHOEIRA,817.06,33.27,47.16,8.44,0.75,2009-04-04
29002,CACHOEIRA,816.99,32.77,46.45,8.25,1.0,2009-04-05
29002,CACHOEIRA,817.07,33.34,47.26,8.84,1.0,2009-04-06
29002,CACHOEIRA,817.17,34.06,48.27,8.61,1.0,2009-04-07
29002,CACHOEIRA,817.28,34.84,49.39,9.15,1.0,2009-04-08
29002,CACHOEIRA,817.37,35.49,50.31,7.36,1.0,2009-04-09
29002,CACHOEIRA,817.45,36.07,51.13,6.51,1.0,2009-04-10
29002,CACHOEIRA,817.54,36.72,52.05,7.51,1.0,2009-04-11
29002,CACHOEIRA,817.61,37.23,52.77,6.19,1.23,2009-04-12
29002,CACHOEIRA,817.68,37.75,53.5,6.74,1.5,2009-04-13
29002,CACHOEIRA,817.78,38.48,54.54,9.26,1.5,2009-04-14
29002,CACHOEIRA,817.86,39.07,55.37,6.03,1.5,2009-04-15
29002,CACHOEIRA,817.92,39.51,56.0,5.57,1.5,2009-04-16
29002,CACHOEIRA,817.97,39.88,56.53,5.36,1.5,2009-04-17
29002,CACHOEIRA,818.03,40.33,57.16,6.31,1.5,2009-04-18
29002,CACHOEIRA,818.1,40.85,57.9,7.44,1.5,2009-04-19
29002,CACHOEIRA,818.14,41.15,58.32,5.1,1.5,2009-04-20
29002,CACHOEIRA,818.19,41.52,58.85,6.38,1.5,2009-04-21
29002,CACHOEIRA,818.22,41.75,59.17,4.99,1.5,2009-04-22
29002,CACHOEIRA,818.26,42.05,59.6,6.21,1.5,2009-04-23
29002,CACHOEIRA,818.31,42.42,60.13,7.32,1.5,2009-04-24
29002,CACHOEIRA,818.36,42.8,60.66,7.65,1.75,2009-04-25
29002,CACHOEIRA,818.4,43.1,61.09,7.09,2.0,2009-04-26
29002,CACHOEIRA,818.42,43.25,61.31,5.14,2.0,2009-04-27
29002,CACHOEIRA,818.42,43.25,61.31,3.96,2.0,2009-04-28
29002,CACHOEIRA,818.44,43.4,61.52,5.87,2.0,2009-04-29
29002,CACHOEIRA,818.45,43.48,61.63,5.19,2.0,2009-04-30
29002,CACHOEIRA,818.49,43.78,62.06,8.14,2.0,2009-05-01
29002,CACHOEIRA,818.49,43.78,62.06,8.14,2.0,2009-05-01
29002,CACHOEIRA,818.49,43.78,62.06,4.87,2.0,2009-05-02
29002,CACHOEIRA,818.49,43.78,62.06,5.12,2.0,2009-05-03
29002,CACHOEIRA,818.48,43.71,61.95,4.53,2.0,2009-05-04
29002,CACHOEIRA,818.48,43.71,61.95,5.57,2.0,2009-05-05
29002,CACHOEIRA,818.48,43.71,61.95,5.08,2.0,2009-05-06
29002,CACHOEIRA,818.47,43.63,61.84,4.27,2.0,2009-05-07
29002,CACHOEIRA,818.46,43.56,61.73,4.54,2.0,2009-05-08
29002,CACHOEIRA,818.45,43.48,61.63,4.37,2.0,2009-05-09
29002,CACHOEIRA,818.46,43.56,61.73,6.04,2.0,2009-05-10
29002,CACHOEIRA,818.51,43.94,62.27,9.44,2.0,2009-05-11
29002,CACHOEIRA,818.5,43.86,62.16,4.2,2.0,2009-05-12
29002,CACHOEIRA,818.49,43.78,62.06,4.19,2.0,2009-05-13
29002,CACHOEIRA,818.48,43.71,61.95,4.32,2.0,2009-05-14
29002,CACHOEIRA,818.48,43.71,61.95,5.34,2.0,2009-05-15
29002,CACHOEIRA,818.5,43.86,62.16,7.11,2.0,2009-05-16
29002,CACHOEIRA,818.51,43.94,62.27,5.26,1.0,2009-05-17
29002,CACHOEIRA,818.5,43.86,62.16,3.65,1.0,2009-05-18
29002,CACHOEIRA,818.5,43.86,62.16,3.08,1.0,2009-05-19
29002,CACHOEIRA,818.49,43.78,62.06,3.78,1.0,2009-05-20
29002,CACHOEIRA,818.49,43.78,62.06,5.04,1.25,2009-05-21
29002,CACHOEIRA,818.48,43.71,61.95,4.71,1.5,2009-05-22
29002,CACHOEIRA,818.45,43.48,61.63,3.09,1.5,2009-05-23
29002,CACHOEIRA,818.43,43.33,61.41,4.07,1.5,2009-05-24
29002,CACHOEIRA,818.4,43.1,61.09,3.46,1.5,2009-05-25
29002,CACHOEIRA,818.39,43.03,60.98,5.32,1.5,2009-05-26
29002,CACHOEIRA,818.37,42.88,60.77,4.58,1.5,2009-05-27
29002,CACHOEIRA,818.36,42.8,60.66,5.74,1.5,2009-05-28
29002,CACHOEIRA,818.34,42.65,60.45,4.83,1.5,2009-05-29
29002,CACHOEIRA,818.32,42.5,60.24,4.95,1.5,2009-05-30
29002,CACHOEIRA,818.29,42.27,59.92,4.19,1.5,2009-05-31
29002,CACHOEIRA,818.26,42.05,59.6,4.31,1.5,2009-06-01
29002,CACHOEIRA,818.26,42.05,59.6,4.31,1.5,2009-06-01
29002,CACHOEIRA,818.24,41.9,59.38,5.29,1.5,2009-06-02
29002,CACHOEIRA,818.19,41.52,58.85,2.93,1.5,2009-06-03
29002,CACHOEIRA,818.16,41.3,58.53,4.77,1.5,2009-06-04
29002,CACHOEIRA,818.12,41.0,58.11,4.13,1.5,2009-06-05
29002,CACHOEIRA,818.08,40.7,57.69,4.48,1.75,2009-06-06
29002,CACHOEIRA,818.02,40.25,57.05,3.08,2.0,2009-06-07
29002,CACHOEIRA,817.97,39.88,56.53,4.03,2.0,2009-06-08
29002,CACHOEIRA,817.91,39.44,55.9,3.25,2.0,2009-06-09
29002,CACHOEIRA,817.86,39.07,55.37,4.19,2.0,2009-06-10
29002,CACHOEIRA,817.87,39.14,55.48,9.29,2.0,2009-06-11
29002,CACHOEIRA,817.84,38.92,55.17,5.12,1.25,2009-06-12
29002,CACHOEIRA,817.82,38.77,54.96,5.68,1.0,2009-06-13
29002,CACHOEIRA,817.8,38.63,54.75,5.79,1.0,2009-06-14
29002,CACHOEIRA,817.75,38.26,54.23,3.34,1.0,2009-06-15
29002,CACHOEIRA,817.71,37.97,53.81,4.26,1.0,2009-06-16
29002,CACHOEIRA,817.66,37.6,53.29,3.89,1.38,2009-06-17
29002,CACHOEIRA,817.61,37.23,52.77,4.09,1.5,2009-06-18
29002,CACHOEIRA,817.55,36.8,52.15,3.33,1.5,2009-06-19
29002,CACHOEIRA,817.53,36.65,51.95,3.25,1.5,2009-06-20
29002,CACHOEIRA,817.56,36.87,52.26,2.59,1.5,2009-06-21
29002,CACHOEIRA,817.62,37.31,52.88,6.13,1.5,2009-06-22
29002,CACHOEIRA,817.67,37.67,53.4,5.76,1.5,2009-06-23
29002,CACHOEIRA,817.71,37.97,53.81,1.68,1.5,2009-06-24
29002,CACHOEIRA,817.75,38.26,54.23,3.69,1.5,2009-06-25
29002,CACHOEIRA,817.81,38.7,54.85,7.18,1.5,2009-06-26
29002,CACHOEIRA,817.88,39.22,55.58,8.1,1.5,2009-06-27
29002,CACHOEIRA,817.92,39.51,56.0,5.45,1.5,2009-06-28
29002,CACHOEIRA,818.03,40.33,57.16,11.42,1.5,2009-06-29
29002,CACHOEIRA,818.08,40.7,57.69,6.36,1.5,2009-06-30
29002,CACHOEIRA,818.11,40.92,58.0,3.8,1.5,2009-07-01
29002,CACHOEIRA,818.11,40.92,58.0,3.8,1.5,2009-07-01
29002,CACHOEIRA,818.15,41.22,58.43,6.11,1.91,2009-07-02
29002,CACHOEIRA,818.19,41.52,58.85,6.38,2.0,2009-07-03
29002,CACHOEIRA,818.22,41.75,59.17,5.55,2.0,2009-07-04
29002,CACHOEIRA,818.24,41.9,59.38,4.71,2.0,2009-07-05
29002,CACHOEIRA,818.26,42.05,59.6,4.86,2.0,2009-07-06
29002,CACHOEIRA,818.19,41.52,58.85,1.0,2.0,2009-07-07
29002,CACHOEIRA,818.1,40.85,57.9,2.69,2.0,2009-07-08
29002,CACHOEIRA,818.02,40.25,57.05,3.6,2.0,2009-07-09
29002,CACHOEIRA,817.92,39.51,56.0,1.97,2.0,2009-07-10
29002,CACHOEIRA,817.85,38.99,55.27,4.42,2.0,2009-07-11
29002,CACHOEIRA,817.83,38.85,55.06,8.5,2.0,2009-07-12
29002,CACHOEIRA,817.79,38.55,54.64,6.76,2.0,2009-07-13
29002,CACHOEIRA,817.73,38.11,54.02,5.0,2.0,2009-07-14
29002,CACHOEIRA,817.65,37.53,53.19,3.23,2.0,2009-07-15
29002,CACHOEIRA,817.57,36.94,52.36,3.29,2.0,2009-07-16
29002,CACHOEIRA,817.47,36.22,51.33,1.52,2.0,2009-07-17
29002,CACHOEIRA,817.39,35.64,50.51,2.63,2.0,2009-07-18
29002,CACHOEIRA,817.3,34.99,49.59,2.45,2.0,2009-07-19
29002,CACHOEIRA,817.23,34.49,48.88,4.03,2.0,2009-07-20
29002,CACHOEIRA,817.14,33.84,47.97,2.44,2.0,2009-07-21
29002,CACHOEIRA,817.04,33.13,46.96,1.64,2.0,2009-07-22
29002,CACHOEIRA,816.95,32.49,46.05,2.5,2.0,2009-07-23
29002,CACHOEIRA,816.87,31.93,45.25,3.46,2.0,2009-07-24
29002,CACHOEIRA,816.84,31.71,44.95,7.38,2.0,2009-07-25
29002,CACHOEIRA,816.83,31.64,44.85,8.73,2.0,2009-07-26
29002,CACHOEIRA,816.81,31.5,44.65,7.61,2.0,2009-07-27
29002,CACHOEIRA,816.77,31.22,44.25,5.55,2.0,2009-07-28
29002,CACHOEIRA,816.77,31.22,44.25,8.51,2.0,2009-07-29
29002,CACHOEIRA,816.81,31.5,44.65,11.52,2.0,2009-07-30
29002,CACHOEIRA,816.79,31.36,44.45,6.5,2.0,2009-07-31
29002,CACHOEIRA,816.76,31.15,44.15,5.32,1.5,2009-08-01
29002,CACHOEIRA,816.76,31.15,44.15,5.32,1.5,2009-08-01
29002,CACHOEIRA,816.7,30.73,43.56,2.46,1.0,2009-08-02
29002,CACHOEIRA,816.65,30.38,43.06,3.33,1.0,2009-08-03
29002,CACHOEIRA,816.6,30.03,42.57,3.42,1.0,2009-08-04
29002,CACHOEIRA,816.55,29.69,42.08,3.49,1.0,2009-08-05
29002,CACHOEIRA,816.55,29.69,42.08,1.18,1.5,2009-08-06
29002,CACHOEIRA,816.55,29.69,42.08,2.69,2.0,2009-08-07
29002,CACHOEIRA,816.51,29.41,41.68,1.01,2.0,2009-08-08
29002,CACHOEIRA,816.46,29.06,41.19,0.99,2.0,2009-08-09
29002,CACHOEIRA,816.44,28.92,41.0,2.18,2.0,2009-08-10
29002,CACHOEIRA,816.41,28.72,40.7,1.8,2.0,2009-08-11
29002,CACHOEIRA,816.35,28.3,40.12,1.03,2.0,2009-08-12
29002,CACHOEIRA,816.39,28.58,40.51,1.0,2.0,2009-08-13
29002,CACHOEIRA,816.43,28.86,40.9,1.03,2.0,2009-08-14
29002,CACHOEIRA,816.47,29.13,41.29,1.02,2.0,2009-08-15
29002,CACHOEIRA,816.51,29.41,41.68,1.0,2.0,2009-08-16
29002,CACHOEIRA,816.52,29.48,41.78,1.0,2.0,2009-08-17
29002,CACHOEIRA,816.53,29.55,41.88,0.99,2.0,2009-08-18
29002,CACHOEIRA,816.55,29.69,42.08,1.04,2.0,2009-08-19
29002,CACHOEIRA,816.59,29.96,42.47,2.88,2.0,2009-08-20
29002,CACHOEIRA,816.63,30.24,42.87,3.4,2.0,2009-08-21
29002,CACHOEIRA,816.68,30.59,43.36,4.51,2.0,2009-08-22
29002,CACHOEIRA,816.7,30.73,43.56,2.47,2.0,2009-08-23
29002,CACHOEIRA,816.71,30.8,43.66,1.81,2.0,2009-08-24
29002,CACHOEIRA,816.71,30.8,43.66,1.54,2.0,2009-08-25
29002,CACHOEIRA,816.71,30.8,43.66,1.86,2.0,2009-08-26
29002,CACHOEIRA,816.77,31.22,44.25,1.1,2.0,2009-08-27
29002,CACHOEIRA,816.86,31.86,45.15,2.02,2.0,2009-08-28
29002,CACHOEIRA,816.93,32.35,45.85,1.01,2.0,2009-08-29
29002,CACHOEIRA,817.03,33.06,46.86,4.03,2.0,2009-08-30
29002,CACHOEIRA,817.1,33.56,47.56,2.33,2.0,2009-08-31
29002,CACHOEIRA,817.14,33.84,47.97,1.02,2.0,2009-09-01
29002,CACHOEIRA,817.14,33.84,47.97,1.02,2.0,2009-09-01
29002,CACHOEIRA,817.19,34.2,48.47,1.6,2.0,2009-09-02
29002,CACHOEIRA,817.24,34.56,48.98,2.14,2.0,2009-09-03
29002,CACHOEIRA,817.29,34.92,49.49,2.65,2.0,2009-09-04
29002,CACHOEIRA,817.34,35.28,50.0,2.88,2.0,2009-09-05
29002,CACHOEIRA,817.32,35.13,49.8,2.03,2.0,2009-09-06
29002,CACHOEIRA,817.3,34.99,49.59,4.76,2.0,2009-09-07
29002,CACHOEIRA,817.25,34.63,49.08,2.53,2.0,2009-09-08
29002,CACHOEIRA,817.33,35.2,49.9,12.73,1.67,2009-09-09
29002,CACHOEIRA,817.53,36.65,51.95,19.74,1.0,2009-09-10
29002,CACHOEIRA,817.62,37.31,52.88,8.59,1.0,2009-09-11
29002,CACHOEIRA,817.67,37.67,53.4,5.23,1.0,2009-09-12
29002,CACHOEIRA,817.71,37.97,53.81,4.39,1.0,2009-09-13
29002,CACHOEIRA,817.75,38.26,54.23,4.4,1.0,2009-09-14
29002,CACHOEIRA,817.78,38.48,54.54,3.55,1.0,2009-09-15
29002,CACHOEIRA,817.71,37.97,53.81,3.2,1.0,2009-09-16
29002,CACHOEIRA,817.57,36.94,52.36,2.06,1.0,2009-09-17
29002,CACHOEIRA,817.44,36.0,51.02,5.65,1.67,2009-09-18
29002,CACHOEIRA,817.31,35.06,49.69,5.94,2.0,2009-09-19
29002,CACHOEIRA,817.16,33.98,48.17,4.24,2.0,2009-09-20
29002,CACHOEIRA,817.02,32.99,46.75,2.11,2.0,2009-09-21
29002,CACHOEIRA,817.15,33.91,48.07,4.79,2.0,2009-09-22
29002,CACHOEIRA,817.22,34.41,48.78,3.72,2.0,2009-09-23
29002,CACHOEIRA,817.26,34.7,49.18,6.59,2.0,2009-09-24
29002,CACHOEIRA,817.3,34.99,49.59,4.84,2.0,2009-09-25
29002,CACHOEIRA,817.3,34.99,49.59,2.69,2.0,2009-09-26
29002,CACHOEIRA,817.26,34.7,49.18,0.99,2.0,2009-09-27
29002,CACHOEIRA,817.25,34.63,49.08,3.72,2.0,2009-09-28
29002,CACHOEIRA,817.23,34.49,48.88,3.22,2.0,2009-09-29
29002,CACHOEIRA,817.2,34.27,48.57,3.51,2.8,2009-09-30
29002,CACHOEIRA,817.16,33.98,48.17,2.29,2.0,2009-10-01
29002,CACHOEIRA,817.16,33.98,48.17,2.29,2.0,2009-10-01
29002,CACHOEIRA,817.11,33.63,47.66,1.87,2.0,2009-10-02
29002,CACHOEIRA,817.07,33.34,47.26,2.92,2.0,2009-10-03
29002,CACHOEIRA,817.02,32.99,46.75,2.5,2.0,2009-10-04
29002,CACHOEIRA,816.95,32.49,46.05,1.02,2.0,2009-10-05
29002,CACHOEIRA,816.89,32.07,45.45,1.78,2.0,2009-10-06
29002,CACHOEIRA,816.87,31.93,45.25,5.3,2.0,2009-10-07
29002,CACHOEIRA,816.87,31.93,45.25,7.06,2.0,2009-10-08
29002,CACHOEIRA,816.96,32.56,46.15,14.45,2.0,2009-10-09
29002,CACHOEIRA,817.01,32.92,46.65,11.22,2.0,2009-10-10
29002,CACHOEIRA,816.99,32.77,46.45,5.34,2.0,2009-10-11
29002,CACHOEIRA,816.96,32.56,46.15,4.65,2.0,2009-10-12
29002,CACHOEIRA,816.92,32.28,45.75,3.91,2.0,2009-10-13
29002,CACHOEIRA,816.9,32.14,45.55,1.95,2.0,2009-10-14
29002,CACHOEIRA,816.93,32.35,45.85,2.31,2.0,2009-10-15
29002,CACHOEIRA,817.0,32.85,46.55,6.18,2.0,2009-10-16
29002,CACHOEIRA,817.04,33.13,46.96,3.87,2.0,2009-10-17
29002,CACHOEIRA,817.07,33.34,47.26,3.48,2.0,2009-10-18
29002,CACHOEIRA,817.12,33.7,47.76,5.33,2.0,2009-10-19
29002,CACHOEIRA,817.4,35.71,50.61,23.92,2.0,2009-10-20
29002,CACHOEIRA,817.41,35.78,50.72,8.33,2.0,2009-10-21
29002,CACHOEIRA,817.39,35.64,50.51,5.92,2.0,2009-10-22
29002,CACHOEIRA,817.41,35.78,50.72,8.1,1.15,2009-10-23
29002,CACHOEIRA,817.38,35.56,50.41,3.44,1.0,2009-10-24
29002,CACHOEIRA,817.34,35.28,50.0,3.34,2.01,2009-10-25
29002,CACHOEIRA,817.3,34.99,49.59,3.24,2.0,2009-10-26
29002,CACHOEIRA,817.29,34.92,49.49,5.59,2.0,2009-10-27
29002,CACHOEIRA,817.26,34.7,49.18,3.71,2.0,2009-10-28
29002,CACHOEIRA,817.29,34.92,49.49,8.54,2.0,2009-10-29
29002,CACHOEIRA,817.28,34.84,49.39,5.07,2.0,2009-10-30
29002,CACHOEIRA,817.21,34.34,48.68,4.95,2.0,2009-10-31
29002,CACHOEIRA,817.14,33.84,47.97,7.17,2.0,2009-11-01
29002,CACHOEIRA,817.14,33.84,47.97,7.17,2.0,2009-11-01
29002,CACHOEIRA,817.03,33.06,46.86,2.62,2.0,2009-11-02
29002,CACHOEIRA,817.0,32.85,46.55,1.24,2.0,2009-11-03
29002,CACHOEIRA,816.98,32.7,46.35,1.02,2.5,2009-11-04
29002,CACHOEIRA,816.94,32.42,45.95,1.01,3.0,2009-11-05
29002,CACHOEIRA,816.9,32.14,45.55,1.06,3.0,2009-11-06
29002,CACHOEIRA,816.84,31.71,44.95,1.03,3.0,2009-11-07
29002,CACHOEIRA,816.78,31.29,44.35,0.99,3.0,2009-11-08
29002,CACHOEIRA,816.75,31.08,44.05,3.21,3.0,2009-11-09
29002,CACHOEIRA,816.71,30.8,43.66,2.66,3.0,2009-11-10
29002,CACHOEIRA,816.72,30.87,43.76,3.35,3.0,2009-11-11
29002,CACHOEIRA,816.89,32.07,45.45,13.84,3.0,2009-11-12
29002,CACHOEIRA,817.09,33.48,47.46,15.8,2.38,2009-11-13
29002,CACHOEIRA,817.15,33.91,48.07,4.36,2.0,2009-11-14
29002,CACHOEIRA,817.19,34.2,48.47,3.31,2.0,2009-11-15
29002,CACHOEIRA,817.23,34.49,48.88,3.56,2.0,2009-11-16
29002,CACHOEIRA,817.34,35.28,50.0,12.47,2.0,2009-11-17
29002,CACHOEIRA,817.34,35.28,50.0,3.64,2.0,2009-11-18
29002,CACHOEIRA,817.33,35.2,49.9,2.67,2.0,2009-11-19
29002,CACHOEIRA,817.23,34.49,48.88,1.78,2.0,2009-11-20
29002,CACHOEIRA,817.2,34.27,48.57,9.58,2.0,2009-11-21
29002,CACHOEIRA,817.17,34.06,48.27,9.92,2.0,2009-11-22
29002,CACHOEIRA,817.11,33.63,47.66,7.07,2.0,2009-11-23
29002,CACHOEIRA,817.06,33.27,47.16,7.76,2.0,2009-11-24
29002,CACHOEIRA,817.12,33.7,47.76,8.29,2.0,2009-11-25
29002,CACHOEIRA,817.15,33.91,48.07,3.43,1.31,2009-11-26
29002,CACHOEIRA,817.16,33.98,48.17,1.73,0.5,2009-11-27
29002,CACHOEIRA,817.23,34.49,48.88,6.96,0.5,2009-11-28
29002,CACHOEIRA,817.32,35.13,49.8,8.81,0.5,2009-11-29
29002,CACHOEIRA,817.35,35.35,50.1,4.12,0.5,2009-11-30
29002,CACHOEIRA,817.35,35.35,50.1,1.81,0.5,2009-12-01
29002,CACHOEIRA,817.35,35.35,50.1,1.81,0.5,2009-12-01
29002,CACHOEIRA,817.35,35.35,50.1,2.15,0.5,2009-12-02
29002,CACHOEIRA,817.56,36.87,52.26,16.39,0.5,2009-12-03
29002,CACHOEIRA,817.82,38.77,54.96,19.32,0.5,2009-12-04
29002,CACHOEIRA,818.0,40.1,56.84,12.36,0.5,2009-12-05
29002,CACHOEIRA,818.12,41.0,58.11,7.09,0.5,2009-12-06
29002,CACHOEIRA,818.34,42.65,60.45,8.44,0.5,2009-12-07
29002,CACHOEIRA,818.46,43.56,61.73,9.77,0.5,2009-12-08
29002,CACHOEIRA,818.97,47.46,67.27,44.12,0.5,2009-12-09
29002,CACHOEIRA,819.29,49.96,70.81,29.39,0.5,2009-12-10
29002,CACHOEIRA,819.69,53.13,75.3,37.17,0.5,2009-12-11
29002,CACHOEIRA,819.95,55.22,78.26,24.67,0.5,2009-12-12
29002,CACHOEIRA,820.18,57.08,80.91,22.1,0.5,2009-12-13
29002,CACHOEIRA,820.53,59.96,84.98,33.76,0.5,2009-12-14
29002,CACHOEIRA,820.67,61.12,86.63,25.48,0.5,2009-12-15
29002,CACHOEIRA,820.65,60.95,86.39,23.75,0.5,2009-12-16
29002,CACHOEIRA,820.57,60.29,85.45,17.93,0.5,2009-12-17
29002,CACHOEIRA,820.65,60.95,86.39,33.29,0.5,2009-12-18
29002,CACHOEIRA,820.88,62.87,89.11,23.77,0.5,2009-12-19
29002,CACHOEIRA,820.97,63.63,90.18,12.42,3.67,2009-12-20
29002,CACHOEIRA,820.84,62.54,88.64,10.78,5.1,2009-12-21
29002,CACHOEIRA,820.67,61.12,86.63,8.48,5.0,2009-12-22
29002,CACHOEIRA,820.48,59.54,84.4,6.54,5.0,2009-12-23
29002,CACHOEIRA,820.45,59.3,84.04,13.33,5.02,2009-12-24
29002,CACHOEIRA,820.45,59.3,84.04,11.99,5.0,2009-12-25
29002,CACHOEIRA,820.41,58.97,83.58,19.38,5.0,2009-12-26
29002,CACHOEIRA,820.16,56.92,80.68,11.28,5.0,2009-12-27
29002,CACHOEIRA,820.08,56.27,79.76,27.22,5.0,2009-12-28
29002,CACHOEIRA,820.02,55.78,79.07,29.03,5.0,2009-12-29
29002,CACHOEIRA,820.01,55.7,78.95,15.17,5.0,2009-12-30
29002,CACHOEIRA,820.1,56.43,79.99,13.45,5.0,2009-12-31
29002,CACHOEIRA,820.19,57.16,81.02,13.48,5.0,2010-01-01
29002,CACHOEIRA,820.19,57.16,81.02,13.48,5.0,2010-01-01
29002,CACHOEIRA,820.5,59.71,84.63,34.44,5.0,2010-01-02
29002,CACHOEIRA,820.68,61.2,86.74,23.77,6.5,2010-01-03
29002,CACHOEIRA,820.77,61.95,87.81,15.68,7.0,2010-01-04
29002,CACHOEIRA,820.86,62.7,88.87,19.25,5.92,2010-01-05
29002,CACHOEIRA,820.8,62.2,88.16,24.98,5.09,2010-01-06
29002,CACHOEIRA,820.64,60.87,86.27,24.52,5.07,2010-01-07
29002,CACHOEIRA,820.78,62.03,87.93,24.37,5.07,2010-01-08
29002,CACHOEIRA,820.9,63.04,89.35,16.63,5.0,2010-01-09
29002,CACHOEIRA,820.96,63.54,90.06,21.8,5.0,2010-01-10
29002,CACHOEIRA,820.88,62.87,89.11,12.36,5.0,2010-01-11
29002,CACHOEIRA,821.03,64.13,90.9,24.64,5.0,2010-01-12
29002,CACHOEIRA,821.0,63.88,90.54,28.14,5.13,2010-01-13
29002,CACHOEIRA,820.88,62.87,89.11,21.54,6.08,2010-01-14
29002,CACHOEIRA,820.89,62.96,89.23,14.22,7.0,2010-01-15
29002,CACHOEIRA,820.98,63.71,90.3,15.82,7.07,2010-01-16
29002,CACHOEIRA,820.99,63.8,90.42,19.75,7.08,2010-01-17
29002,CACHOEIRA,820.99,63.8,90.42,22.26,7.08,2010-01-18
29002,CACHOEIRA,820.95,63.46,89.94,18.27,7.0,2010-01-19
29002,CACHOEIRA,820.9,63.04,89.35,13.17,7.0,2010-01-20
29002,CACHOEIRA,820.96,63.54,90.06,12.83,7.0,2010-01-21
29002,CACHOEIRA,820.88,62.87,89.11,14.38,7.0,2010-01-22
29002,CACHOEIRA,820.81,62.29,88.28,13.36,7.0,2010-01-23
29002,CACHOEIRA,820.79,62.12,88.04,20.14,7.0,2010-01-24
29002,CACHOEIRA,820.95,63.46,89.94,24.41,7.0,2010-01-25
29002,CACHOEIRA,821.23,65.83,93.3,34.4,7.0,2010-01-26
29002,CACHOEIRA,821.38,67.11,95.11,29.13,7.0,2010-01-27
29002,CACHOEIRA,821.34,66.76,94.63,21.73,7.0,2010-01-28
29002,CACHOEIRA,821.45,67.71,95.96,26.91,7.0,2010-01-29
29002,CACHOEIRA,821.35,66.85,94.75,23.58,7.0,2010-01-30
29002,CACHOEIRA,821.1,64.72,91.74,12.16,7.0,2010-01-31
29002,CACHOEIRA,820.81,62.29,88.28,8.12,7.0,2010-02-01
29002,CACHOEIRA,820.81,62.29,88.28,8.12,7.0,2010-02-01
29002,CACHOEIRA,820.76,61.87,87.69,13.87,6.13,2010-02-02
29002,CACHOEIRA,820.8,62.2,88.16,11.55,6.0,2010-02-03
29002,CACHOEIRA,820.84,62.54,88.64,9.87,6.0,2010-02-04
29002,CACHOEIRA,820.87,62.79,88.99,17.34,6.0,2010-02-05
29002,CACHOEIRA,820.73,61.62,87.33,10.31,6.0,2010-02-06
29002,CACHOEIRA,820.54,60.04,85.1,7.8,6.0,2010-02-07
29002,CACHOEIRA,820.53,59.96,84.98,8.7,6.0,2010-02-08
29002,CACHOEIRA,820.58,60.37,85.57,10.79,6.0,2010-02-09
29002,CACHOEIRA,820.63,60.79,86.16,14.69,6.0,2010-02-10
29002,CACHOEIRA,820.64,60.87,86.27,12.0,6.0,2010-02-11
29002,CACHOEIRA,820.68,61.2,86.74,12.98,6.0,2010-02-12
29002,CACHOEIRA,820.75,61.78,87.57,12.75,6.0,2010-02-13
29002,CACHOEIRA,820.77,61.95,87.81,7.93,6.0,2010-02-14
29002,CACHOEIRA,820.82,62.37,88.4,10.84,6.0,2010-02-15
29002,CACHOEIRA,820.81,62.29,88.28,9.48,6.0,2010-02-16
29002,CACHOEIRA,820.79,62.12,88.04,11.65,6.0,2010-02-17
29002,CACHOEIRA,820.78,62.03,87.93,14.61,6.0,2010-02-18
29002,CACHOEIRA,820.78,62.03,87.93,16.08,6.0,2010-02-19
29002,CACHOEIRA,820.79,62.12,88.04,9.91,6.0,2010-02-20
29002,CACHOEIRA,820.87,62.79,88.99,13.75,6.0,2010-02-21
29002,CACHOEIRA,820.89,62.96,89.23,7.94,6.0,2010-02-22
29002,CACHOEIRA,820.88,62.87,89.11,8.86,6.0,2010-02-23
29002,CACHOEIRA,820.87,62.79,88.99,10.12,6.0,2010-02-24
29002,CACHOEIRA,820.85,62.62,88.76,9.15,6.0,2010-02-25
29002,CACHOEIRA,820.78,62.03,87.93,11.76,6.0,2010-02-26
29002,CACHOEIRA,820.69,61.28,86.86,11.3,6.0,2010-02-27
29002,CACHOEIRA,820.59,60.45,85.68,10.33,6.0,2010-02-28
29002,CACHOEIRA,820.6,60.54,85.8,20.86,6.0,2010-03-01
29002,CACHOEIRA,820.6,60.54,85.8,20.86,6.0,2010-03-01
29002,CACHOEIRA,820.68,61.2,86.74,27.63,6.0,2010-03-02
29002,CACHOEIRA,820.67,61.12,86.63,18.99,6.0,2010-03-03
29002,CACHOEIRA,820.61,60.62,85.92,14.16,6.0,2010-03-04
29002,CACHOEIRA,820.53,59.96,84.98,12.22,6.0,2010-03-05
29002,CACHOEIRA,820.46,59.38,84.16,8.34,6.0,2010-03-06
29002,CACHOEIRA,820.54,60.04,85.1,12.82,6.0,2010-03-07
29002,CACHOEIRA,820.55,60.12,85.22,6.02,6.0,2010-03-08
29002,CACHOEIRA,820.53,59.96,84.98,3.3,6.0,2010-03-09
29002,CACHOEIRA,820.46,59.38,84.16,8.28,6.0,2010-03-10
29002,CACHOEIRA,820.4,58.88,83.46,10.44,6.0,2010-03-11
29002,CACHOEIRA,820.32,58.23,82.53,8.53,6.0,2010-03-12
29002,CACHOEIRA,820.25,57.65,81.72,9.47,6.0,2010-03-13
29002,CACHOEIRA,820.11,56.51,80.1,8.78,6.0,2010-03-14
29002,CACHOEIRA,819.99,55.54,78.72,14.64,6.0,2010-03-15
29002,CACHOEIRA,819.93,55.06,78.03,11.16,3.63,2010-03-16
29002,CACHOEIRA,819.82,54.17,76.78,2.9,3.0,2010-03-17
29002,CACHOEIRA,819.84,54.33,77.01,9.86,1.63,2010-03-18
29002,CACHOEIRA,819.88,54.65,77.46,9.85,1.0,2010-03-19
29002,CACHOEIRA,819.95,55.22,78.26,12.68,1.0,2010-03-20
29002,CACHOEIRA,819.98,55.46,78.61,8.81,1.0,2010-03-21
29002,CACHOEIRA,820.12,56.59,80.22,16.07,1.0,2010-03-22
29002,CACHOEIRA,820.08,56.27,79.76,12.34,1.0,2010-03-23
29002,CACHOEIRA,819.91,54.89,77.81,12.94,1.0,2010-03-24
29002,CACHOEIRA,820.0,55.62,78.84,14.11,1.0,2010-03-25
29002,CACHOEIRA,820.01,55.7,78.95,9.49,1.0,2010-03-26
29002,CACHOEIRA,820.02,55.78,79.07,11.28,1.0,2010-03-27
29002,CACHOEIRA,819.97,55.38,78.49,11.71,1.0,2010-03-28
29002,CACHOEIRA,819.92,54.98,77.92,9.59,1.0,2010-03-29
29002,CACHOEIRA,819.9,54.81,77.69,11.2,1.0,2010-03-30
29002,CACHOEIRA,819.92,54.98,77.92,14.95,1.0,2010-03-31
29002,CACHOEIRA,820.07,54.45,78.17,12.2,1.0,2010-04-01
29002,CACHOEIRA,820.07,54.45,78.17,12.2,1.0,2010-04-01
29002,CACHOEIRA,819.92,53.24,76.43,9.46,1.0,2010-04-02
29002,CACHOEIRA,819.7,51.48,73.91,10.33,1.0,2010-04-03
29002,CACHOEIRA,819.5,49.89,71.64,12.09,1.0,2010-04-04
29002,CACHOEIRA,819.75,51.87,74.48,12.63,1.0,2010-04-05
29002,CACHOEIRA,820.0,53.88,77.36,11.52,1.0,2010-04-06
29002,CACHOEIRA,820.26,55.99,80.39,25.42,1.0,2010-04-07
29002,CACHOEIRA,820.47,57.71,82.86,24.18,4.25,2010-04-08
29002,CACHOEIRA,820.61,58.87,84.52,18.39,5.0,2010-04-09
29002,CACHOEIRA,820.62,58.95,84.64,17.97,5.0,2010-04-10
29002,CACHOEIRA,820.5,57.96,83.22,16.51,5.0,2010-04-11
29002,CACHOEIRA,820.32,56.48,81.09,10.72,5.0,2010-04-12
29002,CACHOEIRA,820.16,55.18,79.22,14.63,5.0,2010-04-13
29002,CACHOEIRA,820.0,53.88,77.36,14.57,5.0,2010-04-14
29002,CACHOEIRA,819.85,52.67,75.63,12.65,5.0,2010-04-15
29002,CACHOEIRA,819.75,51.87,74.48,12.14,1.33,2010-04-16
29002,CACHOEIRA,819.63,50.92,73.11,3.85,1.0,2010-04-17
29002,CACHOEIRA,819.7,51.48,73.91,18.21,1.0,2010-04-18
29002,CACHOEIRA,819.7,51.48,73.91,11.79,1.0,2010-04-19
29002,CACHOEIRA,819.71,51.56,74.02,8.88,1.0,2010-04-20
29002,CACHOEIRA,819.74,51.8,74.37,6.81,1.0,2010-04-21
29002,CACHOEIRA,819.85,52.67,75.63,14.28,1.0,2010-04-22
29002,CACHOEIRA,819.95,53.48,76.78,13.21,1.0,2010-04-23
29002,CACHOEIRA,820.03,54.12,77.71,13.8,1.0,2010-04-24
29002,CACHOEIRA,820.06,54.36,78.05,10.99,1.0,2010-04-25
29002,CACHOEIRA,820.06,54.36,78.05,11.18,1.0,2010-04-26
29002,CACHOEIRA,820.06,54.36,78.05,11.18,1.0,2010-04-27
29002,CACHOEIRA,820.06,54.36,78.05,11.31,1.0,2010-04-28
29002,CACHOEIRA,820.06,54.36,78.05,11.31,1.0,2010-04-29
29002,CACHOEIRA,820.13,54.93,78.87,17.91,1.0,2010-04-30
29002,CACHOEIRA,820.18,55.34,79.45,7.26,1.0,2010-05-01
29002,CACHOEIRA,820.18,55.34,79.45,7.26,1.0,2010-05-01
29002,CACHOEIRA,820.27,56.07,80.51,9.87,1.0,2010-05-02
29002,CACHOEIRA,820.33,56.56,81.21,7.91,1.0,2010-05-03
29002,CACHOEIRA,820.4,57.14,82.03,9.54,1.0,2010-05-04
29002,CACHOEIRA,820.46,57.63,82.74,9.0,1.0,2010-05-05
29002,CACHOEIRA,820.52,58.12,83.45,9.58,1.0,2010-05-06
29002,CACHOEIRA,820.59,58.7,84.28,11.12,1.0,2010-05-07
29002,CACHOEIRA,820.59,58.7,84.28,4.93,1.0,2010-05-08
29002,CACHOEIRA,820.58,58.62,84.16,4.13,1.0,2010-05-09
29002,CACHOEIRA,820.57,58.54,84.05,4.27,1.0,2010-05-10
29002,CACHOEIRA,820.54,58.29,83.69,2.65,1.0,2010-05-11
29002,CACHOEIRA,820.52,58.12,83.45,3.72,1.0,2010-05-12
29002,CACHOEIRA,820.5,57.96,83.22,1.8,1.0,2010-05-13
29002,CACHOEIRA,820.51,58.04,83.33,1.44,1.0,2010-05-14
29002,CACHOEIRA,820.55,58.37,83.81,2.85,1.0,2010-05-15
29002,CACHOEIRA,820.64,59.12,84.88,6.7,1.0,2010-05-16
29002,CACHOEIRA,820.7,59.62,85.59,4.06,1.0,2010-05-17
29002,CACHOEIRA,820.76,60.12,86.31,4.28,1.0,2010-05-18
29002,CACHOEIRA,820.82,60.62,87.03,4.66,1.0,2010-05-19
29002,CACHOEIRA,820.88,61.12,87.75,4.88,1.0,2010-05-20
29002,CACHOEIRA,820.93,61.54,88.35,4.12,1.0,2010-05-21
29002,CACHOEIRA,820.98,61.96,88.96,4.33,1.0,2010-05-22
29002,CACHOEIRA,821.02,62.29,89.44,5.42,1.0,2010-05-23
29002,CACHOEIRA,821.0,62.13,89.2,0.35,1.0,2010-05-24
29002,CACHOEIRA,820.99,62.04,89.08,1.63,1.0,2010-05-25
29002,CACHOEIRA,820.99,62.04,89.08,2.74,1.0,2010-05-26
29002,CACHOEIRA,820.99,62.04,89.08,3.04,1.0,2010-05-27
29002,CACHOEIRA,821.01,62.21,89.32,5.3,1.0,2010-05-28
29002,CACHOEIRA,821.03,62.38,89.56,5.47,1.0,2010-05-29
29002,CACHOEIRA,821.05,62.55,89.8,5.77,1.0,2010-05-30
29002,CACHOEIRA,821.07,62.72,90.05,5.95,1.0,2010-05-31
29002,CACHOEIRA,821.08,62.8,90.17,5.3,1.0,2010-06-01
29002,CACHOEIRA,821.08,62.8,90.17,5.3,1.0,2010-06-01
29002,CACHOEIRA,821.08,62.8,90.17,4.61,1.0,2010-06-02
29002,CACHOEIRA,821.08,62.8,90.17,4.79,1.0,2010-06-03
29002,CACHOEIRA,821.08,62.8,90.17,5.05,1.0,2010-06-04
29002,CACHOEIRA,821.08,62.8,90.17,5.19,1.0,2010-06-05
29002,CACHOEIRA,821.12,63.14,90.65,6.67,1.0,2010-06-06
29002,CACHOEIRA,821.2,63.82,91.62,8.86,1.0,2010-06-07
29002,CACHOEIRA,821.25,64.24,92.23,5.63,1.0,2010-06-08
29002,CACHOEIRA,821.25,64.24,92.23,1.07,1.0,2010-06-09
29002,CACHOEIRA,821.25,64.24,92.23,1.39,1.0,2010-06-10
29002,CACHOEIRA,821.25,64.24,92.23,1.94,1.0,2010-06-11
29002,CACHOEIRA,821.22,63.99,91.87,1.05,1.0,2010-06-12
29002,CACHOEIRA,821.23,64.07,91.99,1.12,1.0,2010-06-13
29002,CACHOEIRA,821.29,64.58,92.72,2.92,1.0,2010-06-14
29002,CACHOEIRA,821.35,65.09,93.46,3.23,1.0,2010-06-15
29002,CACHOEIRA,821.35,65.09,93.46,6.08,1.0,2010-06-16
29002,CACHOEIRA,821.33,64.92,93.21,4.18,1.0,2010-06-17
29002,CACHOEIRA,821.3,64.67,92.84,3.37,1.0,2010-06-18
29002,CACHOEIRA,821.28,64.5,92.6,4.47,1.0,2010-06-19
29002,CACHOEIRA,821.26,64.33,92.36,4.41,1.0,2010-06-20
29002,CACHOEIRA,821.24,64.16,92.11,4.7,1.0,2010-06-21
29002,CACHOEIRA,821.2,63.82,91.62,2.71,1.0,2010-06-22
29002,CACHOEIRA,821.17,63.56,91.26,3.82,1.0,2010-06-23
29002,CACHOEIRA,821.14,63.31,90.89,4.05,1.0,2010-06-24
29002,CACHOEIRA,821.11,63.05,90.53,4.07,1.0,2010-06-25
29002,CACHOEIRA,821.08,62.8,90.17,4.28,1.0,2010-06-26
29002,CACHOEIRA,821.04,62.46,89.68,3.27,1.0,2010-06-27
29002,CACHOEIRA,821.0,62.13,89.2,3.27,1.0,2010-06-28
29002,CACHOEIRA,820.96,61.79,88.72,3.48,1.0,2010-06-29
29002,CACHOEIRA,820.92,61.45,88.23,3.47,1.0,2010-06-30
29002,CACHOEIRA,820.88,61.12,87.75,3.63,1.0,2010-07-01
29002,CACHOEIRA,820.88,61.12,87.75,3.63,1.0,2010-07-01
29002,CACHOEIRA,820.84,60.78,87.27,3.74,1.0,2010-07-02
29002,CACHOEIRA,820.8,60.45,86.79,3.87,1.0,2010-07-03
29002,CACHOEIRA,820.75,60.03,86.19,3.02,1.0,2010-07-04
29002,CACHOEIRA,820.7,59.62,85.59,3.11,1.0,2010-07-05
29002,CACHOEIRA,820.66,59.28,85.12,4.17,1.0,2010-07-06
29002,CACHOEIRA,820.6,58.79,84.4,2.45,1.0,2010-07-07
29002,CACHOEIRA,820.56,58.45,83.93,5.87,1.0,2010-07-08
29002,CACHOEIRA,820.51,58.04,83.33,5.02,1.0,2010-07-09
29002,CACHOEIRA,820.46,57.63,82.74,5.11,1.0,2010-07-10
29002,CACHOEIRA,820.4,57.14,82.03,4.25,1.0,2010-07-11
29002,CACHOEIRA,820.36,56.81,81.56,6.23,1.0,2010-07-12
29002,CACHOEIRA,820.31,56.4,80.97,5.5,1.0,2010-07-13
29002,CACHOEIRA,820.32,56.48,81.09,10.92,1.0,2010-07-14
29002,CACHOEIRA,820.37,56.89,81.68,14.03,0.65,2010-07-15
29002,CACHOEIRA,820.5,57.96,83.22,13.36,0.5,2010-07-16
29002,CACHOEIRA,820.56,58.45,83.93,6.24,0.5,2010-07-17
29002,CACHOEIRA,820.6,58.79,84.4,6.73,0.5,2010-07-18
29002,CACHOEIRA,820.6,58.79,84.4,3.71,0.5,2010-07-19
29002,CACHOEIRA,820.59,58.7,84.28,3.09,0.5,2010-07-20
29002,CACHOEIRA,820.58,58.62,84.16,3.32,0.5,2010-07-21
29002,CACHOEIRA,820.58,58.62,84.16,4.56,0.5,2010-07-22
29002,CACHOEIRA,820.57,58.54,84.05,3.88,0.5,2010-07-23
29002,CACHOEIRA,820.55,58.37,83.81,3.41,0.7,2010-07-24
29002,CACHOEIRA,820.53,58.21,83.57,3.98,1.0,2010-07-25
29002,CACHOEIRA,820.5,57.96,83.22,3.29,1.0,2010-07-26
29002,CACHOEIRA,820.46,57.63,82.74,2.59,1.0,2010-07-27
29002,CACHOEIRA,820.42,57.3,82.27,2.84,1.0,2010-07-28
29002,CACHOEIRA,820.38,56.97,81.8,6.02,1.0,2010-07-29
29002,CACHOEIRA,820.3,56.32,80.86,3.3,1.0,2010-07-30
29002,CACHOEIRA,820.24,55.83,80.15,5.52,1.27,2010-07-31
29002,CACHOEIRA,820.18,55.34,79.45,5.82,1.5,2010-08-01
29002,CACHOEIRA,820.18,55.34,79.45,5.82,1.5,2010-08-01
29002,CACHOEIRA,820.1,54.69,78.52,3.95,1.5,2010-08-02
29002,CACHOEIRA,820.02,54.04,77.59,3.39,1.5,2010-08-03
29002,CACHOEIRA,819.95,53.48,76.78,5.0,1.5,2010-08-04
29002,CACHOEIRA,819.86,52.75,75.74,3.2,1.5,2010-08-05
29002,CACHOEIRA,819.78,52.11,74.82,4.21,1.5,2010-08-06
29002,CACHOEIRA,819.7,51.48,73.91,3.26,1.5,2010-08-07
29002,CACHOEIRA,819.63,50.92,73.11,4.25,1.5,2010-08-08
29002,CACHOEIRA,819.56,50.37,72.32,5.22,1.5,2010-08-09
29002,CACHOEIRA,819.48,49.74,71.41,4.38,1.5,2010-08-10
29002,CACHOEIRA,819.4,49.11,70.51,4.35,1.5,2010-08-11
29002,CACHOEIRA,819.32,48.48,69.61,4.42,1.5,2010-08-12
29002,CACHOEIRA,819.24,47.86,68.71,3.04,1.5,2010-08-13
29002,CACHOEIRA,819.24,47.86,68.71,2.25,1.75,2010-08-14
29002,CACHOEIRA,819.25,47.94,68.83,2.06,2.0,2010-08-15
29002,CACHOEIRA,819.25,47.94,68.83,1.65,2.0,2010-08-16
29002,CACHOEIRA,819.25,47.94,68.83,2.31,2.0,2010-08-17
29002,CACHOEIRA,819.23,47.78,68.6,1.05,2.0,2010-08-18
29002,CACHOEIRA,819.2,47.55,68.27,1.07,2.0,2010-08-19
29002,CACHOEIRA,819.18,47.39,68.05,2.86,2.0,2010-08-20
29002,CACHOEIRA,819.16,47.24,67.82,3.14,2.0,2010-08-21
29002,CACHOEIRA,819.14,47.08,67.6,1.05,2.0,2010-08-22
29002,CACHOEIRA,819.11,46.85,67.27,1.24,2.0,2010-08-23
29002,CACHOEIRA,819.1,46.77,67.16,1.15,2.0,2010-08-24
29002,CACHOEIRA,819.12,46.93,67.38,2.56,2.0,2010-08-25
29002,CACHOEIRA,819.16,47.24,67.82,3.08,2.0,2010-08-26
29002,CACHOEIRA,819.16,47.24,67.82,3.07,2.0,2010-08-27
29002,CACHOEIRA,819.15,47.16,67.71,1.65,2.0,2010-08-28
29002,CACHOEIRA,819.14,47.08,67.6,2.37,2.0,2010-08-29
29002,CACHOEIRA,819.11,46.85,67.27,1.3,2.0,2010-08-30
29002,CACHOEIRA,819.07,46.54,66.83,2.25,2.0,2010-08-31
29002,CACHOEIRA,819.05,46.39,66.6,2.98,2.0,2010-09-01
29002,CACHOEIRA,819.05,46.39,66.6,2.98,2.0,2010-09-01
29002,CACHOEIRA,819.02,46.16,66.27,1.61,2.75,2010-09-02
29002,CACHOEIRA,818.99,45.93,65.94,3.45,3.0,2010-09-03
29002,CACHOEIRA,818.96,45.7,65.61,4.03,3.0,2010-09-04
29002,CACHOEIRA,818.95,45.62,65.5,4.79,3.0,2010-09-05
29002,CACHOEIRA,818.9,45.24,64.95,1.59,3.0,2010-09-06
29002,CACHOEIRA,818.87,45.01,64.62,1.65,3.0,2010-09-07
29002,CACHOEIRA,818.86,44.93,64.51,3.78,3.0,2010-09-08
29002,CACHOEIRA,818.8,44.48,63.86,1.16,3.0,2010-09-09
29002,CACHOEIRA,818.72,43.87,62.99,1.13,3.0,2010-09-10
29002,CACHOEIRA,818.69,43.64,62.66,3.7,3.0,2010-09-11
29002,CACHOEIRA,818.66,43.42,62.34,4.43,3.0,2010-09-12
29002,CACHOEIRA,818.61,43.04,61.8,1.08,3.0,2010-09-13
29002,CACHOEIRA,818.58,42.82,61.47,2.8,3.0,2010-09-14
29002,CACHOEIRA,818.49,42.14,60.51,1.24,3.0,2010-09-15
29002,CACHOEIRA,818.47,41.99,60.29,2.14,3.0,2010-09-16
29002,CACHOEIRA,818.46,41.92,60.18,2.11,3.0,2010-09-17
29002,CACHOEIRA,818.45,41.84,60.08,1.93,3.0,2010-09-18
29002,CACHOEIRA,818.42,41.62,59.76,1.11,3.0,2010-09-19
29002,CACHOEIRA,818.39,41.4,59.44,2.11,3.0,2010-09-20
29002,CACHOEIRA,818.36,41.17,59.12,2.92,3.0,2010-09-21
29002,CACHOEIRA,818.34,41.03,58.9,4.35,3.0,2010-09-22
29002,CACHOEIRA,818.26,40.43,58.05,0.12,3.0,2010-09-23
29002,CACHOEIRA,818.21,40.06,57.52,3.0,3.0,2010-09-24
29002,CACHOEIRA,818.16,39.7,57.0,3.4,3.0,2010-09-25
29002,CACHOEIRA,818.1,39.26,56.37,2.48,3.0,2010-09-26
29002,CACHOEIRA,818.08,39.11,56.16,6.41,3.0,2010-09-27
29002,CACHOEIRA,818.14,39.55,56.79,5.02,3.0,2010-09-28
29002,CACHOEIRA,818.19,39.92,57.31,4.5,3.0,2010-09-29
29002,CACHOEIRA,818.21,40.06,57.52,3.81,3.0,2010-09-30
29002,CACHOEIRA,818.24,40.29,57.84,5.83,3.0,2010-10-01
29002,CACHOEIRA,818.24,40.29,57.84,5.83,3.0,2010-10-01
29002,CACHOEIRA,818.28,40.58,58.27,5.3,3.0,2010-10-02
29002,CACHOEIRA,818.33,40.95,58.8,6.43,3.0,2010-10-03
29002,CACHOEIRA,818.39,41.4,59.44,8.34,3.0,2010-10-04
29002,CACHOEIRA,818.41,41.54,59.65,5.15,3.0,2010-10-05
29002,CACHOEIRA,818.45,41.84,60.08,4.75,3.0,2010-10-06
29002,CACHOEIRA,818.49,42.14,60.51,4.9,3.0,2010-10-07
29002,CACHOEIRA,818.5,42.22,60.61,4.58,3.0,2010-10-08
29002,CACHOEIRA,818.5,42.22,60.61,3.82,3.0,2010-10-09
29002,CACHOEIRA,818.48,42.07,60.4,2.31,3.0,2010-10-10
29002,CACHOEIRA,818.46,41.92,60.18,1.98,3.0,2010-10-11
29002,CACHOEIRA,818.43,41.69,59.86,2.03,3.0,2010-10-12
29002,CACHOEIRA,818.45,41.84,60.08,1.9,3.0,2010-10-13
29002,CACHOEIRA,818.44,41.77,59.97,1.1,3.0,2010-10-14
29002,CACHOEIRA,818.43,41.69,59.86,1.73,3.0,2010-10-15
29002,CACHOEIRA,818.4,41.47,59.54,1.45,3.0,2010-10-16
29002,CACHOEIRA,818.35,41.1,59.01,1.0,3.0,2010-10-17
29002,CACHOEIRA,818.3,40.73,58.48,1.3,3.0,2010-10-18
29002,CACHOEIRA,818.24,40.29,57.84,1.04,3.0,2010-10-19
29002,CACHOEIRA,818.21,40.06,57.52,4.17,3.0,2010-10-20
29002,CACHOEIRA,818.19,39.92,57.31,2.49,3.0,2010-10-21
29002,CACHOEIRA,818.17,39.77,57.1,3.23,3.0,2010-10-22
29002,CACHOEIRA,818.16,39.7,57.0,1.33,3.0,2010-10-23
29002,CACHOEIRA,818.14,39.55,56.79,1.26,3.0,2010-10-24
29002,CACHOEIRA,818.11,39.33,56.47,1.41,3.0,2010-10-25
29002,CACHOEIRA,818.08,39.11,56.16,1.04,3.0,2010-10-26
29002,CACHOEIRA,818.05,38.89,55.84,1.88,3.0,2010-10-27
29002,CACHOEIRA,818.04,38.82,55.74,2.79,3.0,2010-10-28
29002,CACHOEIRA,818.03,38.75,55.63,2.75,3.0,2010-10-29
29002,CACHOEIRA,818.02,38.67,55.53,1.57,3.0,2010-10-30
29002,CACHOEIRA,818.03,38.75,55.63,2.69,3.0,2010-10-31
29002,CACHOEIRA,818.05,38.89,55.84,3.84,3.0,2010-11-01
29002,CACHOEIRA,818.05,38.89,55.84,3.84,3.0,2010-11-01
29002,CACHOEIRA,818.05,38.89,55.84,2.45,3.0,2010-11-02
29002,CACHOEIRA,818.04,38.82,55.74,2.05,3.0,2010-11-03
29002,CACHOEIRA,818.02,38.67,55.53,1.35,3.0,2010-11-04
29002,CACHOEIRA,817.99,38.46,55.21,1.13,3.0,2010-11-05
29002,CACHOEIRA,817.97,38.31,55.0,1.41,3.0,2010-11-06
29002,CACHOEIRA,817.97,38.31,55.0,2.37,3.0,2010-11-07
29002,CACHOEIRA,817.97,38.31,55.0,2.66,3.0,2010-11-08
29002,CACHOEIRA,817.97,38.31,55.0,1.35,3.0,2010-11-09
29002,CACHOEIRA,817.95,38.17,54.8,1.1,3.0,2010-11-10
29002,CACHOEIRA,817.94,38.09,54.69,1.37,3.0,2010-11-11
29002,CACHOEIRA,817.93,38.02,54.59,1.22,3.0,2010-11-12
29002,CACHOEIRA,817.94,38.09,54.69,2.06,3.0,2010-11-13
29002,CACHOEIRA,817.96,38.24,54.9,2.11,3.0,2010-11-14
29002,CACHOEIRA,817.97,38.31,55.0,1.27,3.0,2010-11-15
29002,CACHOEIRA,817.98,38.38,55.11,2.11,3.0,2010-11-16
29002,CACHOEIRA,818.04,38.82,55.74,6.87,3.0,2010-11-17
29002,CACHOEIRA,818.1,39.26,56.37,6.99,3.0,2010-11-18
29002,CACHOEIRA,818.14,39.55,56.79,5.53,3.0,2010-11-19
29002,CACHOEIRA,818.12,39.4,56.58,5.71,3.0,2010-11-20
29002,CACHOEIRA,818.1,39.26,56.37,3.64,3.0,2010-11-21
29002,CACHOEIRA,818.09,39.18,56.26,1.21,3.0,2010-11-22
29002,CACHOEIRA,818.1,39.26,56.37,1.38,3.0,2010-11-23
29002,CACHOEIRA,818.08,39.11,56.16,1.18,3.0,2010-11-24
29002,CACHOEIRA,818.08,39.11,56.16,1.12,3.0,2010-11-25
29002,CACHOEIRA,818.07,39.04,56.05,1.18,3.0,2010-11-26
29002,CACHOEIRA,818.08,39.11,56.16,2.79,3.0,2010-11-27
29002,CACHOEIRA,818.07,39.04,56.05,1.16,3.0,2010-11-28
29002,CACHOEIRA,818.07,39.04,56.05,1.65,3.0,2010-11-29
29002,CACHOEIRA,818.06,38.97,55.95,2.02,3.0,2010-11-30
29002,CACHOEIRA,817.87,37.59,53.96,1.48,3.0,2010-12-01
29002,CACHOEIRA,817.87,37.59,53.96,1.48,3.0,2010-12-01
29002,CACHOEIRA,817.66,36.08,51.8,4.87,2.6,2010-12-02
29002,CACHOEIRA,817.41,34.31,49.26,1.47,2.5,2010-12-03
29002,CACHOEIRA,817.21,32.91,47.25,5.54,2.5,2010-12-04
29002,CACHOEIRA,817.05,31.8,45.65,8.76,2.5,2010-12-05
29002,CACHOEIRA,817.05,31.8,45.65,21.46,2.5,2010-12-06
29002,CACHOEIRA,816.98,31.32,44.96,14.59,1.25,2010-12-07
29002,CACHOEIRA,816.81,30.15,43.29,6.34,1.0,2010-12-08
29002,CACHOEIRA,816.76,29.81,42.81,4.36,0.5,2010-12-09
29002,CACHOEIRA,816.81,30.15,43.29,4.93,1.0,2010-12-10
29002,CACHOEIRA,816.85,30.43,43.69,5.15,2.0,2010-12-11
29002,CACHOEIRA,816.95,31.11,44.67,10.41,2.5,2010-12-12
29002,CACHOEIRA,817.0,31.45,45.16,6.47,2.5,2010-12-13
29002,CACHOEIRA,817.07,31.94,45.85,8.08,2.5,2010-12-14
29002,CACHOEIRA,817.13,32.35,46.45,6.14,1.34,2010-12-15
29002,CACHOEIRA,817.19,32.77,47.05,5.82,1.0,2010-12-16
29002,CACHOEIRA,817.33,33.74,48.45,12.15,0.84,2010-12-17
29002,CACHOEIRA,817.45,34.59,49.66,10.26,0.5,2010-12-18
29002,CACHOEIRA,817.5,34.94,50.17,4.59,0.5,2010-12-19
29002,CACHOEIRA,817.57,35.44,50.88,6.24,0.5,2010-12-20
29002,CACHOEIRA,817.64,35.94,51.59,6.27,0.5,2010-12-21
29002,CACHOEIRA,817.67,36.15,51.9,8.43,0.5,2010-12-22
29002,CACHOEIRA,817.7,36.36,52.21,12.01,1.35,2010-12-23
29002,CACHOEIRA,817.67,36.15,51.9,7.26,1.56,2010-12-24
29002,CACHOEIRA,817.6,35.65,51.19,3.38,1.0,2010-12-25
29002,CACHOEIRA,817.61,35.72,51.29,6.97,1.0,2010-12-26
29002,CACHOEIRA,817.88,37.66,54.07,31.62,1.0,2010-12-27
29002,CACHOEIRA,817.95,38.17,54.8,15.15,1.0,2010-12-28
29002,CACHOEIRA,817.94,38.09,54.69,13.54,0.71,2010-12-29
29002,CACHOEIRA,817.74,36.65,52.62,5.3,0.5,2010-12-30
29002,CACHOEIRA,817.5,34.94,50.17,4.49,0.61,2010-12-31
29002,CACHOEIRA,817.26,33.25,47.75,5.82,1.0,2011-01-01
29002,CACHOEIRA,817.26,33.25,47.75,5.82,1.0,2011-01-01
29002,CACHOEIRA,817.14,32.42,46.55,15.43,1.0,2011-01-02
29002,CACHOEIRA,817.11,32.21,46.25,22.27,0.67,2011-01-03
29002,CACHOEIRA,817.58,35.51,50.98,62.76,0.31,2011-01-04
29002,CACHOEIRA,817.62,35.79,51.39,28.18,0.25,2011-01-05
29002,CACHOEIRA,817.6,35.65,51.19,23.26,0.25,2011-01-06
29002,CACHOEIRA,817.48,34.8,49.96,14.97,0.25,2011-01-07
29002,CACHOEIRA,817.37,34.02,48.85,15.69,0.25,2011-01-08
29002,CACHOEIRA,817.23,33.05,47.45,13.15,0.25,2011-01-09
29002,CACHOEIRA,817.11,32.21,46.25,14.66,0.25,2011-01-10
29002,CACHOEIRA,817.12,32.28,46.35,25.03,0.25,2011-01-11
29002,CACHOEIRA,817.43,34.45,49.46,28.81,0.25,2011-01-12
29002,CACHOEIRA,817.77,36.87,52.93,28.25,0.25,2011-01-13
29002,CACHOEIRA,818.85,44.86,64.41,92.75,0.25,2011-01-14
29002,CACHOEIRA,819.32,48.48,69.61,42.2,0.25,2011-01-15
29002,CACHOEIRA,819.42,49.26,70.73,25.26,0.25,2011-01-16
29002,CACHOEIRA,819.46,49.58,71.18,24.03,0.25,2011-01-17
29002,CACHOEIRA,819.46,49.58,71.18,27.63,0.25,2011-01-18
29002,CACHOEIRA,819.52,50.05,71.86,22.96,0.25,2011-01-19
29002,CACHOEIRA,819.43,49.34,70.85,20.27,0.25,2011-01-20
29002,CACHOEIRA,819.41,49.19,70.62,28.44,0.25,2011-01-21
29002,CACHOEIRA,819.29,48.25,69.27,19.22,0.25,2011-01-22
29002,CACHOEIRA,819.2,47.55,68.27,17.67,0.25,2011-01-23
29002,CACHOEIRA,819.19,47.47,68.16,14.41,0.25,2011-01-24
29002,CACHOEIRA,819.17,47.32,67.94,13.51,0.25,2011-01-25
29002,CACHOEIRA,819.05,46.39,66.6,12.06,0.25,2011-01-26
29002,CACHOEIRA,818.92,45.39,65.17,11.3,0.25,2011-01-27
29002,CACHOEIRA,818.81,44.55,63.97,12.1,0.25,2011-01-28
29002,CACHOEIRA,818.75,44.1,63.31,12.58,0.25,2011-01-29
29002,CACHOEIRA,818.61,43.04,61.8,7.9,0.25,2011-01-30
29002,CACHOEIRA,818.48,42.07,60.4,8.79,0.25,2011-01-31
29002,CACHOEIRA,818.41,41.54,59.65,13.94,0.25,2011-02-01
29002,CACHOEIRA,818.41,41.54,59.65,13.94,0.25,2011-02-01
29002,CACHOEIRA,818.33,40.95,58.8,13.03,0.25,2011-02-02
29002,CACHOEIRA,818.28,40.58,58.27,15.55,0.25,2011-02-03
29002,CACHOEIRA,818.19,39.92,57.31,12.09,0.25,2011-02-04
29002,CACHOEIRA,818.08,39.11,56.16,10.34,0.25,2011-02-05
29002,CACHOEIRA,817.96,38.24,54.9,9.44,0.25,2011-02-06
29002,CACHOEIRA,817.84,37.37,53.65,9.39,0.25,2011-02-07
29002,CACHOEIRA,817.78,36.94,53.03,9.65,1.98,2011-02-08
29002,CACHOEIRA,817.74,36.65,52.62,9.15,2.5,2011-02-09
29002,CACHOEIRA,817.69,36.29,52.11,8.31,2.5,2011-02-10
29002,CACHOEIRA,817.63,35.86,51.49,7.46,2.5,2011-02-11
29002,CACHOEIRA,817.68,36.22,52.0,16.55,2.5,2011-02-12
29002,CACHOEIRA,817.62,35.79,51.39,7.46,2.5,2011-02-13
29002,CACHOEIRA,817.58,35.51,50.98,9.1,2.5,2011-02-14
29002,CACHOEIRA,817.55,35.3,50.68,9.9,2.5,2011-02-15
29002,CACHOEIRA,817.54,35.22,50.57,10.52,1.48,2011-02-16
29002,CACHOEIRA,817.53,35.15,50.47,9.29,0.25,2011-02-17
29002,CACHOEIRA,817.58,35.51,50.98,14.23,0.25,2011-02-18
29002,CACHOEIRA,817.6,35.65,51.19,11.78,0.25,2011-02-19
29002,CACHOEIRA,817.63,35.86,51.49,12.62,0.25,2011-02-20
29002,CACHOEIRA,817.64,35.94,51.59,11.08,0.25,2011-02-21
29002,CACHOEIRA,817.62,35.79,51.39,8.6,0.25,2011-02-22
29002,CACHOEIRA,817.62,35.79,51.39,10.25,0.25,2011-02-23
29002,CACHOEIRA,817.63,35.86,51.49,11.07,0.25,2011-02-24
29002,CACHOEIRA,817.63,35.86,51.49,10.25,0.25,2011-02-25
29002,CACHOEIRA,817.63,35.86,51.49,10.25,0.25,2011-02-26
29002,CACHOEIRA,817.62,35.79,51.39,10.22,1.14,2011-02-27
29002,CACHOEIRA,817.61,35.72,51.29,11.23,2.05,2011-02-28
29002,CACHOEIRA,817.8,37.08,53.24,26.76,1.08,2011-03-01
29002,CACHOEIRA,817.8,37.08,53.24,26.76,1.08,2011-03-01
29002,CACHOEIRA,817.9,37.8,54.28,18.85,0.5,2011-03-02
29002,CACHOEIRA,817.97,38.31,55.0,16.18,0.31,2011-03-03
29002,CACHOEIRA,818.07,39.04,56.05,18.68,0.25,2011-03-04
29002,CACHOEIRA,818.15,39.62,56.89,17.03,0.25,2011-03-05
29002,CACHOEIRA,818.26,40.43,58.05,19.62,0.25,2011-03-06
29002,CACHOEIRA,818.39,41.4,59.44,21.39,0.25,2011-03-07
29002,CACHOEIRA,818.5,42.22,60.61,19.74,0.25,2011-03-08
29002,CACHOEIRA,818.61,43.04,61.8,19.8,0.25,2011-03-09
29002,CACHOEIRA,818.75,44.1,63.31,22.48,0.25,2011-03-10
29002,CACHOEIRA,818.93,45.47,65.28,26.11,0.25,2011-03-11
29002,CACHOEIRA,819.01,46.08,66.16,17.35,0.25,2011-03-12
29002,CACHOEIRA,819.06,46.47,66.72,14.7,0.25,2011-03-13
29002,CACHOEIRA,819.1,46.77,67.16,13.82,0.25,2011-03-14
29002,CACHOEIRA,819.13,47.01,67.49,12.93,0.25,2011-03-15
29002,CACHOEIRA,819.18,47.39,68.05,14.73,0.25,2011-03-16
29002,CACHOEIRA,819.26,48.01,68.94,17.44,0.25,2011-03-17
29002,CACHOEIRA,819.33,48.56,69.72,16.57,0.25,2011-03-18
29002,CACHOEIRA,819.4,49.11,70.51,17.12,0.78,2011-03-19
29002,CACHOEIRA,819.47,49.66,71.3,17.36,1.0,2011-03-20
29002,CACHOEIRA,819.52,50.05,71.86,15.56,1.0,2011-03-21
29002,CACHOEIRA,819.56,50.37,72.32,14.65,1.0,2011-03-22
29002,CACHOEIRA,819.64,51.0,73.22,23.75,1.0,2011-03-23
29002,CACHOEIRA,819.55,50.29,72.2,12.76,1.0,2011-03-24
29002,CACHOEIRA,819.45,49.5,71.07,11.88,1.0,2011-03-25
29002,CACHOEIRA,819.33,48.56,69.72,12.62,1.0,2011-03-26
29002,CACHOEIRA,819.21,47.63,68.38,15.19,1.0,2011-03-27
29002,CACHOEIRA,819.1,46.77,67.16,17.03,1.88,2011-03-28
29002,CACHOEIRA,818.94,45.55,65.39,13.27,2.5,2011-03-29
29002,CACHOEIRA,818.84,44.78,64.3,17.46,1.3,2011-03-30
29002,CACHOEIRA,818.74,44.02,63.21,16.71,0.5,2011-03-31
29002,CACHOEIRA,818.62,43.12,61.91,15.01,0.5,2011-04-01
29002,CACHOEIRA,818.62,43.12,61.91,15.01,0.5,2011-04-01
29002,CACHOEIRA,818.48,42.07,60.4,13.35,0.5,2011-04-02
29002,CACHOEIRA,818.41,41.54,59.65,19.46,0.5,2011-04-03
29002,CACHOEIRA,818.4,41.47,59.54,24.64,0.5,2011-04-04
29002,CACHOEIRA,818.4,41.47,59.54,18.0,0.5,2011-04-05
29002,CACHOEIRA,818.53,42.44,60.94,16.73,0.5,2011-04-06
29002,CACHOEIRA,818.6,42.97,61.69,15.43,0.5,2011-04-07
29002,CACHOEIRA,818.64,43.27,62.12,13.98,0.5,2011-04-08
29002,CACHOEIRA,818.67,43.49,62.45,13.12,0.5,2011-04-09
29002,CACHOEIRA,818.71,43.8,62.88,14.0,0.5,2011-04-10
29002,CACHOEIRA,818.8,44.48,63.86,18.4,0.5,2011-04-11
29002,CACHOEIRA,818.91,45.32,65.06,20.2,0.5,2011-04-12
29002,CACHOEIRA,819.0,46.01,66.05,18.48,0.5,2011-04-13
29002,CACHOEIRA,819.1,46.77,67.16,19.41,0.5,2011-04-14
29002,CACHOEIRA,819.17,47.32,67.94,16.76,0.5,2011-04-15
29002,CACHOEIRA,819.07,46.54,66.83,14.68,0.5,2011-04-16
29002,CACHOEIRA,818.92,45.39,65.17,10.29,0.5,2011-04-17
29002,CACHOEIRA,818.76,44.17,63.42,11.4,0.5,2011-04-18
29002,CACHOEIRA,818.61,43.04,61.8,12.39,0.5,2011-04-19
29002,CACHOEIRA,818.58,42.82,61.47,9.39,0.5,2011-04-20
29002,CACHOEIRA,818.55,42.59,61.15,8.69,1.4,2011-04-21
29002,CACHOEIRA,818.5,42.22,60.61,7.58,2.0,2011-04-22
29002,CACHOEIRA,818.49,42.14,60.51,11.03,2.0,2011-04-23
29002,CACHOEIRA,818.49,42.14,60.51,11.9,2.0,2011-04-24
29002,CACHOEIRA,818.47,41.99,60.29,10.17,2.0,2011-04-25
29002,CACHOEIRA,818.48,42.07,60.4,12.45,1.69,2011-04-26
29002,CACHOEIRA,818.51,42.29,60.72,14.0,1.5,2011-04-27
29002,CACHOEIRA,818.56,42.67,61.26,6.84,1.5,2011-04-28
29002,CACHOEIRA,818.65,43.34,62.23,9.93,1.1,2011-04-29
29002,CACHOEIRA,818.75,44.1,63.31,10.75,1.0,2011-04-30
29002,CACHOEIRA,818.82,44.63,64.08,8.15,1.0,2011-05-01
29002,CACHOEIRA,818.82,44.63,64.08,8.15,1.0,2011-05-01
29002,CACHOEIRA,818.9,45.24,64.95,9.06,1.0,2011-05-02
29002,CACHOEIRA,818.98,45.85,65.83,9.09,1.0,2011-05-03
29002,CACHOEIRA,819.06,46.47,66.72,9.12,1.0,2011-05-04
29002,CACHOEIRA,819.12,46.93,67.38,7.36,1.0,2011-05-05
29002,CACHOEIRA,819.19,47.47,68.16,8.57,1.3,2011-05-06
29002,CACHOEIRA,819.23,47.78,68.6,6.18,1.59,2011-05-07
29002,CACHOEIRA,819.28,48.17,69.16,7.5,2.0,2011-05-08
29002,CACHOEIRA,819.33,48.56,69.72,7.51,2.0,2011-05-09
29002,CACHOEIRA,819.33,48.56,69.72,3.0,2.0,2011-05-10
29002,CACHOEIRA,819.42,49.26,70.73,11.15,2.0,2011-05-11
29002,CACHOEIRA,819.46,49.58,71.18,6.64,2.0,2011-05-12
29002,CACHOEIRA,819.5,49.89,71.64,6.64,2.0,2011-05-13
29002,CACHOEIRA,819.54,50.21,72.09,6.65,2.0,2011-05-14
29002,CACHOEIRA,819.57,50.45,72.43,5.74,2.0,2011-05-15
29002,CACHOEIRA,819.61,50.76,72.88,6.66,2.0,2011-05-16
29002,CACHOEIRA,819.66,51.16,73.45,7.59,2.0,2011-05-17
29002,CACHOEIRA,819.7,51.48,73.91,6.68,2.0,2011-05-18
29002,CACHOEIRA,819.74,51.8,74.37,6.69,2.0,2011-05-19
29002,CACHOEIRA,819.79,52.19,74.94,7.62,2.0,2011-05-20
29002,CACHOEIRA,819.8,52.27,75.05,3.92,2.0,2011-05-21
29002,CACHOEIRA,819.82,52.43,75.28,4.85,2.0,2011-05-22
29002,CACHOEIRA,819.85,52.67,75.63,5.78,2.0,2011-05-23
29002,CACHOEIRA,819.86,52.75,75.74,3.93,2.0,2011-05-24
29002,CACHOEIRA,819.86,52.75,75.74,3.0,2.0,2011-05-25
29002,CACHOEIRA,819.82,52.43,75.28,1.29,2.0,2011-05-26
29002,CACHOEIRA,819.8,52.27,75.05,0.98,2.0,2011-05-27
29002,CACHOEIRA,819.78,52.11,74.82,6.95,2.0,2011-05-28
29002,CACHOEIRA,819.79,52.19,74.94,6.92,2.0,2011-05-29
29002,CACHOEIRA,819.79,52.19,74.94,6.0,2.0,2011-05-30
29002,CACHOEIRA,819.79,52.19,74.94,6.0,2.0,2011-05-31
29002,CACHOEIRA,819.8,52.27,75.05,6.92,2.0,2011-06-01
29002,CACHOEIRA,819.8,52.27,75.05,6.92,2.0,2011-06-01
29002,CACHOEIRA,819.8,52.27,75.05,6.0,2.0,2011-06-02
29002,CACHOEIRA,819.75,51.87,74.48,3.38,2.0,2011-06-03
29002,CACHOEIRA,819.75,51.87,74.48,6.08,2.0,2011-06-04
29002,CACHOEIRA,819.76,51.95,74.59,1.92,2.0,2011-06-05
29002,CACHOEIRA,819.8,52.27,75.05,4.7,2.0,2011-06-06
29002,CACHOEIRA,819.84,52.59,75.51,4.7,2.0,2011-06-07
29002,CACHOEIRA,819.94,53.4,76.66,10.29,2.0,2011-06-08
29002,CACHOEIRA,819.97,53.64,77.01,3.8,2.0,2011-06-09
29002,CACHOEIRA,820.07,54.45,78.17,9.35,1.0,2011-06-10
29002,CACHOEIRA,820.12,54.85,78.75,4.19,0.5,2011-06-11
29002,CACHOEIRA,820.15,55.09,79.1,2.32,0.5,2011-06-12
29002,CACHOEIRA,820.17,55.26,79.34,1.38,0.5,2011-06-13
29002,CACHOEIRA,820.16,55.18,79.22,6.58,0.5,2011-06-14
29002,CACHOEIRA,820.1,54.69,78.52,4.86,0.5,2011-06-15
29002,CACHOEIRA,820.02,54.04,77.59,3.8,1.29,2011-06-16
29002,CACHOEIRA,819.94,53.4,76.66,4.04,1.5,2011-06-17
29002,CACHOEIRA,819.87,52.83,75.86,4.99,1.5,2011-06-18
29002,CACHOEIRA,819.79,52.19,74.94,4.09,1.5,2011-06-19
29002,CACHOEIRA,819.72,51.64,74.14,5.04,1.5,2011-06-20
29002,CACHOEIRA,819.64,51.0,73.22,4.14,1.5,2011-06-21
29002,CACHOEIRA,819.57,50.45,72.43,5.09,1.5,2011-06-22
29002,CACHOEIRA,819.5,49.89,71.64,5.11,1.5,2011-06-23
29002,CACHOEIRA,819.42,49.26,70.73,4.22,1.5,2011-06-24
29002,CACHOEIRA,819.35,48.72,69.95,5.16,1.5,2011-06-25
29002,CACHOEIRA,819.27,48.09,69.05,4.28,1.5,2011-06-26
29002,CACHOEIRA,819.2,47.55,68.27,5.2,1.5,2011-06-27
29002,CACHOEIRA,819.15,47.16,67.71,7.02,1.5,2011-06-28
29002,CACHOEIRA,819.06,46.47,66.72,3.46,1.5,2011-06-29
29002,CACHOEIRA,818.98,45.85,65.83,4.38,1.5,2011-06-30
29002,CACHOEIRA,818.97,45.77,65.72,5.34,1.5,2011-07-01
29002,CACHOEIRA,818.97,45.77,65.72,5.34,1.5,2011-07-01
29002,CACHOEIRA,818.98,45.85,65.83,6.39,1.5,2011-07-02
29002,CACHOEIRA,818.96,45.7,65.61,3.73,1.5,2011-07-03
29002,CACHOEIRA,818.94,45.55,65.39,3.73,1.5,2011-07-04
29002,CACHOEIRA,818.93,45.47,65.28,4.61,1.5,2011-07-05
29002,CACHOEIRA,818.91,45.32,65.06,3.73,1.5,2011-07-06
29002,CACHOEIRA,818.89,45.16,64.84,3.73,1.5,2011-07-07
29002,CACHOEIRA,818.87,45.01,64.62,3.73,1.5,2011-07-08
29002,CACHOEIRA,818.84,44.78,64.3,2.85,1.5,2011-07-09
29002,CACHOEIRA,818.81,44.55,63.97,2.86,1.5,2011-07-10
29002,CACHOEIRA,818.78,44.33,63.64,2.86,1.5,2011-07-11
29002,CACHOEIRA,818.75,44.1,63.31,2.87,1.5,2011-07-12
29002,CACHOEIRA,818.71,43.8,62.88,2.0,1.5,2011-07-13
29002,CACHOEIRA,818.71,43.8,62.88,2.08,1.5,2011-07-14
29002,CACHOEIRA,818.73,43.95,63.1,3.25,1.5,2011-07-15
29002,CACHOEIRA,818.75,44.1,63.31,3.25,1.5,2011-07-16
29002,CACHOEIRA,818.76,44.17,63.42,2.38,1.5,2011-07-17
29002,CACHOEIRA,818.78,44.33,63.64,3.96,2.2,2011-07-18
29002,CACHOEIRA,818.79,44.4,63.75,3.38,2.5,2011-07-19
29002,CACHOEIRA,818.79,44.4,63.75,2.5,2.5,2011-07-20
29002,CACHOEIRA,818.77,44.25,63.53,0.74,2.5,2011-07-21
29002,CACHOEIRA,818.76,44.17,63.42,1.62,2.5,2011-07-22
29002,CACHOEIRA,818.74,44.02,63.21,0.51,2.26,2011-07-23
29002,CACHOEIRA,818.72,43.87,62.99,0.25,2.0,2011-07-24
29002,CACHOEIRA,818.7,43.72,62.77,0.25,2.0,2011-07-25
29002,CACHOEIRA,818.68,43.57,62.55,0.25,2.0,2011-07-26
29002,CACHOEIRA,818.66,43.42,62.34,0.25,2.0,2011-07-27
29002,CACHOEIRA,818.64,43.27,62.12,0.26,2.0,2011-07-28
29002,CACHOEIRA,818.61,43.04,61.8,2.09,2.0,2011-07-29
29002,CACHOEIRA,818.61,43.04,61.8,5.0,2.0,2011-07-30
29002,CACHOEIRA,818.61,43.04,61.8,5.0,2.0,2011-07-31
29002,CACHOEIRA,818.61,43.04,61.8,5.0,2.0,2011-08-01
29002,CACHOEIRA,818.61,43.04,61.8,5.0,2.0,2011-08-01
29002,CACHOEIRA,818.61,43.04,61.8,5.0,2.0,2011-08-02
29002,CACHOEIRA,818.58,42.82,61.47,2.39,2.0,2011-08-03
29002,CACHOEIRA,818.55,42.59,61.15,2.39,2.0,2011-08-04
29002,CACHOEIRA,818.56,42.67,61.26,7.87,2.0,2011-08-05
29002,CACHOEIRA,818.54,42.52,61.04,3.26,2.0,2011-08-06
29002,CACHOEIRA,818.51,42.29,60.72,2.4,2.0,2011-08-07
29002,CACHOEIRA,818.49,42.14,60.51,3.87,2.0,2011-08-08
29002,CACHOEIRA,818.46,41.92,60.18,3.21,2.0,2011-08-09
29002,CACHOEIRA,818.41,41.54,59.65,1.79,2.0,2011-08-10
29002,CACHOEIRA,818.43,41.69,59.86,0.26,2.0,2011-08-11
29002,CACHOEIRA,818.49,42.14,60.51,0.88,2.0,2011-08-12
29002,CACHOEIRA,818.55,42.59,61.15,0.2,2.0,2011-08-13
29002,CACHOEIRA,818.6,42.97,61.69,0.34,2.0,2011-08-14
29002,CACHOEIRA,818.63,43.19,62.01,0.61,2.0,2011-08-15
29002,CACHOEIRA,818.67,43.49,62.45,1.49,2.0,2011-08-16
29002,CACHOEIRA,818.71,43.8,62.88,1.5,2.0,2011-08-17
29002,CACHOEIRA,818.71,43.8,62.88,0.5,2.0,2011-08-18
29002,CACHOEIRA,818.72,43.87,62.99,1.88,2.0,2011-08-19
29002,CACHOEIRA,818.73,43.95,63.1,1.88,2.0,2011-08-20
29002,CACHOEIRA,818.76,44.17,63.42,3.63,2.0,2011-08-21
29002,CACHOEIRA,818.76,44.17,63.42,2.0,2.0,2011-08-22
29002,CACHOEIRA,818.76,44.17,63.42,2.47,2.0,2011-08-23
29002,CACHOEIRA,818.76,44.17,63.42,3.47,2.0,2011-08-24
29002,CACHOEIRA,818.78,44.33,63.64,5.23,2.0,2011-08-25
29002,CACHOEIRA,818.77,44.25,63.53,2.93,2.0,2011-08-26
29002,CACHOEIRA,818.76,44.17,63.42,1.12,2.0,2011-08-27
29002,CACHOEIRA,818.73,43.95,63.1,0.37,2.0,2011-08-28
29002,CACHOEIRA,818.7,43.72,62.77,1.97,2.0,2011-08-29
29002,CACHOEIRA,818.65,43.34,62.23,1.13,2.0,2011-08-30
29002,CACHOEIRA,818.6,42.97,61.69,2.34,2.0,2011-08-31
29002,CACHOEIRA,818.59,42.89,61.58,6.13,2.0,2011-09-01
29002,CACHOEIRA,818.59,42.89,61.58,6.13,2.0,2011-09-01
29002,CACHOEIRA,818.54,42.52,61.04,3.36,2.0,2011-09-02
29002,CACHOEIRA,818.48,42.07,60.4,2.8,2.0,2011-09-03
29002,CACHOEIRA,818.41,41.54,59.65,1.96,2.0,2011-09-04
29002,CACHOEIRA,818.34,41.03,58.9,3.48,2.0,2011-09-05
29002,CACHOEIRA,818.26,40.43,58.05,3.45,2.4,2011-09-06
29002,CACHOEIRA,818.18,39.84,57.21,3.58,2.5,2011-09-07
29002,CACHOEIRA,818.09,39.18,56.26,3.97,2.5,2011-09-08
29002,CACHOEIRA,818.0,38.53,55.32,4.85,2.75,2011-09-09
29002,CACHOEIRA,817.9,37.8,54.28,4.7,3.0,2011-09-10
29002,CACHOEIRA,817.79,37.01,53.14,4.42,3.0,2011-09-11
29002,CACHOEIRA,817.68,36.22,52.0,4.87,3.0,2011-09-12
29002,CACHOEIRA,817.66,36.08,51.8,2.35,3.0,2011-09-13
29002,CACHOEIRA,817.66,36.08,51.8,2.7,3.0,2011-09-14
29002,CACHOEIRA,817.66,36.08,51.8,3.6,3.0,2011-09-15
29002,CACHOEIRA,817.65,36.01,51.7,3.47,3.0,2011-09-16
29002,CACHOEIRA,817.63,35.86,51.49,2.65,3.0,2011-09-17
29002,CACHOEIRA,817.61,35.72,51.29,2.65,3.0,2011-09-18
29002,CACHOEIRA,817.57,35.44,50.88,3.31,3.0,2011-09-19
29002,CACHOEIRA,817.52,35.08,50.37,3.3,3.0,2011-09-20
29002,CACHOEIRA,817.48,34.8,49.96,2.04,3.0,2011-09-21
29002,CACHOEIRA,817.44,34.52,49.56,1.73,3.0,2011-09-22
29002,CACHOEIRA,817.39,34.17,49.05,1.63,3.0,2011-09-23
29002,CACHOEIRA,817.36,33.95,48.75,3.26,3.0,2011-09-24
29002,CACHOEIRA,817.36,33.95,48.75,1.0,3.0,2011-09-25
29002,CACHOEIRA,817.34,33.81,48.55,1.38,3.0,2011-09-26
29002,CACHOEIRA,817.3,33.53,48.15,0.66,3.0,2011-09-27
29002,CACHOEIRA,817.26,33.25,47.75,1.64,3.0,2011-09-28
29002,CACHOEIRA,817.24,33.12,47.55,0.39,3.0,2011-09-29
29002,CACHOEIRA,817.18,32.7,46.95,0.17,3.0,2011-09-30
29002,CACHOEIRA,817.15,32.49,46.65,0.59,3.0,2011-10-01
29002,CACHOEIRA,817.15,32.49,46.65,0.59,3.0,2011-10-01
29002,CACHOEIRA,817.09,32.07,46.05,0.19,3.0,2011-10-02
29002,CACHOEIRA,817.07,31.94,45.85,1.7,3.0,2011-10-03
29002,CACHOEIRA,817.08,32.01,45.95,5.2,3.0,2011-10-04
29002,CACHOEIRA,817.04,31.73,45.56,1.18,3.0,2011-10-05
29002,CACHOEIRA,816.98,31.32,44.96,2.22,3.0,2011-10-06
29002,CACHOEIRA,816.92,30.9,44.37,1.24,3.0,2011-10-07
29002,CACHOEIRA,816.85,30.43,43.69,0.47,3.0,2011-10-08
29002,CACHOEIRA,816.77,29.88,42.9,1.7,3.0,2011-10-09
29002,CACHOEIRA,816.69,29.34,42.13,2.73,3.0,2011-10-10
29002,CACHOEIRA,816.68,29.27,42.03,1.22,3.0,2011-10-11
29002,CACHOEIRA,816.73,29.61,42.52,5.91,3.0,2011-10-12
29002,CACHOEIRA,816.76,29.81,42.81,4.35,3.0,2011-10-13
29002,CACHOEIRA,816.79,30.02,43.1,4.36,3.0,2011-10-14
29002,CACHOEIRA,816.82,30.22,43.39,4.36,3.0,2011-10-15
29002,CACHOEIRA,816.91,30.84,44.27,8.45,1.65,2011-10-16
29002,CACHOEIRA,817.01,31.52,45.26,7.44,0.5,2011-10-17
29002,CACHOEIRA,817.08,32.01,45.95,6.43,0.5,2011-10-18
29002,CACHOEIRA,817.13,32.35,46.45,4.84,0.5,2011-10-19
29002,CACHOEIRA,817.15,32.49,46.65,2.44,0.5,2011-10-20
29002,CACHOEIRA,817.16,32.56,46.75,3.52,1.72,2011-10-21
29002,CACHOEIRA,817.12,32.28,46.35,0.36,2.57,2011-10-22
29002,CACHOEIRA,817.08,32.01,45.95,0.8,3.0,2011-10-23
29002,CACHOEIRA,817.02,31.59,45.36,0.21,3.0,2011-10-24
29002,CACHOEIRA,816.98,31.32,44.96,1.82,3.0,2011-10-25
29002,CACHOEIRA,816.98,31.32,44.96,1.51,3.0,2011-10-26
29002,CACHOEIRA,817.06,31.87,45.75,1.54,3.0,2011-10-27
29002,CACHOEIRA,817.13,32.35,46.45,3.6,3.0,2011-10-28
29002,CACHOEIRA,817.19,32.77,47.05,2.82,3.0,2011-10-29
29002,CACHOEIRA,817.27,33.32,47.85,4.45,3.0,2011-10-30
29002,CACHOEIRA,817.36,33.95,48.75,6.84,3.0,2011-10-31
29002,CACHOEIRA,817.42,34.38,49.36,4.72,3.0,2011-11-01
29002,CACHOEIRA,817.42,34.38,49.36,4.72,3.0,2011-11-01
29002,CACHOEIRA,817.5,34.94,50.17,5.53,2.15,2011-11-02
29002,CACHOEIRA,817.53,35.15,50.47,1.46,2.0,2011-11-03
29002,CACHOEIRA,817.58,35.51,50.98,1.11,2.0,2011-11-04
29002,CACHOEIRA,817.62,35.79,51.39,0.29,2.0,2011-11-05
29002,CACHOEIRA,817.65,36.01,51.7,0.48,2.0,2011-11-06
29002,CACHOEIRA,817.66,36.08,51.8,2.83,2.0,2011-11-07
29002,CACHOEIRA,817.59,35.58,51.08,4.73,2.0,2011-11-08
29002,CACHOEIRA,817.47,34.73,49.86,1.3,2.0,2011-11-09
29002,CACHOEIRA,817.33,33.74,48.45,3.02,2.71,2011-11-10
29002,CACHOEIRA,817.18,32.7,46.95,2.17,3.0,2011-11-11
29002,CACHOEIRA,817.04,31.73,45.56,0.79,3.0,2011-11-12
29002,CACHOEIRA,816.91,30.84,44.27,3.09,3.0,2011-11-13
29002,CACHOEIRA,816.85,30.43,43.69,7.07,2.1,2011-11-14
29002,CACHOEIRA,816.9,30.77,44.18,13.43,0.5,2011-11-15
29002,CACHOEIRA,817.11,32.21,46.25,24.73,0.5,2011-11-16
29002,CACHOEIRA,817.22,32.98,47.35,14.3,0.5,2011-11-17
29002,CACHOEIRA,817.28,33.39,47.95,9.35,0.5,2011-11-18
29002,CACHOEIRA,817.32,33.67,48.35,6.21,0.5,2011-11-19
29002,CACHOEIRA,817.34,33.81,48.55,5.55,0.5,2011-11-20
29002,CACHOEIRA,817.36,33.95,48.75,6.53,1.59,2011-11-21
29002,CACHOEIRA,817.3,33.53,48.15,1.06,2.0,2011-11-22
29002,CACHOEIRA,817.31,33.6,48.25,6.04,2.0,2011-11-23
29002,CACHOEIRA,817.27,33.32,47.85,8.29,2.0,2011-11-24
29002,CACHOEIRA,817.15,32.49,46.65,5.47,2.0,2011-11-25
29002,CACHOEIRA,817.1,32.14,46.15,1.93,2.0,2011-11-26
29002,CACHOEIRA,817.18,32.7,46.95,7.68,2.0,2011-11-27
29002,CACHOEIRA,817.27,33.32,47.85,8.84,2.0,2011-11-28
29002,CACHOEIRA,817.3,33.53,48.15,4.31,1.64,2011-11-29
29002,CACHOEIRA,817.34,33.81,48.55,4.31,0.5,2011-11-30
29002,CACHOEIRA,817.37,34.02,48.85,3.83,0.5,2011-12-01
29002,CACHOEIRA,817.37,34.02,48.85,3.83,0.5,2011-12-01
29002,CACHOEIRA,817.4,34.24,49.15,3.99,0.5,2011-12-02
29002,CACHOEIRA,817.41,34.31,49.26,2.85,0.5,2011-12-03
29002,CACHOEIRA,817.41,34.31,49.26,2.68,0.5,2011-12-04
29002,CACHOEIRA,817.44,34.52,49.56,4.13,0.5,2011-12-05
29002,CACHOEIRA,817.45,34.59,49.66,3.98,0.5,2011-12-06
29002,CACHOEIRA,817.45,34.59,49.66,3.47,0.5,2011-12-07
29002,CACHOEIRA,817.45,34.59,49.66,3.95,0.5,2011-12-08
29002,CACHOEIRA,817.46,34.66,49.76,4.92,0.5,2011-12-09
29002,CACHOEIRA,817.43,34.45,49.46,6.86,0.5,2011-12-10
29002,CACHOEIRA,817.38,34.1,48.95,9.81,0.5,2011-12-11
29002,CACHOEIRA,817.29,33.46,48.05,6.31,0.5,2011-12-12
29002,CACHOEIRA,817.34,33.81,48.55,4.22,0.5,2011-12-13
29002,CACHOEIRA,817.5,34.94,50.17,6.42,0.5,2011-12-14
29002,CACHOEIRA,817.57,35.44,50.88,5.54,0.5,2011-12-15
29002,CACHOEIRA,817.62,35.79,51.39,4.23,0.5,2011-12-16
29002,CACHOEIRA,817.66,36.08,51.8,3.32,0.5,2011-12-17
29002,CACHOEIRA,817.7,36.36,52.21,3.24,0.5,2011-12-18
29002,CACHOEIRA,817.77,36.87,52.93,5.45,0.5,2011-12-19
29002,CACHOEIRA,817.68,36.22,52.0,6.23,0.5,2011-12-20
29002,CACHOEIRA,817.54,35.22,50.57,4.89,0.5,2011-12-21
29002,CACHOEIRA,817.39,34.17,49.05,4.35,0.78,2011-12-22
29002,CACHOEIRA,817.27,33.32,47.85,2.04,1.26,2011-12-23
29002,CACHOEIRA,817.17,32.63,46.85,3.51,1.5,2011-12-24
29002,CACHOEIRA,817.17,32.63,46.85,11.57,1.5,2011-12-25
29002,CACHOEIRA,817.03,31.66,45.46,0.36,1.5,2011-12-26
29002,CACHOEIRA,816.82,30.22,43.39,1.56,1.5,2011-12-27
29002,CACHOEIRA,816.8,30.09,43.2,1.29,1.5,2011-12-28
29002,CACHOEIRA,816.82,30.22,43.39,5.03,1.5,2011-12-29
29002,CACHOEIRA,816.81,30.15,43.29,2.67,1.5,2011-12-30
29002,CACHOEIRA,816.82,30.22,43.39,4.29,1.5,2011-12-31
29002,CACHOEIRA,816.86,30.49,43.78,6.61,1.5,2012-01-01
29002,CACHOEIRA,816.86,30.49,43.78,6.61,1.5,2012-01-01
29002,CACHOEIRA,816.91,30.84,44.27,6.85,0.94,2012-01-02
29002,CACHOEIRA,816.94,31.04,44.57,7.09,0.5,2012-01-03
29002,CACHOEIRA,816.95,31.11,44.67,5.8,0.5,2012-01-04
29002,CACHOEIRA,816.99,31.39,45.06,2.8,0.5,2012-01-05
29002,CACHOEIRA,817.07,31.94,45.85,5.15,0.5,2012-01-06
29002,CACHOEIRA,817.14,32.42,46.55,5.83,0.5,2012-01-07
29002,CACHOEIRA,817.17,32.63,46.85,2.97,0.5,2012-01-08
29002,CACHOEIRA,817.2,32.84,47.15,2.97,0.5,2012-01-09
29002,CACHOEIRA,817.28,33.39,47.95,6.95,0.5,2012-01-10
29002,CACHOEIRA,817.36,33.95,48.75,6.98,0.5,2012-01-11
29002,CACHOEIRA,817.43,34.45,49.46,6.0,0.5,2012-01-12
29002,CACHOEIRA,817.52,35.08,50.37,7.25,0.5,2012-01-13
29002,CACHOEIRA,817.52,35.08,50.37,9.67,0.5,2012-01-14
29002,CACHOEIRA,817.56,35.37,50.78,7.07,0.5,2012-01-15
29002,CACHOEIRA,817.69,36.29,52.11,10.18,0.5,2012-01-16
29002,CACHOEIRA,817.9,37.8,54.28,15.5,0.5,2012-01-17
29002,CACHOEIRA,818.1,39.26,56.37,20.7,0.5,2012-01-18
29002,CACHOEIRA,818.27,40.51,58.16,19.46,0.5,2012-01-19
29002,CACHOEIRA,818.58,42.82,61.47,31.72,0.5,2012-01-20
29002,CACHOEIRA,818.7,43.72,62.77,15.96,0.5,2012-01-21
29002,CACHOEIRA,818.79,44.4,63.75,13.39,0.5,2012-01-22
29002,CACHOEIRA,818.85,44.86,64.41,10.78,0.5,2012-01-23
29002,CACHOEIRA,818.89,45.16,64.84,9.03,0.5,2012-01-24
29002,CACHOEIRA,818.95,45.62,65.5,10.81,0.5,2012-01-25
29002,CACHOEIRA,818.9,45.24,64.95,7.79,0.5,2012-01-26
29002,CACHOEIRA,818.84,44.78,64.3,10.44,0.5,2012-01-27
29002,CACHOEIRA,818.79,44.4,63.75,11.34,0.5,2012-01-28
29002,CACHOEIRA,818.8,44.48,63.86,16.38,0.5,2012-01-29
29002,CACHOEIRA,818.73,43.95,63.1,9.6,0.5,2012-01-30
29002,CACHOEIRA,818.65,43.34,62.23,8.75,0.5,2012-01-31
29002,CACHOEIRA,818.57,42.74,61.37,8.78,0.5,2012-02-01
29002,CACHOEIRA,818.57,42.74,61.37,8.78,0.5,2012-02-01
29002,CACHOEIRA,818.49,42.14,60.51,8.81,0.5,2012-02-02
29002,CACHOEIRA,818.38,41.32,59.33,6.25,0.5,2012-02-03
29002,CACHOEIRA,818.27,40.51,58.16,6.56,0.75,2012-02-04
29002,CACHOEIRA,818.17,39.77,57.1,7.22,0.5,2012-02-05
29002,CACHOEIRA,818.05,38.89,55.84,5.57,0.5,2012-02-06
29002,CACHOEIRA,817.95,38.17,54.8,7.32,0.5,2012-02-07
29002,CACHOEIRA,817.84,37.37,53.65,6.72,0.69,2012-02-08
29002,CACHOEIRA,817.7,36.36,52.21,4.36,1.0,2012-02-09
29002,CACHOEIRA,817.57,35.44,50.88,5.27,1.0,2012-02-10
29002,CACHOEIRA,817.46,34.66,49.76,6.99,1.0,2012-02-11
29002,CACHOEIRA,817.39,34.17,49.05,10.29,1.0,2012-02-12
29002,CACHOEIRA,817.33,33.74,48.45,11.37,1.0,2012-02-13
29002,CACHOEIRA,817.22,32.98,47.35,7.01,0.66,2012-02-14
29002,CACHOEIRA,817.11,32.21,46.25,6.9,0.5,2012-02-15
29002,CACHOEIRA,817.0,31.45,45.16,5.37,0.5,2012-02-16
29002,CACHOEIRA,817.0,31.45,45.16,2.8,0.5,2012-02-17
29002,CACHOEIRA,817.04,31.73,45.56,3.86,0.67,2012-02-18
29002,CACHOEIRA,817.07,31.94,45.85,3.39,1.0,2012-02-19
29002,CACHOEIRA,817.08,32.01,45.95,1.8,1.0,2012-02-20
29002,CACHOEIRA,817.1,32.14,46.15,2.6,1.0,2012-02-21
29002,CACHOEIRA,817.11,32.21,46.25,1.8,1.0,2012-02-22
29002,CACHOEIRA,817.12,32.28,46.35,1.8,1.0,2012-02-23
29002,CACHOEIRA,817.14,32.42,46.55,2.6,1.0,2012-02-24
29002,CACHOEIRA,817.18,32.7,46.95,4.21,1.0,2012-02-25
29002,CACHOEIRA,817.22,32.98,47.35,4.03,0.81,2012-02-26
29002,CACHOEIRA,817.27,33.32,47.85,4.54,0.5,2012-02-27
29002,CACHOEIRA,817.35,33.88,48.65,6.98,0.5,2012-02-28
29002,CACHOEIRA,817.41,34.31,49.26,5.38,0.5,2012-02-29
29002,CACHOEIRA,817.42,34.38,49.36,1.31,0.5,2012-03-01
29002,CACHOEIRA,817.42,34.38,49.36,1.31,0.5,2012-03-01
29002,CACHOEIRA,817.44,34.52,49.56,2.13,0.5,2012-03-02
29002,CACHOEIRA,817.46,34.66,49.76,2.39,0.76,2012-03-03
29002,CACHOEIRA,817.53,35.15,50.47,6.73,1.0,2012-03-04
29002,CACHOEIRA,817.58,35.51,50.98,5.11,1.0,2012-03-05
29002,CACHOEIRA,817.62,35.79,51.39,4.51,1.22,2012-03-06
29002,CACHOEIRA,817.62,35.79,51.39,1.5,1.5,2012-03-07
29002,CACHOEIRA,817.62,35.79,51.39,1.5,1.5,2012-03-08
29002,CACHOEIRA,817.64,35.94,51.59,3.15,1.5,2012-03-09
29002,CACHOEIRA,817.65,36.01,51.7,2.83,2.0,2012-03-10
29002,CACHOEIRA,817.69,36.29,52.11,4.89,1.58,2012-03-11
29002,CACHOEIRA,817.7,36.36,52.21,1.83,1.0,2012-03-12
29002,CACHOEIRA,817.71,36.44,52.31,0.33,1.0,2012-03-13
29002,CACHOEIRA,817.73,36.58,52.52,1.66,1.0,2012-03-14
29002,CACHOEIRA,817.76,36.79,52.83,3.49,1.0,2012-03-15
29002,CACHOEIRA,817.77,36.87,52.93,1.83,1.0,2012-03-16
29002,CACHOEIRA,817.79,37.01,53.14,2.66,1.0,2012-03-17
29002,CACHOEIRA,817.8,37.08,53.24,1.83,1.0,2012-03-18
29002,CACHOEIRA,817.81,37.15,53.34,3.32,1.0,2012-03-19
29002,CACHOEIRA,817.82,37.23,53.45,3.79,1.0,2012-03-20
29002,CACHOEIRA,817.82,37.23,53.45,3.78,1.38,2012-03-21
29002,CACHOEIRA,817.8,37.08,53.24,2.69,1.5,2012-03-22
29002,CACHOEIRA,817.84,37.37,53.65,7.97,1.5,2012-03-23
29002,CACHOEIRA,817.84,37.37,53.65,4.64,1.5,2012-03-24
29002,CACHOEIRA,817.82,37.23,53.45,2.97,1.5,2012-03-25
29002,CACHOEIRA,817.81,37.15,53.34,4.18,1.5,2012-03-26
29002,CACHOEIRA,817.78,36.94,53.03,3.0,1.5,2012-03-27
29002,CACHOEIRA,817.75,36.72,52.72,3.31,1.5,2012-03-28
29002,CACHOEIRA,817.74,36.65,52.62,5.12,1.5,2012-03-29
29002,CACHOEIRA,817.72,36.51,52.42,4.27,1.24,2012-03-30
29002,CACHOEIRA,817.75,36.72,52.72,1.78,1.0,2012-03-31
29002,CACHOEIRA,817.79,37.01,53.14,2.44,1.0,2012-04-01
29002,CACHOEIRA,817.79,37.01,53.14,2.44,1.0,2012-04-01
29002,CACHOEIRA,817.82,37.23,53.45,1.79,1.0,2012-04-02
29002,CACHOEIRA,817.85,37.44,53.76,2.77,1.0,2012-04-03
29002,CACHOEIRA,817.89,37.73,54.17,1.88,1.0,2012-04-04
29002,CACHOEIRA,817.86,37.51,53.86,3.72,1.0,2012-04-05
29002,CACHOEIRA,817.84,37.37,53.65,1.33,1.0,2012-04-06
29002,CACHOEIRA,817.8,37.08,53.24,1.67,1.0,2012-04-07
29002,CACHOEIRA,817.77,36.87,52.93,2.83,1.0,2012-04-08
29002,CACHOEIRA,817.72,36.51,52.42,1.85,1.0,2012-04-09
29002,CACHOEIRA,817.68,36.22,52.0,2.52,1.0,2012-04-10
29002,CACHOEIRA,817.71,36.44,52.31,1.02,1.0,2012-04-11
29002,CACHOEIRA,817.83,37.3,53.55,3.27,1.0,2012-04-12
29002,CACHOEIRA,817.88,37.66,54.07,3.03,1.0,2012-04-13
29002,CACHOEIRA,817.94,38.09,54.69,2.15,1.0,2012-04-14
29002,CACHOEIRA,817.88,37.66,54.07,1.97,1.0,2012-04-15
29002,CACHOEIRA,817.87,37.59,53.96,6.66,1.0,2012-04-16
29002,CACHOEIRA,817.85,37.44,53.76,6.4,1.0,2012-04-17
29002,CACHOEIRA,817.8,37.08,53.24,3.33,1.0,2012-04-18
29002,CACHOEIRA,817.74,36.65,52.62,5.51,1.0,2012-04-19
29002,CACHOEIRA,817.68,36.22,52.0,1.53,1.0,2012-04-20
29002,CACHOEIRA,817.69,36.29,52.11,3.75,1.0,2012-04-21
29002,CACHOEIRA,817.86,37.51,53.86,12.11,0.64,2012-04-22
29002,CACHOEIRA,817.97,38.31,55.0,6.82,0.5,2012-04-23
29002,CACHOEIRA,818.1,39.26,56.37,4.64,0.5,2012-04-24
29002,CACHOEIRA,818.2,39.99,57.42,2.62,0.5,2012-04-25
29002,CACHOEIRA,818.29,40.65,58.37,2.71,0.5,2012-04-26
29002,CACHOEIRA,818.31,40.8,58.58,4.52,0.5,2012-04-27
29002,CACHOEIRA,818.31,40.8,58.58,1.2,0.5,2012-04-28
29002,CACHOEIRA,818.26,40.43,58.05,0.02,0.5,2012-04-29
29002,CACHOEIRA,818.29,40.65,58.37,4.08,0.5,2012-04-30
29002,CACHOEIRA,818.47,41.99,60.29,15.98,0.5,2012-05-01
29002,CACHOEIRA,818.47,41.99,60.29,15.98,0.5,2012-05-01
29002,CACHOEIRA,818.62,43.12,61.91,11.69,0.5,2012-05-02
29002,CACHOEIRA,818.71,43.8,62.88,5.92,0.5,2012-05-03
29002,CACHOEIRA,818.77,44.25,63.53,3.09,0.5,2012-05-04
29002,CACHOEIRA,818.83,44.71,64.19,2.46,0.5,2012-05-05
29002,CACHOEIRA,818.9,45.24,64.95,3.36,0.5,2012-05-06
29002,CACHOEIRA,818.93,45.47,65.28,1.77,0.5,2012-05-07
29002,CACHOEIRA,818.98,45.85,65.83,2.41,0.5,2012-05-08
29002,CACHOEIRA,819.02,46.16,66.27,1.7,0.5,2012-05-09
29002,CACHOEIRA,819.06,46.47,66.72,1.88,0.5,2012-05-10
29002,CACHOEIRA,819.1,46.77,67.16,2.21,0.65,2012-05-11
29002,CACHOEIRA,819.13,47.01,67.49,0.92,1.0,2012-05-12
29002,CACHOEIRA,819.16,47.24,67.82,1.06,1.0,2012-05-13
29002,CACHOEIRA,819.19,47.47,68.16,2.01,1.0,2012-05-14
29002,CACHOEIRA,819.23,47.78,68.6,2.94,1.0,2012-05-15
29002,CACHOEIRA,819.28,48.17,69.16,3.85,1.0,2012-05-16
29002,CACHOEIRA,819.32,48.48,69.61,3.16,1.0,2012-05-17
29002,CACHOEIRA,819.31,48.4,69.5,3.79,1.0,2012-05-18
29002,CACHOEIRA,819.27,48.09,69.05,3.29,1.0,2012-05-19
29002,CACHOEIRA,819.24,47.86,68.71,4.2,1.0,2012-05-20
29002,CACHOEIRA,819.21,47.63,68.38,4.05,1.0,2012-05-21
29002,CACHOEIRA,819.17,47.32,67.94,2.35,1.0,2012-05-22
29002,CACHOEIRA,819.14,47.08,67.6,3.25,1.0,2012-05-23
29002,CACHOEIRA,819.1,46.77,67.16,2.36,1.0,2012-05-24
29002,CACHOEIRA,819.07,46.54,66.83,3.26,1.0,2012-05-25
29002,CACHOEIRA,819.18,47.39,68.05,3.27,1.0,2012-05-26
29002,CACHOEIRA,819.28,48.17,69.16,6.6,1.0,2012-05-27
29002,CACHOEIRA,819.29,48.25,69.27,1.9,1.0,2012-05-28
29002,CACHOEIRA,819.32,48.48,69.61,3.71,1.0,2012-05-29
29002,CACHOEIRA,819.36,48.8,70.06,4.62,1.0,2012-05-30
29002,CACHOEIRA,819.39,49.03,70.4,3.72,1.0,2012-05-31
29002,CACHOEIRA,819.4,49.11,70.51,2.25,1.34,2012-06-01
29002,CACHOEIRA,819.4,49.11,70.51,2.25,1.34,2012-06-01
29002,CACHOEIRA,819.33,48.56,69.72,5.0,1.5,2012-06-02
29002,CACHOEIRA,819.22,47.7,68.49,5.97,0.88,2012-06-03
29002,CACHOEIRA,819.1,46.77,67.16,4.75,0.5,2012-06-04
29002,CACHOEIRA,818.99,45.93,65.94,5.7,0.5,2012-06-05
29002,CACHOEIRA,818.92,45.39,65.17,9.29,0.5,2012-06-06
29002,CACHOEIRA,818.84,44.78,64.3,8.44,0.5,2012-06-07
29002,CACHOEIRA,818.75,44.1,63.31,7.59,0.5,2012-06-08
29002,CACHOEIRA,818.68,43.57,62.55,9.37,0.5,2012-06-09
29002,CACHOEIRA,818.6,42.97,61.69,8.52,0.5,2012-06-10
29002,CACHOEIRA,818.51,42.29,60.72,7.69,0.5,2012-06-11
29002,CACHOEIRA,818.54,42.52,61.04,18.1,0.5,2012-06-12
29002,CACHOEIRA,818.48,42.07,60.4,10.3,0.5,2012-06-13
29002,CACHOEIRA,818.39,41.4,59.44,7.74,0.5,2012-06-14
29002,CACHOEIRA,818.31,40.8,58.58,8.63,0.5,2012-06-15
29002,CACHOEIRA,818.22,40.14,57.63,7.81,0.5,2012-06-16
29002,CACHOEIRA,818.1,39.26,56.37,5.31,0.5,2012-06-17
29002,CACHOEIRA,818.0,38.53,55.32,5.06,0.5,2012-06-18
29002,CACHOEIRA,817.89,37.73,54.17,5.46,0.5,2012-06-19
29002,CACHOEIRA,817.8,37.08,53.24,7.24,0.5,2012-06-20
29002,CACHOEIRA,817.84,37.37,53.65,18.29,0.5,2012-06-21
29002,CACHOEIRA,817.88,37.66,54.07,18.33,0.5,2012-06-22
29002,CACHOEIRA,817.96,38.24,54.9,22.21,0.5,2012-06-23
29002,CACHOEIRA,817.93,38.02,54.59,12.98,0.5,2012-06-24
29002,CACHOEIRA,817.86,37.51,53.86,9.11,0.5,2012-06-25
29002,CACHOEIRA,817.77,36.87,52.93,4.0,0.5,2012-06-26
29002,CACHOEIRA,817.69,36.29,52.11,7.2,0.5,2012-06-27
29002,CACHOEIRA,817.6,35.65,51.19,7.35,0.5,2012-06-28
29002,CACHOEIRA,817.49,34.87,50.07,5.66,0.5,2012-06-29
29002,CACHOEIRA,817.4,34.24,49.15,8.15,0.5,2012-06-30
29002,CACHOEIRA,817.3,33.53,48.15,7.38,0.5,2012-07-01
29002,CACHOEIRA,817.3,33.53,48.15,7.38,0.5,2012-07-01
29002,CACHOEIRA,817.2,32.84,47.15,6.4,0.5,2012-07-02
29002,CACHOEIRA,817.1,32.14,46.15,6.36,0.5,2012-07-03
29002,CACHOEIRA,817.0,31.45,45.16,6.34,0.5,2012-07-04
29002,CACHOEIRA,816.99,31.39,45.06,1.72,0.5,2012-07-05
29002,CACHOEIRA,816.96,31.18,44.77,3.62,0.5,2012-07-06
29002,CACHOEIRA,816.91,30.84,44.27,2.54,0.5,2012-07-07
29002,CACHOEIRA,816.87,30.56,43.88,3.34,0.5,2012-07-08
29002,CACHOEIRA,816.83,30.29,43.49,3.34,0.5,2012-07-09
29002,CACHOEIRA,816.78,29.95,43.0,3.06,0.5,2012-07-10
29002,CACHOEIRA,816.72,29.54,42.42,4.01,0.5,2012-07-11
29002,CACHOEIRA,816.66,29.14,41.84,4.03,0.5,2012-07-12
29002,CACHOEIRA,816.59,28.67,41.16,5.99,0.5,2012-07-13
29002,CACHOEIRA,816.59,28.67,41.16,2.59,0.5,2012-07-14
29002,CACHOEIRA,816.6,28.73,41.26,2.31,0.5,2012-07-15
29002,CACHOEIRA,816.6,28.73,41.26,2.06,0.5,2012-07-16
29002,CACHOEIRA,816.61,28.8,41.35,3.18,0.5,2012-07-17
29002,CACHOEIRA,816.7,29.41,42.22,7.64,0.5,2012-07-18
29002,CACHOEIRA,816.85,30.43,43.69,14.48,0.5,2012-07-19
29002,CACHOEIRA,816.9,30.77,44.18,6.57,0.5,2012-07-20
29002,CACHOEIRA,816.92,30.9,44.37,3.11,0.5,2012-07-21
29002,CACHOEIRA,816.92,30.9,44.37,1.53,0.5,2012-07-22
29002,CACHOEIRA,816.92,30.9,44.37,1.54,0.5,2012-07-23
29002,CACHOEIRA,816.9,30.77,44.18,2.32,0.5,2012-07-24
29002,CACHOEIRA,816.89,30.7,44.08,3.4,0.5,2012-07-25
29002,CACHOEIRA,816.92,30.9,44.37,2.22,0.5,2012-07-26
29002,CACHOEIRA,816.96,31.18,44.77,3.29,0.5,2012-07-27
29002,CACHOEIRA,817.0,31.45,45.16,2.09,1.0,2012-07-28
29002,CACHOEIRA,817.02,31.59,45.36,1.0,1.5,2012-07-29
29002,CACHOEIRA,817.03,31.66,45.46,4.01,1.5,2012-07-30
29002,CACHOEIRA,817.04,31.73,45.56,4.28,1.5,2012-07-31
29002,CACHOEIRA,817.03,31.66,45.46,3.04,1.5,2012-08-01
29002,CACHOEIRA,817.03,31.66,45.46,3.04,1.5,2012-08-01
29002,CACHOEIRA,817.02,31.59,45.36,4.17,1.5,2012-08-02
29002,CACHOEIRA,817.04,31.73,45.56,4.61,1.5,2012-08-03
29002,CACHOEIRA,817.06,31.87,45.75,3.11,1.5,2012-08-04
29002,CACHOEIRA,817.08,32.01,45.95,3.11,1.5,2012-08-05
29002,CACHOEIRA,817.09,32.07,46.05,5.04,1.5,2012-08-06
29002,CACHOEIRA,817.09,32.07,46.05,3.57,1.5,2012-08-07
29002,CACHOEIRA,817.08,32.01,45.95,4.68,1.5,2012-08-08
29002,CACHOEIRA,817.07,31.94,45.85,5.28,1.5,2012-08-09
29002,CACHOEIRA,817.04,31.73,45.56,4.26,1.5,2012-08-10
29002,CACHOEIRA,817.06,31.87,45.75,3.16,1.5,2012-08-11
29002,CACHOEIRA,817.07,31.94,45.85,2.36,1.5,2012-08-12
29002,CACHOEIRA,817.07,31.94,45.85,3.72,1.5,2012-08-13
29002,CACHOEIRA,817.07,31.94,45.85,4.36,1.5,2012-08-14
29002,CACHOEIRA,817.1,32.14,46.15,1.75,1.5,2012-08-15
29002,CACHOEIRA,817.12,32.28,46.35,1.88,2.25,2012-08-16
29002,CACHOEIRA,817.14,32.42,46.55,3.44,2.25,2012-08-17
29002,CACHOEIRA,817.17,32.63,46.85,1.84,1.5,2012-08-18
29002,CACHOEIRA,817.2,32.84,47.15,1.41,1.5,2012-08-19
29002,CACHOEIRA,817.22,32.98,47.35,1.81,1.5,2012-08-20
29002,CACHOEIRA,817.22,32.98,47.35,2.02,1.5,2012-08-21
29002,CACHOEIRA,817.25,33.19,47.65,3.04,1.5,2012-08-22
29002,CACHOEIRA,817.28,33.39,47.95,1.24,1.5,2012-08-23
29002,CACHOEIRA,817.32,33.67,48.35,3.15,1.5,2012-08-24
29002,CACHOEIRA,817.35,33.88,48.65,2.09,1.5,2012-08-25
29002,CACHOEIRA,817.38,34.1,48.95,4.1,1.5,2012-08-26
29002,CACHOEIRA,817.39,34.17,49.05,2.15,1.5,2012-08-27
29002,CACHOEIRA,817.46,34.66,49.76,1.09,1.5,2012-08-28
29002,CACHOEIRA,817.52,35.08,50.37,1.48,1.5,2012-08-29
29002,CACHOEIRA,817.59,35.58,51.08,1.06,1.5,2012-08-30
29002,CACHOEIRA,817.65,36.01,51.7,1.03,1.5,2012-08-31
29002,CACHOEIRA,817.71,36.44,52.31,1.48,1.94,2012-09-01
29002,CACHOEIRA,817.71,36.44,52.31,1.48,1.94,2012-09-01
29002,CACHOEIRA,817.75,36.72,52.72,0.4,2.5,2012-09-02
29002,CACHOEIRA,817.72,36.51,52.42,0.39,2.5,2012-09-03
29002,CACHOEIRA,817.73,36.58,52.52,1.51,2.5,2012-09-04
29002,CACHOEIRA,817.72,36.51,52.42,0.55,2.5,2012-09-05
29002,CACHOEIRA,817.71,36.44,52.31,0.17,2.5,2012-09-06
29002,CACHOEIRA,817.7,36.36,52.21,0.19,2.5,2012-09-07
29002,CACHOEIRA,817.67,36.15,51.9,0.24,2.5,2012-09-08
29002,CACHOEIRA,817.66,36.08,51.8,0.49,2.5,2012-09-09
29002,CACHOEIRA,817.61,35.72,51.29,0.39,2.5,2012-09-10
29002,CACHOEIRA,817.55,35.3,50.68,0.19,2.5,2012-09-11
29002,CACHOEIRA,817.5,34.94,50.17,0.12,2.5,2012-09-12
29002,CACHOEIRA,817.45,34.59,49.66,0.13,2.5,2012-09-13
29002,CACHOEIRA,817.38,34.1,48.95,0.22,2.5,2012-09-14
29002,CACHOEIRA,817.32,33.67,48.35,0.65,2.5,2012-09-15
29002,CACHOEIRA,817.25,33.19,47.65,0.84,2.5,2012-09-16
29002,CACHOEIRA,817.17,32.63,46.85,0.06,2.5,2012-09-17
29002,CACHOEIRA,817.09,32.07,46.05,0.01,2.5,2012-09-18
29002,CACHOEIRA,817.0,31.45,45.16,0.14,2.5,2012-09-19
29002,CACHOEIRA,816.9,30.77,44.18,0.18,2.5,2012-09-20
29002,CACHOEIRA,816.82,30.22,43.39,0.7,2.5,2012-09-21
29002,CACHOEIRA,816.73,29.61,42.52,0.45,2.5,2012-09-22
29002,CACHOEIRA,816.64,29.0,41.64,0.89,2.5,2012-09-23
29002,CACHOEIRA,816.54,28.33,40.68,2.23,2.5,2012-09-24
29002,CACHOEIRA,816.44,27.66,39.72,5.77,2.5,2012-09-25
29002,CACHOEIRA,816.32,26.87,38.58,4.68,2.5,2012-09-26
29002,CACHOEIRA,816.22,26.21,37.63,3.87,2.5,2012-09-27
29002,CACHOEIRA,816.19,26.01,37.35,2.32,2.5,2012-09-28
29002,CACHOEIRA,816.28,26.6,38.2,0.95,2.5,2012-09-29
29002,CACHOEIRA,816.39,27.33,39.24,2.52,2.5,2012-09-30
29002,CACHOEIRA,816.5,28.06,40.29,3.85,2.5,2012-10-01
29002,CACHOEIRA,816.5,28.06,40.29,3.85,2.5,2012-10-01
29002,CACHOEIRA,816.59,28.67,41.16,3.45,3.38,2012-10-02
29002,CACHOEIRA,816.49,28.0,40.2,2.4,3.5,2012-10-03
29002,CACHOEIRA,816.36,27.13,38.96,1.02,3.5,2012-10-04
29002,CACHOEIRA,816.33,26.93,38.67,3.14,3.5,2012-10-05
29002,CACHOEIRA,816.28,26.6,38.2,2.68,3.5,2012-10-06
29002,CACHOEIRA,816.31,26.8,38.48,8.79,3.5,2012-10-07
29002,CACHOEIRA,816.32,26.87,38.58,6.28,3.5,2012-10-08
29002,CACHOEIRA,816.31,26.8,38.48,2.21,3.5,2012-10-09
29002,CACHOEIRA,816.29,26.67,38.29,1.69,3.5,2012-10-10
29002,CACHOEIRA,816.25,26.41,37.91,1.35,3.5,2012-10-11
29002,CACHOEIRA,816.2,26.08,37.44,0.49,3.5,2012-10-12
29002,CACHOEIRA,816.17,25.88,37.16,2.02,3.5,2012-10-13
29002,CACHOEIRA,816.13,25.62,36.78,1.27,3.5,2012-10-14
29002,CACHOEIRA,816.08,25.29,36.31,2.4,3.5,2012-10-15
29002,CACHOEIRA,816.04,25.03,35.94,2.35,3.5,2012-10-16
29002,CACHOEIRA,816.05,25.1,36.03,3.41,3.5,2012-10-17
29002,CACHOEIRA,816.09,25.36,36.41,5.31,2.69,2012-10-18
29002,CACHOEIRA,816.09,25.36,36.41,1.84,2.0,2012-10-19
29002,CACHOEIRA,816.09,25.36,36.41,1.27,2.0,2012-10-20
29002,CACHOEIRA,816.15,25.75,36.97,5.81,2.0,2012-10-21
29002,CACHOEIRA,816.24,26.34,37.82,9.59,2.0,2012-10-22
29002,CACHOEIRA,816.32,26.87,38.58,7.89,2.0,2012-10-23
29002,CACHOEIRA,816.4,27.4,39.34,9.77,2.0,2012-10-24
29002,CACHOEIRA,816.45,27.73,39.81,4.21,1.29,2012-10-25
29002,CACHOEIRA,816.48,27.93,40.1,4.44,1.0,2012-10-26
29002,CACHOEIRA,816.5,28.06,40.29,5.47,1.0,2012-10-27
29002,CACHOEIRA,816.5,28.06,40.29,3.92,1.0,2012-10-28
29002,CACHOEIRA,816.55,28.4,40.77,8.25,1.0,2012-10-29
29002,CACHOEIRA,816.56,28.47,40.87,5.6,1.0,2012-10-30
29002,CACHOEIRA,816.54,28.33,40.68,1.94,1.0,2012-10-31
29002,CACHOEIRA,816.51,28.13,40.39,1.1,1.0,2012-11-01
29002,CACHOEIRA,816.51,28.13,40.39,1.1,1.0,2012-11-01
29002,CACHOEIRA,816.47,27.86,40.01,1.33,1.0,2012-11-02
29002,CACHOEIRA,816.42,27.53,39.53,0.56,1.0,2012-11-03
29002,CACHOEIRA,816.36,27.13,38.96,0.31,1.0,2012-11-04
29002,CACHOEIRA,816.3,26.74,38.39,2.39,1.0,2012-11-05
29002,CACHOEIRA,816.24,26.34,37.82,1.61,1.23,2012-11-06
29002,CACHOEIRA,816.16,25.81,37.06,2.9,1.5,2012-11-07
29002,CACHOEIRA,816.09,25.36,36.41,2.92,1.5,2012-11-08
29002,CACHOEIRA,816.09,25.36,36.41,2.27,1.5,2012-11-09
29002,CACHOEIRA,816.13,25.62,36.78,5.3,1.5,2012-11-10
29002,CACHOEIRA,816.15,25.75,36.97,3.79,1.5,2012-11-11
29002,CACHOEIRA,816.17,25.88,37.16,7.55,1.5,2012-11-12
29002,CACHOEIRA,816.18,25.95,37.25,6.79,1.5,2012-11-13
29002,CACHOEIRA,816.16,25.81,37.06,5.17,1.5,2012-11-14
29002,CACHOEIRA,816.16,25.81,37.06,6.7,1.5,2012-11-15
29002,CACHOEIRA,816.14,25.68,36.88,1.98,1.5,2012-11-16
29002,CACHOEIRA,816.11,25.49,36.59,1.23,1.5,2012-11-17
29002,CACHOEIRA,816.07,25.23,36.22,0.48,1.5,2012-11-18
29002,CACHOEIRA,816.03,24.97,35.84,3.05,1.5,2012-11-19
29002,CACHOEIRA,816.08,25.29,36.31,7.76,1.5,2012-11-20
29002,CACHOEIRA,816.06,25.16,36.12,3.58,1.15,2012-11-21
29002,CACHOEIRA,816.03,24.97,35.84,8.01,1.0,2012-11-22
29002,CACHOEIRA,815.98,24.64,35.38,5.24,1.0,2012-11-23
29002,CACHOEIRA,815.95,24.45,35.1,6.75,1.0,2012-11-24
29002,CACHOEIRA,815.94,24.38,35.01,2.25,1.0,2012-11-25
29002,CACHOEIRA,815.93,24.32,34.91,3.44,1.0,2012-11-26
29002,CACHOEIRA,815.93,24.32,34.91,1.94,1.0,2012-11-27
29002,CACHOEIRA,815.93,24.32,34.91,1.01,1.0,2012-11-28
29002,CACHOEIRA,815.97,24.58,35.29,1.61,1.0,2012-11-29
29002,CACHOEIRA,816.01,24.84,35.66,1.94,1.23,2012-11-30
29002,CACHOEIRA,816.04,25.03,35.94,1.46,1.5,2012-12-01
29002,CACHOEIRA,816.04,25.03,35.94,1.46,1.5,2012-12-01
29002,CACHOEIRA,816.07,25.23,36.22,1.46,1.5,2012-12-02
29002,CACHOEIRA,816.08,25.29,36.31,2.19,1.5,2012-12-03
29002,CACHOEIRA,816.13,25.62,36.78,2.54,1.5,2012-12-04
29002,CACHOEIRA,816.17,25.88,37.16,3.11,1.5,2012-12-05
29002,CACHOEIRA,816.2,26.08,37.44,2.21,1.5,2012-12-06
29002,CACHOEIRA,816.23,26.27,37.72,3.05,1.5,2012-12-07
29002,CACHOEIRA,816.29,26.67,38.29,5.35,1.5,2012-12-08
29002,CACHOEIRA,816.34,27.0,38.77,4.6,1.5,2012-12-09
29002,CACHOEIRA,816.37,27.2,39.05,1.08,1.5,2012-12-10
29002,CACHOEIRA,816.4,27.4,39.34,2.7,1.5,2012-12-11
29002,CACHOEIRA,816.41,27.46,39.43,3.25,1.5,2012-12-12
29002,CACHOEIRA,816.46,27.8,39.91,3.03,1.5,2012-12-13
29002,CACHOEIRA,816.48,27.93,40.1,2.33,1.5,2012-12-14
29002,CACHOEIRA,816.58,28.6,41.06,8.28,1.24,2012-12-15
29002,CACHOEIRA,816.62,28.87,41.45,3.36,1.0,2012-12-16
29002,CACHOEIRA,816.63,28.94,41.55,3.11,1.0,2012-12-17
29002,CACHOEIRA,816.76,29.81,42.81,6.61,0.69,2012-12-18
29002,CACHOEIRA,816.86,30.49,43.78,3.46,0.5,2012-12-19
29002,CACHOEIRA,816.96,31.18,44.77,3.94,0.5,2012-12-20
29002,CACHOEIRA,817.07,31.94,45.85,5.21,0.5,2012-12-21
29002,CACHOEIRA,817.16,32.56,46.75,4.93,0.5,2012-12-22
29002,CACHOEIRA,817.22,32.98,47.35,5.46,0.5,2012-12-23
29002,CACHOEIRA,817.32,33.67,48.35,8.71,0.5,2012-12-24
29002,CACHOEIRA,817.45,34.59,49.66,11.2,0.5,2012-12-25
29002,CACHOEIRA,817.53,35.15,50.47,6.78,0.5,2012-12-26
29002,CACHOEIRA,817.6,35.65,51.19,5.81,0.5,2012-12-27
29002,CACHOEIRA,817.68,36.22,52.0,6.6,0.5,2012-12-28
29002,CACHOEIRA,817.68,36.22,52.0,5.17,0.5,2012-12-29
29002,CACHOEIRA,817.7,36.36,52.21,7.46,0.5,2012-12-30
29002,CACHOEIRA,817.86,37.51,53.86,19.04,0.43,2012-12-31
29002,CACHOEIRA,817.96,38.24,54.9,13.76,0.25,2013-01-01
29002,CACHOEIRA,817.96,38.24,54.9,13.76,0.25,2013-01-01
29002,CACHOEIRA,817.99,38.46,55.21,6.42,0.25,2013-01-02
29002,CACHOEIRA,817.82,37.23,53.45,5.59,0.25,2013-01-03
29002,CACHOEIRA,817.57,35.44,50.88,4.17,0.25,2013-01-04
29002,CACHOEIRA,817.34,33.81,48.55,6.08,0.25,2013-01-05
29002,CACHOEIRA,817.12,32.28,46.35,7.12,0.25,2013-01-06
29002,CACHOEIRA,816.89,30.7,44.08,5.74,0.25,2013-01-07
29002,CACHOEIRA,816.91,30.84,44.27,2.88,0.25,2013-01-08
29002,CACHOEIRA,816.98,31.32,44.96,3.42,0.36,2013-01-09
29002,CACHOEIRA,817.16,32.56,46.75,11.92,0.5,2013-01-10
29002,CACHOEIRA,817.52,35.08,50.37,27.18,0.5,2013-01-11
29002,CACHOEIRA,817.68,36.22,52.0,31.49,0.5,2013-01-12
29002,CACHOEIRA,817.61,35.72,51.29,14.77,0.5,2013-01-13
29002,CACHOEIRA,817.6,35.65,51.19,19.73,0.5,2013-01-14
29002,CACHOEIRA,817.51,35.01,50.27,13.06,0.31,2013-01-15
29002,CACHOEIRA,817.41,34.31,49.26,12.12,0.25,2013-01-16
29002,CACHOEIRA,817.34,33.81,48.55,14.53,0.25,2013-01-17
29002,CACHOEIRA,817.23,33.05,47.45,11.22,0.25,2013-01-18
29002,CACHOEIRA,817.09,32.07,46.05,8.88,0.25,2013-01-19
29002,CACHOEIRA,816.95,31.11,44.67,8.97,0.25,2013-01-20
29002,CACHOEIRA,816.81,30.15,43.29,8.65,0.25,2013-01-21
29002,CACHOEIRA,816.66,29.14,41.84,8.54,0.25,2013-01-22
29002,CACHOEIRA,816.52,28.2,40.49,4.54,0.25,2013-01-23
29002,CACHOEIRA,816.38,27.27,39.15,4.14,0.25,2013-01-24
29002,CACHOEIRA,816.26,26.47,38.01,5.11,0.25,2013-01-25
29002,CACHOEIRA,816.14,25.68,36.88,6.38,0.25,2013-01-26
29002,CACHOEIRA,816.04,25.03,35.94,7.94,0.25,2013-01-27
29002,CACHOEIRA,816.0,24.77,35.56,3.74,0.25,2013-01-28
29002,CACHOEIRA,816.13,25.62,36.78,6.41,0.25,2013-01-29
29002,CACHOEIRA,816.26,26.47,38.01,6.26,0.25,2013-01-30
29002,CACHOEIRA,816.37,27.2,39.05,5.45,0.25,2013-01-31
29002,CACHOEIRA,816.47,27.86,40.01,5.01,0.39,2013-02-01
29002,CACHOEIRA,816.47,27.86,40.01,5.01,0.39,2013-02-01
29002,CACHOEIRA,816.6,28.73,41.26,7.47,0.5,2013-02-02
29002,CACHOEIRA,816.7,29.41,42.22,5.2,0.5,2013-02-03
29002,CACHOEIRA,816.8,30.09,43.2,7.35,0.5,2013-02-04
29002,CACHOEIRA,816.9,30.77,44.18,6.52,0.5,2013-02-05
29002,CACHOEIRA,816.98,31.32,44.96,4.55,0.5,2013-02-06
29002,CACHOEIRA,817.07,31.94,45.85,6.38,0.5,2013-02-07
29002,CACHOEIRA,817.21,32.91,47.25,9.64,0.33,2013-02-08
29002,CACHOEIRA,817.29,33.46,48.05,5.13,0.25,2013-02-09
29002,CACHOEIRA,817.26,33.25,47.75,4.95,0.25,2013-02-10
29002,CACHOEIRA,817.33,33.74,48.45,13.05,0.25,2013-02-11
29002,CACHOEIRA,817.33,33.74,48.45,7.38,0.25,2013-02-12
29002,CACHOEIRA,817.36,33.95,48.75,9.81,0.25,2013-02-13
29002,CACHOEIRA,817.38,34.1,48.95,9.09,0.25,2013-02-14
29002,CACHOEIRA,817.38,34.1,48.95,8.61,0.25,2013-02-15
29002,CACHOEIRA,817.35,33.88,48.65,6.17,0.25,2013-02-16
29002,CACHOEIRA,817.32,33.67,48.35,6.18,0.25,2013-02-17
29002,CACHOEIRA,817.3,33.53,48.15,6.92,0.25,2013-02-18
29002,CACHOEIRA,817.26,33.25,47.75,5.19,0.25,2013-02-19
29002,CACHOEIRA,817.26,33.25,47.75,8.38,0.25,2013-02-20
29002,CACHOEIRA,817.25,33.19,47.65,7.56,0.25,2013-02-21
29002,CACHOEIRA,817.23,33.05,47.45,6.73,0.25,2013-02-22
29002,CACHOEIRA,817.2,32.84,47.15,6.05,0.38,2013-02-23
29002,CACHOEIRA,817.25,33.19,47.65,15.62,0.5,2013-02-24
29002,CACHOEIRA,817.3,33.53,48.15,12.59,0.5,2013-02-25
29002,CACHOEIRA,817.31,33.6,48.25,9.34,0.5,2013-02-26
29002,CACHOEIRA,817.33,33.74,48.45,10.15,0.5,2013-02-27
29002,CACHOEIRA,817.32,33.67,48.35,6.68,0.5,2013-02-28
29002,CACHOEIRA,817.26,33.25,47.75,10.46,0.5,2013-03-01
29002,CACHOEIRA,817.26,33.25,47.75,10.46,0.5,2013-03-01
29002,CACHOEIRA,817.28,33.39,47.95,6.7,0.5,2013-03-02
29002,CACHOEIRA,817.35,33.88,48.65,6.16,0.5,2013-03-03
29002,CACHOEIRA,817.4,34.24,49.15,4.59,0.5,2013-03-04
29002,CACHOEIRA,817.44,34.52,49.56,3.95,0.5,2013-03-05
29002,CACHOEIRA,817.47,34.73,49.86,3.4,0.72,2013-03-06
29002,CACHOEIRA,817.51,35.01,50.27,4.71,1.0,2013-03-07
29002,CACHOEIRA,817.55,35.3,50.68,7.47,1.0,2013-03-08
29002,CACHOEIRA,817.49,34.87,50.07,2.16,1.0,2013-03-09
29002,CACHOEIRA,817.44,34.52,49.56,4.75,1.0,2013-03-10
29002,CACHOEIRA,817.38,34.1,48.95,5.5,1.0,2013-03-11
29002,CACHOEIRA,817.34,33.81,48.55,6.3,0.45,2013-03-12
29002,CACHOEIRA,817.28,33.39,47.95,4.23,0.25,2013-03-13
29002,CACHOEIRA,817.23,33.05,47.45,4.83,0.25,2013-03-14
29002,CACHOEIRA,817.16,32.56,46.75,3.09,0.25,2013-03-15
29002,CACHOEIRA,817.09,32.07,46.05,3.11,0.25,2013-03-16
29002,CACHOEIRA,817.07,31.94,45.85,7.12,0.25,2013-03-17
29002,CACHOEIRA,817.14,32.42,46.55,11.05,0.25,2013-03-18
29002,CACHOEIRA,817.22,32.98,47.35,11.75,0.25,2013-03-19
29002,CACHOEIRA,817.27,33.32,47.85,9.19,0.25,2013-03-20
29002,CACHOEIRA,817.26,33.25,47.75,4.14,0.25,2013-03-21
29002,CACHOEIRA,817.28,33.39,47.95,6.4,0.25,2013-03-22
29002,CACHOEIRA,817.23,33.05,47.45,3.43,0.25,2013-03-23
29002,CACHOEIRA,817.15,32.49,46.65,0.81,0.25,2013-03-24
29002,CACHOEIRA,817.08,32.01,45.95,4.1,0.25,2013-03-25
29002,CACHOEIRA,816.98,31.32,44.96,7.08,0.25,2013-03-26
29002,CACHOEIRA,816.94,31.04,44.57,11.79,0.25,2013-03-27
29002,CACHOEIRA,816.83,30.29,43.49,4.63,0.25,2013-03-28
29002,CACHOEIRA,816.91,30.84,44.27,7.53,0.25,2013-03-29
29002,CACHOEIRA,816.94,31.04,44.57,3.14,0.25,2013-03-30
29002,CACHOEIRA,816.96,31.18,44.77,2.35,0.25,2013-03-31
29002,CACHOEIRA,816.98,31.32,44.96,2.35,0.25,2013-04-01
29002,CACHOEIRA,816.98,31.32,44.96,2.35,0.25,2013-04-01
29002,CACHOEIRA,817.0,31.45,45.16,3.11,0.25,2013-04-02
29002,CACHOEIRA,817.02,31.59,45.36,3.13,0.25,2013-04-03
29002,CACHOEIRA,817.06,31.87,45.75,4.79,0.25,2013-04-04
29002,CACHOEIRA,817.08,32.01,45.95,3.22,0.25,2013-04-05
29002,CACHOEIRA,817.25,33.19,47.65,18.02,0.25,2013-04-06
29002,CACHOEIRA,817.28,33.39,47.95,7.73,0.25,2013-04-07
29002,CACHOEIRA,817.32,33.67,48.35,8.67,0.25,2013-04-08
29002,CACHOEIRA,817.37,34.02,48.85,9.51,0.25,2013-04-09
29002,CACHOEIRA,817.42,34.38,49.36,5.05,0.25,2013-04-10
29002,CACHOEIRA,817.46,34.66,49.76,6.26,0.25,2013-04-11
29002,CACHOEIRA,817.4,34.24,49.15,2.15,0.25,2013-04-12
29002,CACHOEIRA,817.41,34.31,49.26,8.41,0.81,2013-04-13
29002,CACHOEIRA,817.43,34.45,49.46,9.42,1.0,2013-04-14
29002,CACHOEIRA,817.49,34.87,50.07,11.6,1.0,2013-04-15
29002,CACHOEIRA,817.5,34.94,50.17,4.96,0.71,2013-04-16
29002,CACHOEIRA,817.49,34.87,50.07,5.55,0.5,2013-04-17
29002,CACHOEIRA,817.47,34.73,49.86,4.57,0.5,2013-04-18
29002,CACHOEIRA,817.45,34.59,49.66,3.85,0.5,2013-04-19
29002,CACHOEIRA,817.39,34.17,49.05,3.77,0.5,2013-04-20
29002,CACHOEIRA,817.31,33.6,48.25,3.92,0.5,2013-04-21
29002,CACHOEIRA,817.23,33.05,47.45,4.24,0.5,2013-04-22
29002,CACHOEIRA,817.14,32.42,46.55,3.38,0.5,2013-04-23
29002,CACHOEIRA,817.03,31.66,45.46,3.25,0.5,2013-04-24
29002,CACHOEIRA,816.89,30.7,44.08,2.52,0.5,2013-04-25
29002,CACHOEIRA,816.91,30.84,44.27,2.42,0.5,2013-04-26
29002,CACHOEIRA,816.96,31.18,44.77,1.32,0.75,2013-04-27
29002,CACHOEIRA,817.0,31.45,45.16,0.79,1.0,2013-04-28
29002,CACHOEIRA,817.02,31.59,45.36,3.08,1.0,2013-04-29
29002,CACHOEIRA,817.02,31.59,45.36,2.4,1.0,2013-04-30
29002,CACHOEIRA,817.06,31.87,45.75,1.16,1.0,2013-05-01
29002,CACHOEIRA,817.06,31.87,45.75,1.16,1.0,2013-05-01
29002,CACHOEIRA,817.06,31.87,45.75,2.85,1.0,2013-05-02
29002,CACHOEIRA,817.07,31.94,45.85,5.91,1.0,2013-05-03
29002,CACHOEIRA,817.1,32.14,46.15,7.51,1.0,2013-05-04
29002,CACHOEIRA,817.16,32.56,46.75,9.92,1.0,2013-05-05
29002,CACHOEIRA,817.2,32.84,47.15,3.16,1.0,2013-05-06
29002,CACHOEIRA,817.25,33.19,47.65,4.96,1.0,2013-05-07
29002,CACHOEIRA,817.28,33.39,47.95,2.5,1.0,2013-05-08
29002,CACHOEIRA,817.31,33.6,48.25,3.74,1.0,2013-05-09
29002,CACHOEIRA,817.32,33.67,48.35,2.19,1.0,2013-05-10
29002,CACHOEIRA,817.34,33.81,48.55,3.67,1.0,2013-05-11
29002,CACHOEIRA,817.35,33.88,48.65,2.86,1.0,2013-05-12
29002,CACHOEIRA,817.35,33.88,48.65,3.18,1.0,2013-05-13
29002,CACHOEIRA,817.27,33.32,47.85,2.59,1.0,2013-05-14
29002,CACHOEIRA,817.21,32.91,47.25,4.11,1.0,2013-05-15
29002,CACHOEIRA,817.24,33.12,47.55,3.32,1.0,2013-05-16
29002,CACHOEIRA,817.29,33.46,48.05,3.28,1.0,2013-05-17
29002,CACHOEIRA,817.36,33.95,48.75,3.67,1.0,2013-05-18
29002,CACHOEIRA,817.44,34.52,49.56,4.51,1.0,2013-05-19
29002,CACHOEIRA,817.5,34.94,50.17,2.43,1.0,2013-05-20
29002,CACHOEIRA,817.58,35.51,50.98,4.21,1.0,2013-05-21
29002,CACHOEIRA,817.62,35.79,51.39,3.57,1.0,2013-05-22
29002,CACHOEIRA,817.67,36.15,51.9,5.17,1.0,2013-05-23
29002,CACHOEIRA,817.66,36.08,51.8,7.82,1.0,2013-05-24
29002,CACHOEIRA,817.58,35.51,50.98,2.06,1.0,2013-05-25
29002,CACHOEIRA,817.49,34.87,50.07,1.27,1.0,2013-05-26
29002,CACHOEIRA,817.4,34.24,49.15,1.39,1.0,2013-05-27
29002,CACHOEIRA,817.32,33.67,48.35,3.91,1.0,2013-05-28
29002,CACHOEIRA,817.2,32.84,47.15,6.72,1.0,2013-05-29
29002,CACHOEIRA,817.16,32.56,46.75,7.03,0.68,2013-05-30
29002,CACHOEIRA,817.14,32.42,46.55,5.96,0.5,2013-05-31
29002,CACHOEIRA,817.1,32.14,46.15,4.36,0.5,2013-06-01
29002,CACHOEIRA,817.1,32.14,46.15,4.36,0.5,2013-06-01
29002,CACHOEIRA,817.06,31.87,45.75,4.37,0.5,2013-06-02
29002,CACHOEIRA,817.08,32.01,45.95,9.41,0.5,2013-06-03
29002,CACHOEIRA,817.07,31.94,45.85,1.12,0.5,2013-06-04
29002,CACHOEIRA,817.07,31.94,45.85,1.0,0.5,2013-06-05
29002,CACHOEIRA,817.07,31.94,45.85,2.42,0.5,2013-06-06
29002,CACHOEIRA,817.07,31.94,45.85,2.62,0.5,2013-06-07
29002,CACHOEIRA,817.04,31.73,45.56,2.08,0.5,2013-06-08
29002,CACHOEIRA,816.99,31.39,45.06,1.56,0.5,2013-06-09
29002,CACHOEIRA,816.94,31.04,44.57,2.49,0.5,2013-06-10
29002,CACHOEIRA,816.95,31.11,44.67,3.32,0.5,2013-06-11
29002,CACHOEIRA,816.97,31.25,44.86,3.2,0.5,2013-06-12
29002,CACHOEIRA,816.99,31.39,45.06,3.2,0.5,2013-06-13
29002,CACHOEIRA,817.01,31.52,45.26,1.61,0.5,2013-06-14
29002,CACHOEIRA,817.02,31.59,45.36,6.1,0.5,2013-06-15
29002,CACHOEIRA,817.02,31.59,45.36,5.32,0.5,2013-06-16
29002,CACHOEIRA,817.03,31.66,45.46,6.36,0.5,2013-06-17
29002,CACHOEIRA,817.04,31.73,45.56,5.42,0.5,2013-06-18
29002,CACHOEIRA,817.04,31.73,45.56,4.9,0.5,2013-06-19
29002,CACHOEIRA,817.03,31.66,45.46,2.67,0.5,2013-06-20
29002,CACHOEIRA,817.01,31.52,45.26,2.99,0.5,2013-06-21
29002,CACHOEIRA,816.98,31.32,44.96,4.87,0.5,2013-06-22
29002,CACHOEIRA,816.97,31.25,44.86,6.64,0.5,2013-06-23
29002,CACHOEIRA,816.96,31.18,44.77,4.77,0.5,2013-06-24
29002,CACHOEIRA,816.96,31.18,44.77,4.47,0.5,2013-06-25
29002,CACHOEIRA,816.97,31.25,44.86,5.13,0.5,2013-06-26
29002,CACHOEIRA,816.98,31.32,44.96,5.36,0.5,2013-06-27
29002,CACHOEIRA,816.99,31.39,45.06,5.5,0.5,2013-06-28
29002,CACHOEIRA,816.99,31.39,45.06,5.58,0.5,2013-06-29
29002,CACHOEIRA,816.99,31.39,45.06,4.44,0.5,2013-06-30
29002,CACHOEIRA,817.02,31.59,45.36,8.9,0.5,2013-07-01
29002,CACHOEIRA,817.02,31.59,45.36,8.9,0.5,2013-07-01
29002,CACHOEIRA,817.04,31.73,45.56,8.15,0.5,2013-07-02
29002,CACHOEIRA,817.04,31.73,45.56,6.66,0.5,2013-07-03
29002,CACHOEIRA,817.07,31.94,45.85,2.48,0.5,2013-07-04
29002,CACHOEIRA,817.11,32.21,46.25,4.0,0.5,2013-07-05
29002,CACHOEIRA,817.13,32.35,46.45,4.0,0.5,2013-07-06
29002,CACHOEIRA,817.17,32.63,46.85,5.92,0.5,2013-07-07
29002,CACHOEIRA,817.21,32.91,47.25,5.93,0.5,2013-07-08
29002,CACHOEIRA,817.24,33.12,47.55,5.13,0.5,2013-07-09
29002,CACHOEIRA,817.27,33.32,47.85,1.83,0.5,2013-07-10
29002,CACHOEIRA,817.28,33.39,47.95,3.62,0.5,2013-07-11
29002,CACHOEIRA,817.28,33.39,47.95,2.51,0.5,2013-07-12
29002,CACHOEIRA,817.3,33.53,48.15,2.38,0.5,2013-07-13
29002,CACHOEIRA,817.32,33.67,48.35,2.21,0.5,2013-07-14
29002,CACHOEIRA,817.33,33.74,48.45,3.26,0.5,2013-07-15
29002,CACHOEIRA,817.34,33.81,48.55,3.49,0.78,2013-07-16
29002,CACHOEIRA,817.34,33.81,48.55,3.46,1.0,2013-07-17
29002,CACHOEIRA,817.33,33.74,48.45,1.69,1.0,2013-07-18
29002,CACHOEIRA,817.32,33.67,48.35,2.49,1.0,2013-07-19
29002,CACHOEIRA,817.32,33.67,48.35,1.67,1.0,2013-07-20
29002,CACHOEIRA,817.3,33.53,48.15,0.09,1.0,2013-07-21
29002,CACHOEIRA,817.29,33.46,48.05,3.66,1.0,2013-07-22
29002,CACHOEIRA,817.31,33.6,48.25,1.82,1.0,2013-07-23
29002,CACHOEIRA,817.33,33.74,48.45,2.1,1.0,2013-07-24
29002,CACHOEIRA,817.42,34.38,49.36,6.63,1.0,2013-07-25
29002,CACHOEIRA,817.52,35.08,50.37,8.4,1.0,2013-07-26
29002,CACHOEIRA,817.58,35.51,50.98,6.07,1.0,2013-07-27
29002,CACHOEIRA,817.61,35.72,51.29,3.82,1.0,2013-07-28
29002,CACHOEIRA,817.63,35.86,51.49,2.33,1.0,2013-07-29
29002,CACHOEIRA,817.63,35.86,51.49,2.47,1.0,2013-07-30
29002,CACHOEIRA,817.63,35.86,51.49,3.1,1.0,2013-07-31
29002,CACHOEIRA,817.62,35.79,51.39,3.16,1.0,2013-08-01
29002,CACHOEIRA,817.62,35.79,51.39,3.16,1.0,2013-08-01
29002,CACHOEIRA,817.6,35.65,51.19,3.31,1.0,2013-08-02
29002,CACHOEIRA,817.58,35.51,50.98,4.09,1.0,2013-08-03
29002,CACHOEIRA,817.55,35.3,50.68,3.69,1.0,2013-08-04
29002,CACHOEIRA,817.52,35.08,50.37,3.53,1.0,2013-08-05
29002,CACHOEIRA,817.48,34.8,49.96,3.46,1.25,2013-08-06
29002,CACHOEIRA,817.47,34.73,49.86,1.65,1.5,2013-08-07
29002,CACHOEIRA,817.48,34.8,49.96,2.99,1.5,2013-08-08
29002,CACHOEIRA,817.49,34.87,50.07,2.67,1.5,2013-08-09
29002,CACHOEIRA,817.47,34.73,49.86,2.87,1.75,2013-08-10
29002,CACHOEIRA,817.44,34.52,49.56,2.31,2.0,2013-08-11
29002,CACHOEIRA,817.41,34.31,49.26,2.41,2.0,2013-08-12
29002,CACHOEIRA,817.38,34.1,48.95,2.8,2.0,2013-08-13
29002,CACHOEIRA,817.34,33.81,48.55,3.05,2.0,2013-08-14
29002,CACHOEIRA,817.29,33.46,48.05,3.06,2.0,2013-08-15
29002,CACHOEIRA,817.24,33.12,47.55,3.3,2.0,2013-08-16
29002,CACHOEIRA,817.18,32.7,46.95,3.79,2.0,2013-08-17
29002,CACHOEIRA,817.11,32.21,46.25,3.0,2.0,2013-08-18
29002,CACHOEIRA,817.05,31.8,45.65,3.74,2.0,2013-08-19
29002,CACHOEIRA,816.97,31.25,44.86,2.9,2.0,2013-08-20
29002,CACHOEIRA,816.95,31.11,44.67,1.18,2.0,2013-08-21
29002,CACHOEIRA,816.94,31.04,44.57,2.52,2.0,2013-08-22
29002,CACHOEIRA,816.94,31.04,44.57,1.13,2.0,2013-08-23
29002,CACHOEIRA,816.94,31.04,44.57,1.13,2.0,2013-08-24
29002,CACHOEIRA,816.92,30.9,44.37,0.21,2.0,2013-08-25
29002,CACHOEIRA,816.89,30.7,44.08,2.02,2.0,2013-08-26
29002,CACHOEIRA,816.91,30.84,44.27,2.38,2.0,2013-08-27
29002,CACHOEIRA,816.94,31.04,44.57,1.23,2.0,2013-08-28
29002,CACHOEIRA,816.97,31.25,44.86,2.09,2.0,2013-08-29
29002,CACHOEIRA,816.99,31.39,45.06,2.67,2.0,2013-08-30
29002,CACHOEIRA,817.03,31.66,45.46,4.27,2.0,2013-08-31
29002,CACHOEIRA,817.07,31.94,45.85,2.19,2.0,2013-09-01
29002,CACHOEIRA,817.07,31.94,45.85,2.19,2.0,2013-09-01
29002,CACHOEIRA,817.1,32.14,46.15,2.68,2.0,2013-09-02
29002,CACHOEIRA,817.13,32.35,46.45,2.12,2.0,2013-09-03
29002,CACHOEIRA,817.16,32.56,46.75,3.39,2.0,2013-09-04
29002,CACHOEIRA,817.21,32.91,47.25,3.35,2.0,2013-09-05
29002,CACHOEIRA,817.24,33.12,47.55,3.12,2.0,2013-09-06
29002,CACHOEIRA,817.34,33.81,48.55,6.08,2.0,2013-09-07
29002,CACHOEIRA,817.43,34.45,49.46,5.34,2.0,2013-09-08
29002,CACHOEIRA,817.49,34.87,50.07,3.58,2.0,2013-09-09
29002,CACHOEIRA,817.55,35.3,50.68,3.86,2.52,2013-09-10
29002,CACHOEIRA,817.56,35.37,50.78,3.64,3.0,2013-09-11
29002,CACHOEIRA,817.54,35.22,50.57,2.5,2.67,2013-09-12
29002,CACHOEIRA,817.51,35.01,50.27,1.76,2.5,2013-09-13
29002,CACHOEIRA,817.48,34.8,49.96,0.17,2.5,2013-09-14
29002,CACHOEIRA,817.46,34.66,49.76,0.75,2.5,2013-09-15
29002,CACHOEIRA,817.43,34.45,49.46,2.11,2.5,2013-09-16
29002,CACHOEIRA,817.4,34.24,49.15,1.55,2.5,2013-09-17
29002,CACHOEIRA,817.36,33.95,48.75,3.12,2.5,2013-09-18
29002,CACHOEIRA,817.31,33.6,48.25,2.31,2.5,2013-09-19
29002,CACHOEIRA,817.26,33.25,47.75,3.48,2.5,2013-09-20
29002,CACHOEIRA,817.22,32.98,47.35,0.35,2.5,2013-09-21
29002,CACHOEIRA,817.17,32.63,46.85,0.18,2.5,2013-09-22
29002,CACHOEIRA,817.14,32.42,46.55,2.31,2.5,2013-09-23
29002,CACHOEIRA,817.09,32.07,46.05,2.99,2.2,2013-09-24
29002,CACHOEIRA,817.08,32.01,45.95,2.5,2.0,2013-09-25
29002,CACHOEIRA,817.06,31.87,45.75,2.31,2.0,2013-09-26
29002,CACHOEIRA,817.03,31.66,45.46,1.55,2.0,2013-09-27
29002,CACHOEIRA,817.02,31.59,45.36,0.88,2.0,2013-09-28
29002,CACHOEIRA,817.01,31.52,45.26,0.88,2.0,2013-09-29
29002,CACHOEIRA,816.98,31.32,44.96,1.92,2.0,2013-09-30
29002,CACHOEIRA,816.94,31.04,44.57,1.2,2.0,2013-10-01
29002,CACHOEIRA,816.94,31.04,44.57,1.2,2.0,2013-10-01
29002,CACHOEIRA,816.91,30.84,44.27,3.24,2.0,2013-10-02
29002,CACHOEIRA,816.89,30.7,44.08,3.15,1.19,2013-10-03
29002,CACHOEIRA,816.88,30.63,43.98,3.62,1.0,2013-10-04
29002,CACHOEIRA,816.95,31.11,44.67,6.25,0.58,2013-10-05
29002,CACHOEIRA,816.97,31.25,44.86,1.98,0.5,2013-10-06
29002,CACHOEIRA,816.98,31.32,44.96,2.72,0.5,2013-10-07
29002,CACHOEIRA,817.03,31.66,45.46,2.23,0.5,2013-10-08
29002,CACHOEIRA,817.08,32.01,45.95,1.98,0.98,2013-10-09
29002,CACHOEIRA,817.11,32.21,46.25,1.5,1.5,2013-10-10
29002,CACHOEIRA,817.17,32.63,46.85,3.91,1.5,2013-10-11
29002,CACHOEIRA,817.23,33.05,47.45,4.67,2.24,2013-10-12
29002,CACHOEIRA,817.27,33.32,47.85,3.33,2.5,2013-10-13
29002,CACHOEIRA,817.3,33.53,48.15,2.49,2.5,2013-10-14
29002,CACHOEIRA,817.36,33.95,48.75,4.73,2.5,2013-10-15
29002,CACHOEIRA,817.47,34.73,49.86,8.87,2.5,2013-10-16
29002,CACHOEIRA,817.58,35.51,50.98,8.58,2.5,2013-10-17
29002,CACHOEIRA,817.64,35.94,51.59,4.5,2.5,2013-10-18
29002,CACHOEIRA,817.75,36.72,52.72,8.39,2.22,2013-10-19
29002,CACHOEIRA,817.82,37.23,53.45,4.88,2.0,2013-10-20
29002,CACHOEIRA,817.87,37.59,53.96,4.79,2.0,2013-10-21
29002,CACHOEIRA,817.91,37.88,54.38,3.67,2.0,2013-10-22
29002,CACHOEIRA,817.96,38.24,54.9,5.9,1.67,2013-10-23
29002,CACHOEIRA,817.98,38.38,55.11,3.55,1.5,2013-10-24
29002,CACHOEIRA,818.0,38.53,55.32,4.38,1.5,2013-10-25
29002,CACHOEIRA,818.0,38.53,55.32,1.8,1.5,2013-10-26
29002,CACHOEIRA,817.99,38.46,55.21,0.26,1.5,2013-10-27
29002,CACHOEIRA,817.98,38.38,55.11,2.51,1.88,2013-10-28
29002,CACHOEIRA,817.96,38.24,54.9,1.72,2.0,2013-10-29
29002,CACHOEIRA,817.94,38.09,54.69,1.63,2.48,2013-10-30
29002,CACHOEIRA,817.94,38.09,54.69,2.34,3.0,2013-10-31
29002,CACHOEIRA,817.92,37.95,54.48,2.12,3.0,2013-11-01
29002,CACHOEIRA,817.92,37.95,54.48,2.12,3.0,2013-11-01
29002,CACHOEIRA,817.89,37.73,54.17,2.85,3.26,2013-11-02
29002,CACHOEIRA,817.84,37.37,53.65,1.42,3.5,2013-11-03
29002,CACHOEIRA,817.79,37.01,53.14,2.37,3.5,2013-11-04
29002,CACHOEIRA,817.74,36.65,52.62,1.96,3.5,2013-11-05
29002,CACHOEIRA,817.69,36.29,52.11,4.32,3.5,2013-11-06
29002,CACHOEIRA,817.63,35.86,51.49,2.89,3.5,2013-11-07
29002,CACHOEIRA,817.57,35.44,50.88,1.85,3.5,2013-11-08
29002,CACHOEIRA,817.5,34.94,50.17,1.05,3.5,2013-11-09
29002,CACHOEIRA,817.42,34.38,49.36,0.25,3.5,2013-11-10
29002,CACHOEIRA,817.32,33.67,48.35,0.79,3.5,2013-11-11
29002,CACHOEIRA,817.22,32.98,47.35,2.91,3.5,2013-11-12
29002,CACHOEIRA,817.12,32.28,46.35,3.23,3.5,2013-11-13
29002,CACHOEIRA,817.07,31.94,45.85,1.19,3.75,2013-11-14
29002,CACHOEIRA,817.0,31.45,45.16,0.62,4.0,2013-11-15
29002,CACHOEIRA,816.95,31.11,44.67,1.52,4.0,2013-11-16
29002,CACHOEIRA,816.95,31.11,44.67,5.49,4.0,2013-11-17
29002,CACHOEIRA,816.89,30.7,44.08,2.9,4.0,2013-11-18
29002,CACHOEIRA,816.83,30.29,43.49,3.02,4.0,2013-11-19
29002,CACHOEIRA,816.77,29.88,42.9,3.04,4.0,2013-11-20
29002,CACHOEIRA,816.74,29.68,42.61,3.12,4.0,2013-11-21
29002,CACHOEIRA,816.74,29.68,42.61,2.81,4.0,2013-11-22
29002,CACHOEIRA,816.75,29.75,42.71,3.0,4.0,2013-11-23
29002,CACHOEIRA,816.78,29.95,43.0,5.35,4.0,2013-11-24
29002,CACHOEIRA,816.83,30.29,43.49,7.21,3.31,2013-11-25
29002,CACHOEIRA,816.92,30.9,44.37,8.47,1.0,2013-11-26
29002,CACHOEIRA,817.01,31.52,45.26,9.7,1.0,2013-11-27
29002,CACHOEIRA,817.13,32.35,46.45,11.33,1.0,2013-11-28
29002,CACHOEIRA,817.21,32.91,47.25,8.26,1.0,2013-11-29
29002,CACHOEIRA,817.18,32.7,46.95,10.87,1.0,2013-11-30
29002,CACHOEIRA,817.1,32.14,46.15,4.52,1.0,2013-12-01
29002,CACHOEIRA,817.1,32.14,46.15,4.52,1.0,2013-12-01
29002,CACHOEIRA,817.04,31.73,45.56,3.7,1.0,2013-12-02
29002,CACHOEIRA,817.0,31.45,45.16,6.32,1.0,2013-12-03
29002,CACHOEIRA,816.97,31.25,44.86,5.74,1.54,2013-12-04
29002,CACHOEIRA,816.97,31.25,44.86,2.48,2.0,2013-12-05
29002,CACHOEIRA,817.0,31.45,45.16,2.29,2.72,2013-12-06
29002,CACHOEIRA,817.05,31.8,45.65,4.66,3.5,2013-12-07
29002,CACHOEIRA,817.06,31.87,45.75,1.48,3.5,2013-12-08
29002,CACHOEIRA,817.06,31.87,45.75,2.88,3.5,2013-12-09
29002,CACHOEIRA,817.01,31.52,45.26,3.41,3.5,2013-12-10
29002,CACHOEIRA,816.95,31.11,44.67,1.83,3.5,2013-12-11
29002,CACHOEIRA,816.92,30.9,44.37,3.22,2.08,2013-12-12
29002,CACHOEIRA,816.9,30.77,44.18,3.84,1.5,2013-12-13
29002,CACHOEIRA,816.85,30.43,43.69,1.0,1.5,2013-12-14
29002,CACHOEIRA,816.8,30.09,43.2,2.18,1.5,2013-12-15
29002,CACHOEIRA,816.73,29.61,42.52,2.66,1.5,2013-12-16
29002,CACHOEIRA,816.64,29.0,41.64,2.37,2.13,2013-12-17
29002,CACHOEIRA,816.55,28.4,40.77,3.28,2.5,2013-12-18
29002,CACHOEIRA,816.51,28.13,40.39,3.63,3.03,2013-12-19
29002,CACHOEIRA,816.48,27.93,40.1,3.02,3.5,2013-12-20
29002,CACHOEIRA,816.46,27.8,39.91,3.76,3.5,2013-12-21
29002,CACHOEIRA,816.49,28.0,40.2,2.51,3.5,2013-12-22
29002,CACHOEIRA,816.68,29.27,42.03,6.93,3.5,2013-12-23
29002,CACHOEIRA,816.72,29.54,42.42,3.56,3.5,2013-12-24
29002,CACHOEIRA,816.77,29.88,42.9,6.03,3.5,2013-12-25
29002,CACHOEIRA,816.8,30.09,43.2,6.4,3.5,2013-12-26
29002,CACHOEIRA,816.83,30.29,43.49,7.23,3.5,2013-12-27
29002,CACHOEIRA,816.86,30.49,43.78,7.24,3.5,2013-12-28
29002,CACHOEIRA,816.89,30.7,44.08,7.24,3.5,2013-12-29
29002,CACHOEIRA,816.94,31.04,44.57,7.11,1.78,2013-12-30
29002,CACHOEIRA,816.98,31.32,44.96,4.22,1.0,2013-12-31
29002,CACHOEIRA,817.01,31.52,45.26,3.43,1.0,2014-01-01
29002,CACHOEIRA,817.01,31.52,45.26,3.43,1.0,2014-01-01
29002,CACHOEIRA,817.03,31.66,45.46,2.63,1.0,2014-01-02
29002,CACHOEIRA,817.04,31.73,45.56,4.03,1.0,2014-01-03
29002,CACHOEIRA,817.04,31.73,45.56,3.23,1.0,2014-01-04
29002,CACHOEIRA,816.98,31.32,44.96,1.88,1.0,2014-01-05
29002,CACHOEIRA,816.86,30.49,43.78,1.07,1.0,2014-01-06
29002,CACHOEIRA,816.76,29.81,42.81,2.34,1.0,2014-01-07
29002,CACHOEIRA,816.73,29.61,42.52,2.01,1.0,2014-01-08
29002,CACHOEIRA,816.7,29.41,42.22,1.65,1.0,2014-01-09
29002,CACHOEIRA,816.69,29.34,42.13,3.36,1.0,2014-01-10
29002,CACHOEIRA,816.71,29.48,42.32,0.3,1.0,2014-01-11
29002,CACHOEIRA,816.81,30.15,43.29,6.53,1.0,2014-01-12
29002,CACHOEIRA,816.88,30.63,43.98,4.91,1.0,2014-01-13
29002,CACHOEIRA,817.02,31.59,45.36,11.04,1.0,2014-01-14
29002,CACHOEIRA,817.09,32.07,46.05,4.13,1.0,2014-01-15
29002,CACHOEIRA,817.14,32.42,46.55,3.03,1.0,2014-01-16
29002,CACHOEIRA,817.2,32.84,47.15,4.43,1.0,2014-01-17
29002,CACHOEIRA,817.26,33.25,47.75,4.45,1.0,2014-01-18
29002,CACHOEIRA,817.29,33.46,48.05,2.03,1.0,2014-01-19
29002,CACHOEIRA,817.32,33.67,48.35,2.99,1.0,2014-01-20
29002,CACHOEIRA,817.28,33.39,47.95,0.98,1.0,2014-01-21
29002,CACHOEIRA,817.22,32.98,47.35,2.16,1.0,2014-01-22
29002,CACHOEIRA,817.16,32.56,46.75,3.23,1.0,2014-01-23
29002,CACHOEIRA,817.1,32.14,46.15,3.69,1.0,2014-01-24
29002,CACHOEIRA,817.03,31.66,45.46,3.11,1.0,2014-01-25
29002,CACHOEIRA,816.97,31.25,44.86,3.93,1.0,2014-01-26
29002,CACHOEIRA,816.89,30.7,44.08,3.15,1.0,2014-01-27
29002,CACHOEIRA,816.8,30.09,43.2,3.0,1.0,2014-01-28
29002,CACHOEIRA,816.7,29.41,42.22,2.41,1.0,2014-01-29
29002,CACHOEIRA,816.61,28.8,41.35,3.79,1.0,2014-01-30
29002,CACHOEIRA,816.52,28.2,40.49,2.22,1.0,2014-01-31
29002,CACHOEIRA,816.46,27.8,39.91,1.9,1.0,2014-02-01
29002,CACHOEIRA,816.46,27.8,39.91,1.9,1.0,2014-02-01
29002,CACHOEIRA,816.4,27.4,39.34,1.92,1.0,2014-02-02
29002,CACHOEIRA,816.33,26.93,38.67,1.66,1.0,2014-02-03
29002,CACHOEIRA,816.25,26.41,37.91,1.32,1.0,2014-02-04
29002,CACHOEIRA,816.17,25.88,37.16,1.23,1.0,2014-02-05
29002,CACHOEIRA,816.08,25.29,36.31,1.06,1.0,2014-02-06
29002,CACHOEIRA,815.98,24.64,35.38,1.07,1.0,2014-02-07
29002,CACHOEIRA,815.9,24.12,34.63,1.03,1.0,2014-02-08
29002,CACHOEIRA,815.81,23.54,33.8,1.31,1.0,2014-02-09
29002,CACHOEIRA,815.71,22.9,32.88,3.17,1.0,2014-02-10
29002,CACHOEIRA,815.62,22.33,32.06,1.25,1.0,2014-02-11
29002,CACHOEIRA,815.56,21.95,31.51,0.94,1.0,2014-02-12
29002,CACHOEIRA,815.5,21.57,30.97,0.57,1.0,2014-02-13
29002,CACHOEIRA,815.45,21.25,30.52,4.09,1.0,2014-02-14
29002,CACHOEIRA,815.51,21.63,31.06,9.5,1.0,2014-02-15
29002,CACHOEIRA,815.6,22.2,31.88,12.12,2.4,2014-02-16
29002,CACHOEIRA,815.78,23.35,33.53,13.7,2.0,2014-02-17
29002,CACHOEIRA,815.97,24.58,35.29,13.19,2.0,2014-02-18
29002,CACHOEIRA,816.02,24.9,35.75,2.21,2.0,2014-02-19
29002,CACHOEIRA,816.07,25.23,36.22,2.17,2.0,2014-02-20
29002,CACHOEIRA,816.08,25.29,36.31,1.01,2.0,2014-02-21
29002,CACHOEIRA,816.04,25.03,35.94,1.14,2.0,2014-02-22
29002,CACHOEIRA,815.99,24.71,35.47,1.23,2.0,2014-02-23
29002,CACHOEIRA,815.94,24.38,35.01,1.07,2.0,2014-02-24
29002,CACHOEIRA,815.86,23.86,34.26,2.47,2.0,2014-02-25
29002,CACHOEIRA,815.82,23.61,33.89,2.28,2.0,2014-02-26
29002,CACHOEIRA,815.81,23.54,33.8,2.57,2.0,2014-02-27
29002,CACHOEIRA,815.78,23.35,33.53,1.84,2.0,2014-02-28
29002,CACHOEIRA,815.81,23.54,33.8,4.3,2.0,2014-03-01
29002,CACHOEIRA,815.81,23.54,33.8,4.3,2.0,2014-03-01
29002,CACHOEIRA,815.81,23.54,33.8,2.0,2.0,2014-03-02
29002,CACHOEIRA,815.8,23.48,33.71,2.76,2.0,2014-03-03
29002,CACHOEIRA,815.78,23.35,33.53,2.01,2.0,2014-03-04
29002,CACHOEIRA,815.75,23.16,33.25,1.27,2.0,2014-03-05
29002,CACHOEIRA,815.72,22.97,32.97,1.91,1.58,2014-03-06
29002,CACHOEIRA,815.7,22.84,32.79,2.07,1.0,2014-03-07
29002,CACHOEIRA,815.69,22.77,32.7,2.81,1.0,2014-03-08
29002,CACHOEIRA,815.69,22.77,32.7,3.55,1.0,2014-03-09
29002,CACHOEIRA,815.68,22.71,32.61,4.27,1.0,2014-03-10
29002,CACHOEIRA,815.66,22.58,32.42,2.32,1.0,2014-03-11
29002,CACHOEIRA,815.66,22.58,32.42,4.0,1.0,2014-03-12
29002,CACHOEIRA,815.64,22.46,32.24,3.26,1.0,2014-03-13
29002,CACHOEIRA,815.61,22.27,31.97,3.54,1.0,2014-03-14
29002,CACHOEIRA,815.59,22.14,31.79,4.28,1.0,2014-03-15
29002,CACHOEIRA,815.59,22.14,31.79,5.46,1.0,2014-03-16
29002,CACHOEIRA,815.54,21.82,31.33,2.83,1.0,2014-03-17
29002,CACHOEIRA,815.66,22.58,32.42,9.73,1.0,2014-03-18
29002,CACHOEIRA,815.74,23.09,33.16,5.64,1.0,2014-03-19
29002,CACHOEIRA,815.81,23.54,33.8,6.35,1.0,2014-03-20
29002,CACHOEIRA,815.83,23.67,33.99,2.16,1.0,2014-03-21
29002,CACHOEIRA,815.96,24.51,35.19,10.38,1.0,2014-03-22
29002,CACHOEIRA,816.02,24.9,35.75,5.18,1.0,2014-03-23
29002,CACHOEIRA,816.07,25.23,36.22,5.47,1.0,2014-03-24
29002,CACHOEIRA,816.12,25.55,36.69,5.58,1.0,2014-03-25
29002,CACHOEIRA,816.15,25.75,36.97,4.07,1.0,2014-03-26
29002,CACHOEIRA,816.16,25.81,37.06,2.6,1.0,2014-03-27
29002,CACHOEIRA,816.16,25.81,37.06,2.92,1.0,2014-03-28
29002,CACHOEIRA,816.14,25.68,36.88,1.4,1.0,2014-03-29
29002,CACHOEIRA,816.1,25.42,36.5,0.77,1.0,2014-03-30
29002,CACHOEIRA,816.05,25.1,36.03,2.92,1.0,2014-03-31
29002,CACHOEIRA,816.0,24.77,35.56,3.66,1.0,2014-04-01
29002,CACHOEIRA,816.0,24.77,35.56,3.66,1.0,2014-04-01
29002,CACHOEIRA,815.97,24.58,35.29,6.14,1.0,2014-04-02
29002,CACHOEIRA,815.92,24.25,34.82,4.67,1.0,2014-04-03
29002,CACHOEIRA,815.94,24.38,35.01,5.02,1.0,2014-04-04
29002,CACHOEIRA,815.99,24.71,35.47,6.5,1.0,2014-04-05
29002,CACHOEIRA,816.02,24.9,35.75,5.01,1.0,2014-04-06
29002,CACHOEIRA,816.04,25.03,35.94,4.19,1.0,2014-04-07
29002,CACHOEIRA,816.04,25.03,35.94,3.55,1.0,2014-04-08
29002,CACHOEIRA,815.99,24.71,35.47,1.94,1.0,2014-04-09
29002,CACHOEIRA,816.22,26.21,37.63,4.0,1.0,2014-04-10
29002,CACHOEIRA,816.33,26.93,38.67,4.4,1.0,2014-04-11
29002,CACHOEIRA,816.37,27.2,39.05,1.07,1.0,2014-04-12
29002,CACHOEIRA,816.45,27.73,39.81,2.16,1.0,2014-04-13
29002,CACHOEIRA,816.55,28.4,40.77,3.61,0.88,2014-04-14
29002,CACHOEIRA,816.63,28.94,41.55,2.22,1.0,2014-04-15
29002,CACHOEIRA,816.78,29.95,43.0,15.54,0.8,2014-04-16
29002,CACHOEIRA,816.9,30.77,44.18,7.21,0.75,2014-04-17
29002,CACHOEIRA,817.0,31.45,45.16,8.42,0.9,2014-04-18
29002,CACHOEIRA,817.0,31.45,45.16,7.0,1.0,2014-04-19
29002,CACHOEIRA,816.99,31.39,45.06,6.6,1.0,2014-04-20
29002,CACHOEIRA,816.97,31.25,44.86,6.51,1.0,2014-04-21
29002,CACHOEIRA,816.95,31.11,44.67,7.31,1.0,2014-04-22
29002,CACHOEIRA,816.9,30.77,44.18,5.24,1.0,2014-04-23
29002,CACHOEIRA,816.85,30.43,43.69,5.55,1.0,2014-04-24
29002,CACHOEIRA,816.79,30.02,43.1,5.17,1.0,2014-04-25
29002,CACHOEIRA,816.72,29.54,42.42,4.66,1.0,2014-04-26
29002,CACHOEIRA,816.64,29.0,41.64,2.2,1.0,2014-04-27
29002,CACHOEIRA,816.55,28.4,40.77,1.7,1.0,2014-04-28
29002,CACHOEIRA,816.44,27.66,39.72,2.49,1.0,2014-04-29
29002,CACHOEIRA,816.42,27.53,39.53,1.43,1.0,2014-04-30
29002,CACHOEIRA,816.43,27.6,39.62,2.67,1.0,2014-05-01
29002,CACHOEIRA,816.43,27.6,39.62,2.67,1.0,2014-05-01
29002,CACHOEIRA,816.42,27.53,39.53,0.13,1.0,2014-05-02
29002,CACHOEIRA,816.42,27.53,39.53,1.0,1.0,2014-05-03
29002,CACHOEIRA,816.41,27.46,39.43,0.03,1.0,2014-05-04
29002,CACHOEIRA,816.4,27.4,39.34,0.03,1.0,2014-05-05
29002,CACHOEIRA,816.37,27.2,39.05,0.19,1.0,2014-05-06
29002,CACHOEIRA,816.35,27.07,38.86,2.47,1.0,2014-05-07
29002,CACHOEIRA,816.32,26.87,38.58,0.7,1.0,2014-05-08
29002,CACHOEIRA,816.28,26.6,38.2,1.64,1.0,2014-05-09
29002,CACHOEIRA,816.21,26.14,37.53,0.52,1.0,2014-05-10
29002,CACHOEIRA,816.18,25.95,37.25,1.32,1.0,2014-05-11
29002,CACHOEIRA,816.14,25.68,36.88,0.67,1.0,2014-05-12
29002,CACHOEIRA,816.09,25.36,36.41,0.12,1.0,2014-05-13
29002,CACHOEIRA,816.03,24.97,35.84,0.47,1.0,2014-05-14
29002,CACHOEIRA,815.97,24.58,35.29,0.19,1.0,2014-05-15
29002,CACHOEIRA,815.96,24.51,35.19,3.27,1.0,2014-05-16
29002,CACHOEIRA,815.95,24.45,35.1,0.15,1.0,2014-05-17
29002,CACHOEIRA,815.95,24.45,35.1,0.6,1.0,2014-05-18
29002,CACHOEIRA,815.92,24.25,34.82,1.31,1.0,2014-05-19
29002,CACHOEIRA,815.91,24.19,34.73,2.69,1.0,2014-05-20
29002,CACHOEIRA,815.91,24.19,34.73,1.51,1.0,2014-05-21
29002,CACHOEIRA,815.9,24.12,34.63,0.11,1.0,2014-05-22
29002,CACHOEIRA,815.9,24.12,34.63,4.43,1.0,2014-05-23
29002,CACHOEIRA,815.92,24.25,34.82,5.75,1.0,2014-05-24
29002,CACHOEIRA,815.9,24.12,34.63,5.2,1.0,2014-05-25
29002,CACHOEIRA,815.87,23.93,34.36,3.95,1.0,2014-05-26
29002,CACHOEIRA,815.87,23.93,34.36,2.36,1.0,2014-05-27
29002,CACHOEIRA,815.86,23.86,34.26,3.8,1.0,2014-05-28
29002,CACHOEIRA,815.95,24.45,35.1,5.83,1.0,2014-05-29
29002,CACHOEIRA,816.06,25.16,36.12,5.15,1.0,2014-05-30
29002,CACHOEIRA,816.14,25.68,36.88,7.7,1.0,2014-05-31
29002,CACHOEIRA,816.2,26.08,37.44,5.53,1.0,2014-06-01
29002,CACHOEIRA,816.2,26.08,37.44,5.53,1.0,2014-06-01
29002,CACHOEIRA,816.26,26.47,38.01,5.42,1.0,2014-06-02
29002,CACHOEIRA,816.28,26.6,38.2,2.12,0.89,2014-06-03
29002,CACHOEIRA,816.26,26.47,38.01,2.55,1.0,2014-06-04
29002,CACHOEIRA,816.23,26.27,37.72,0.29,1.0,2014-06-05
29002,CACHOEIRA,816.01,24.84,35.66,1.6,1.0,2014-06-06
29002,CACHOEIRA,815.85,23.8,34.17,1.93,1.0,2014-06-07
29002,CACHOEIRA,815.67,22.65,32.52,0.45,1.0,2014-06-08
29002,CACHOEIRA,815.49,21.51,30.88,0.26,1.0,2014-06-09
29002,CACHOEIRA,815.34,20.56,29.52,0.18,1.0,2014-06-10
29002,CACHOEIRA,815.25,20.0,28.72,0.8,1.0,2014-06-11
29002,CACHOEIRA,815.19,19.63,28.18,0.56,1.0,2014-06-12
29002,CACHOEIRA,815.14,19.32,27.74,0.4,1.0,2014-06-13
29002,CACHOEIRA,815.13,19.26,27.65,1.86,1.0,2014-06-14
29002,CACHOEIRA,815.14,19.32,27.74,0.22,1.0,2014-06-15
29002,CACHOEIRA,815.14,19.32,27.74,0.5,1.0,2014-06-16
29002,CACHOEIRA,815.13,19.26,27.65,0.61,1.0,2014-06-17
29002,CACHOEIRA,815.15,19.38,27.83,1.51,1.0,2014-06-18
29002,CACHOEIRA,815.14,19.32,27.74,1.48,1.0,2014-06-19
29002,CACHOEIRA,815.14,19.32,27.74,1.3,1.0,2014-06-20
29002,CACHOEIRA,815.14,19.32,27.74,0.5,1.0,2014-06-21
29002,CACHOEIRA,815.13,19.26,27.65,0.42,1.74,2014-06-22
29002,CACHOEIRA,815.11,19.13,27.47,0.37,2.0,2014-06-23
29002,CACHOEIRA,815.09,19.01,27.29,0.42,2.0,2014-06-24
29002,CACHOEIRA,815.07,18.89,27.12,0.67,2.0,2014-06-25
29002,CACHOEIRA,815.05,18.76,26.94,0.27,2.0,2014-06-26
29002,CACHOEIRA,815.03,18.64,26.76,0.28,2.0,2014-06-27
29002,CACHOEIRA,815.01,18.52,26.59,0.38,2.0,2014-06-28
29002,CACHOEIRA,815.01,18.52,26.59,0.7,2.0,2014-06-29
29002,CACHOEIRA,815.05,18.76,26.94,0.55,2.0,2014-06-30
29002,CACHOEIRA,815.12,19.2,27.56,0.4,2.0,2014-07-01
29002,CACHOEIRA,815.12,19.2,27.56,0.4,2.0,2014-07-01
29002,CACHOEIRA,815.15,19.38,27.83,0.35,2.0,2014-07-02
29002,CACHOEIRA,815.18,19.57,28.09,0.25,2.0,2014-07-03
29002,CACHOEIRA,815.18,19.57,28.09,0.2,2.0,2014-07-04
29002,CACHOEIRA,815.16,19.44,27.91,0.27,2.0,2014-07-05
29002,CACHOEIRA,815.16,19.44,27.91,0.2,2.0,2014-07-06
29002,CACHOEIRA,815.14,19.32,27.74,0.17,2.0,2014-07-07
29002,CACHOEIRA,815.1,19.07,27.38,0.34,2.0,2014-07-08
29002,CACHOEIRA,815.04,18.7,26.85,0.33,1.21,2014-07-09
29002,CACHOEIRA,815.04,18.7,26.85,0.8,1.0,2014-07-10
29002,CACHOEIRA,815.05,18.76,26.94,0.91,1.0,2014-07-11
29002,CACHOEIRA,815.08,18.95,27.21,1.16,1.0,2014-07-12
29002,CACHOEIRA,815.09,19.01,27.29,0.8,1.0,2014-07-13
29002,CACHOEIRA,815.08,18.95,27.21,0.19,1.0,2014-07-14
29002,CACHOEIRA,815.04,18.7,26.85,0.74,1.0,2014-07-15
29002,CACHOEIRA,815.0,18.46,26.5,1.09,1.0,2014-07-16
29002,CACHOEIRA,815.01,18.52,26.59,0.27,1.0,2014-07-17
29002,CACHOEIRA,815.02,18.58,26.67,0.46,1.0,2014-07-18
29002,CACHOEIRA,815.06,18.82,27.03,0.16,1.0,2014-07-19
29002,CACHOEIRA,815.11,19.13,27.47,0.31,1.0,2014-07-20
29002,CACHOEIRA,815.15,19.38,27.83,0.53,1.0,2014-07-21
29002,CACHOEIRA,815.16,19.44,27.91,0.16,1.79,2014-07-22
29002,CACHOEIRA,815.18,19.57,28.09,0.81,2.0,2014-07-23
29002,CACHOEIRA,815.16,19.44,27.91,0.27,2.0,2014-07-24
29002,CACHOEIRA,815.12,19.2,27.56,0.24,2.0,2014-07-25
29002,CACHOEIRA,815.07,18.89,27.12,0.14,1.21,2014-07-26
29002,CACHOEIRA,815.02,18.58,26.67,0.14,1.0,2014-07-27
29002,CACHOEIRA,814.98,18.33,26.32,0.66,1.0,2014-07-28
29002,CACHOEIRA,814.98,18.33,26.32,0.36,1.0,2014-07-29
29002,CACHOEIRA,815.03,18.64,26.76,0.69,1.0,2014-07-30
29002,CACHOEIRA,815.04,18.7,26.85,0.51,1.0,2014-07-31
29002,CACHOEIRA,815.02,18.58,26.67,0.67,1.0,2014-08-01
29002,CACHOEIRA,815.02,18.58,26.67,0.67,1.0,2014-08-01
29002,CACHOEIRA,815.02,18.58,26.67,1.09,1.0,2014-08-02
29002,CACHOEIRA,815.01,18.52,26.59,0.59,1.0,2014-08-03
29002,CACHOEIRA,815.0,18.46,26.5,0.49,1.0,2014-08-04
29002,CACHOEIRA,814.99,18.39,26.41,0.68,1.29,2014-08-05
29002,CACHOEIRA,814.97,18.27,26.23,0.58,2.0,2014-08-06
29002,CACHOEIRA,814.95,18.15,26.06,0.28,2.0,2014-08-07
29002,CACHOEIRA,814.92,17.97,25.79,0.33,2.0,2014-08-08
29002,CACHOEIRA,814.89,17.78,25.53,0.38,2.0,2014-08-09
29002,CACHOEIRA,814.89,17.78,25.53,0.7,2.0,2014-08-10
29002,CACHOEIRA,814.89,17.78,25.53,0.7,2.0,2014-08-11
29002,CACHOEIRA,814.88,17.72,25.44,0.36,2.0,2014-08-12
29002,CACHOEIRA,814.87,17.66,25.36,0.39,2.0,2014-08-13
29002,CACHOEIRA,814.95,18.15,26.06,0.27,1.6,2014-08-14
29002,CACHOEIRA,815.04,18.7,26.85,0.39,1.0,2014-08-15
29002,CACHOEIRA,815.11,19.13,27.47,0.49,1.0,2014-08-16
29002,CACHOEIRA,815.15,19.38,27.83,1.37,1.0,2014-08-17
29002,CACHOEIRA,815.19,19.63,28.18,0.82,1.0,2014-08-18
29002,CACHOEIRA,815.2,19.69,28.27,0.72,1.0,2014-08-19
29002,CACHOEIRA,815.16,19.44,27.91,0.43,1.0,2014-08-20
29002,CACHOEIRA,815.09,19.01,27.29,0.29,1.0,2014-08-21
29002,CACHOEIRA,815.02,18.58,26.67,0.18,1.0,2014-08-22
29002,CACHOEIRA,814.96,18.21,26.15,0.34,1.0,2014-08-23
29002,CACHOEIRA,814.9,17.84,25.62,0.3,1.0,2014-08-24
29002,CACHOEIRA,814.84,17.48,25.09,0.22,1.0,2014-08-25
29002,CACHOEIRA,814.85,17.54,25.18,0.21,1.63,2014-08-26
29002,CACHOEIRA,814.88,17.72,25.44,0.35,2.0,2014-08-27
29002,CACHOEIRA,814.89,17.78,25.53,0.41,2.0,2014-08-28
29002,CACHOEIRA,814.91,17.9,25.71,0.86,2.0,2014-08-29
29002,CACHOEIRA,814.93,18.03,25.88,0.44,2.0,2014-08-30
29002,CACHOEIRA,814.95,18.15,26.06,0.78,2.0,2014-08-31
29002,CACHOEIRA,814.94,18.09,25.97,0.64,2.0,2014-09-01
29002,CACHOEIRA,814.94,18.09,25.97,0.64,2.0,2014-09-01
29002,CACHOEIRA,814.98,18.33,26.32,1.23,1.19,2014-09-02
29002,CACHOEIRA,815.05,18.76,26.94,3.34,1.0,2014-09-03
29002,CACHOEIRA,815.11,19.13,27.47,2.69,1.0,2014-09-04
29002,CACHOEIRA,815.15,19.38,27.83,1.73,1.0,2014-09-05
29002,CACHOEIRA,815.18,19.57,28.09,1.16,1.0,2014-09-06
29002,CACHOEIRA,815.2,19.69,28.27,0.7,1.0,2014-09-07
29002,CACHOEIRA,815.22,19.81,28.45,0.43,1.0,2014-09-08
29002,CACHOEIRA,815.25,20.0,28.72,0.88,1.0,2014-09-09
29002,CACHOEIRA,815.27,20.13,28.9,0.7,1.0,2014-09-10
29002,CACHOEIRA,815.3,20.31,29.16,0.64,1.0,2014-09-11
29002,CACHOEIRA,815.31,20.38,29.25,0.63,1.25,2014-09-12
29002,CACHOEIRA,815.31,20.38,29.25,0.55,2.0,2014-09-13
29002,CACHOEIRA,815.32,20.44,29.34,0.68,2.0,2014-09-14
29002,CACHOEIRA,815.33,20.5,29.43,0.79,2.0,2014-09-15
29002,CACHOEIRA,815.34,20.56,29.52,0.65,2.0,2014-09-16
29002,CACHOEIRA,815.35,20.63,29.61,0.7,2.0,2014-09-17
29002,CACHOEIRA,815.35,20.63,29.61,0.45,2.0,2014-09-18
29002,CACHOEIRA,815.32,20.44,29.34,1.03,2.25,2014-09-19
29002,CACHOEIRA,815.28,20.19,28.99,1.01,3.0,2014-09-20
29002,CACHOEIRA,815.25,20.0,28.72,1.32,2.58,2014-09-21
29002,CACHOEIRA,815.22,19.81,28.45,0.86,2.0,2014-09-22
29002,CACHOEIRA,815.19,19.63,28.18,0.88,2.0,2014-09-23
29002,CACHOEIRA,815.16,19.44,27.91,0.8,2.0,2014-09-24
29002,CACHOEIRA,815.13,19.26,27.65,0.44,2.0,2014-09-25
29002,CACHOEIRA,815.09,19.01,27.29,0.52,2.0,2014-09-26
29002,CACHOEIRA,815.11,19.13,27.47,4.22,1.75,2014-09-27
29002,CACHOEIRA,815.13,19.26,27.65,3.22,0.75,2014-09-28
29002,CACHOEIRA,815.14,19.32,27.74,2.2,0.5,2014-09-29
29002,CACHOEIRA,815.15,19.38,27.83,2.26,0.5,2014-09-30
29002,CACHOEIRA,815.15,19.38,27.83,1.78,0.74,2014-10-01
29002,CACHOEIRA,815.15,19.38,27.83,1.78,0.74,2014-10-01
29002,CACHOEIRA,815.12,19.2,27.56,0.81,1.0,2014-10-02
29002,CACHOEIRA,815.07,18.89,27.12,0.67,1.0,2014-10-03
29002,CACHOEIRA,815.05,18.76,26.94,0.48,1.0,2014-10-04
29002,CACHOEIRA,815.04,18.7,26.85,0.31,1.42,2014-10-05
29002,CACHOEIRA,815.01,18.52,26.59,0.26,2.0,2014-10-06
29002,CACHOEIRA,814.97,18.27,26.23,0.26,2.0,2014-10-07
29002,CACHOEIRA,814.95,18.15,26.06,0.38,2.0,2014-10-08
29002,CACHOEIRA,814.92,17.97,25.79,0.36,2.0,2014-10-09
29002,CACHOEIRA,814.9,17.84,25.62,0.48,2.0,2014-10-10
29002,CACHOEIRA,814.86,17.6,25.27,1.28,2.0,2014-10-11
29002,CACHOEIRA,814.84,17.48,25.09,1.19,2.0,2014-10-12
29002,CACHOEIRA,814.84,17.48,25.09,1.2,2.0,2014-10-13
29002,CACHOEIRA,814.82,17.36,24.92,1.04,2.0,2014-10-14
29002,CACHOEIRA,814.79,17.17,24.66,1.04,2.5,2014-10-15
29002,CACHOEIRA,814.68,16.51,23.7,1.1,2.5,2014-10-16
29002,CACHOEIRA,814.58,15.91,22.84,0.89,2.5,2014-10-17
29002,CACHOEIRA,814.54,15.67,22.5,0.69,2.5,2014-10-18
29002,CACHOEIRA,814.27,14.06,20.19,0.28,2.5,2014-10-19
29002,CACHOEIRA,814.14,13.3,19.09,1.35,2.5,2014-10-20
29002,CACHOEIRA,814.2,13.65,19.6,1.04,2.5,2014-10-21
29002,CACHOEIRA,814.28,14.12,20.28,0.5,2.5,2014-10-22
29002,CACHOEIRA,814.07,12.89,18.51,0.31,2.5,2014-10-23
29002,CACHOEIRA,813.71,10.81,15.52,0.12,2.5,2014-10-24
29002,CACHOEIRA,813.45,9.33,13.4,0.57,2.5,2014-10-25
29002,CACHOEIRA,813.25,8.21,11.79,0.35,2.5,2014-10-26
29002,CACHOEIRA,813.06,7.15,10.27,0.72,2.5,2014-10-27
29002,CACHOEIRA,812.98,6.71,9.64,0.46,2.5,2014-10-28
29002,CACHOEIRA,812.95,6.55,9.4,0.52,2.5,2014-10-29
29002,CACHOEIRA,812.94,6.49,9.32,0.31,2.5,2014-10-30
29002,CACHOEIRA,812.9,6.27,9.01,0.29,2.5,2014-10-31
29002,CACHOEIRA,812.85,6.0,8.61,0.18,2.5,2014-11-01
29002,CACHOEIRA,812.85,6.0,8.61,0.18,2.5,2014-11-01
29002,CACHOEIRA,812.87,6.11,8.77,1.37,2.5,2014-11-02
29002,CACHOEIRA,812.86,6.05,8.69,1.31,2.5,2014-11-03
29002,CACHOEIRA,812.78,5.62,8.07,1.45,2.5,2014-11-04
29002,CACHOEIRA,812.74,5.4,7.75,1.11,2.5,2014-11-05
29002,CACHOEIRA,812.68,5.07,7.28,0.52,2.5,2014-11-06
29002,CACHOEIRA,812.6,4.64,6.66,0.82,2.08,2014-11-07
29002,CACHOEIRA,812.58,4.53,6.51,1.34,1.5,2014-11-08
29002,CACHOEIRA,812.54,4.32,6.2,0.37,1.5,2014-11-09
29002,CACHOEIRA,812.5,4.1,5.89,0.96,1.5,2014-11-10
29002,CACHOEIRA,812.48,4.0,5.74,0.69,1.5,2014-11-11
29002,CACHOEIRA,812.51,4.16,5.97,0.25,1.5,2014-11-12
29002,CACHOEIRA,812.59,4.59,6.59,0.53,1.5,2014-11-13
29002,CACHOEIRA,812.74,5.4,7.75,1.38,1.5,2014-11-14
29002,CACHOEIRA,812.9,6.27,9.01,1.78,1.5,2014-11-15
29002,CACHOEIRA,812.99,6.77,9.72,0.37,1.5,2014-11-16
29002,CACHOEIRA,812.92,6.38,9.16,0.32,1.5,2014-11-17
29002,CACHOEIRA,812.82,5.84,8.38,0.33,1.5,2014-11-18
29002,CACHOEIRA,812.71,5.24,7.52,0.36,1.5,2014-11-19
29002,CACHOEIRA,812.68,5.07,7.28,0.3,1.5,2014-11-20
29002,CACHOEIRA,812.65,4.91,7.05,0.38,1.5,2014-11-21
29002,CACHOEIRA,812.6,4.64,6.66,0.26,1.5,2014-11-22
29002,CACHOEIRA,812.53,4.26,6.12,0.69,1.5,2014-11-23
29002,CACHOEIRA,812.45,3.83,5.51,0.92,1.5,2014-11-24
29002,CACHOEIRA,812.37,3.41,4.89,0.95,1.5,2014-11-25
29002,CACHOEIRA,812.35,3.3,4.74,1.58,1.5,2014-11-26
29002,CACHOEIRA,812.41,3.62,5.2,1.01,1.21,2014-11-27
29002,CACHOEIRA,812.52,4.21,6.05,1.01,1.0,2014-11-28
29002,CACHOEIRA,812.53,4.26,6.12,0.56,1.0,2014-11-29
29002,CACHOEIRA,812.55,4.37,6.28,0.54,1.0,2014-11-30
29002,CACHOEIRA,812.6,4.64,6.66,1.16,1.0,2014-12-01
29002,CACHOEIRA,812.6,4.64,6.66,1.16,1.0,2014-12-01
29002,CACHOEIRA,812.59,4.59,6.59,1.18,1.0,2014-12-02
29002,CACHOEIRA,812.49,4.05,5.81,1.16,1.0,2014-12-03
29002,CACHOEIRA,812.35,3.3,4.74,1.06,1.0,2014-12-04
29002,CACHOEIRA,812.3,3.03,4.36,2.71,1.0,2014-12-05
29002,CACHOEIRA,812.34,3.25,4.66,2.76,0.8,2014-12-06
29002,CACHOEIRA,812.34,3.25,4.66,1.16,1.66,2014-12-07
29002,CACHOEIRA,812.34,3.25,4.66,1.05,2.0,2014-12-08
29002,CACHOEIRA,812.33,3.19,4.59,0.38,2.0,2014-12-09
29002,CACHOEIRA,812.26,2.82,4.05,0.88,2.0,2014-12-10
29002,CACHOEIRA,812.27,2.88,4.13,5.13,2.0,2014-12-11
29002,CACHOEIRA,812.31,3.09,4.43,1.86,1.5,2014-12-12
29002,CACHOEIRA,812.39,3.51,5.05,1.62,1.0,2014-12-13
29002,CACHOEIRA,812.46,3.89,5.58,1.87,0.94,2014-12-14
29002,CACHOEIRA,812.44,3.78,5.43,0.58,0.75,2014-12-15
29002,CACHOEIRA,812.46,3.89,5.58,0.93,0.75,2014-12-16
29002,CACHOEIRA,812.52,4.21,6.05,1.32,0.75,2014-12-17
29002,CACHOEIRA,812.56,4.43,6.35,1.14,0.75,2014-12-18
29002,CACHOEIRA,812.59,4.59,6.59,1.29,0.75,2014-12-19
29002,CACHOEIRA,812.54,4.32,6.2,3.62,0.75,2014-12-20
29002,CACHOEIRA,812.44,3.78,5.43,1.5,0.75,2014-12-21
29002,CACHOEIRA,812.34,3.25,4.66,2.35,0.75,2014-12-22
29002,CACHOEIRA,812.07,1.82,2.61,1.56,0.68,2014-12-23
29002,CACHOEIRA,812.29,2.98,4.28,9.45,0.36,2014-12-24
29002,CACHOEIRA,812.52,4.21,6.05,2.55,0.25,2014-12-25
29002,CACHOEIRA,812.71,5.24,7.52,3.24,0.25,2014-12-26
29002,CACHOEIRA,812.91,6.33,9.09,2.53,0.25,2014-12-27
29002,CACHOEIRA,813.04,7.04,10.11,1.76,0.25,2014-12-28
29002,CACHOEIRA,813.04,7.04,10.11,1.21,0.7,2014-12-29
29002,CACHOEIRA,812.92,6.38,9.16,2.06,1.0,2014-12-30
29002,CACHOEIRA,812.75,5.45,7.83,5.8,0.64,2014-12-31
29002,CACHOEIRA,812.54,4.32,6.2,1.94,0.5,2015-01-01
29002,CACHOEIRA,812.54,4.32,6.2,1.94,0.5,2015-01-01
29002,CACHOEIRA,812.32,3.14,4.51,3.91,0.5,2015-01-02
29002,CACHOEIRA,812.26,2.82,4.05,4.6,1.0,2015-01-03
29002,CACHOEIRA,812.43,3.73,5.35,6.71,1.5,2015-01-04
29002,CACHOEIRA,812.62,4.75,6.82,4.92,1.5,2015-01-05
29002,CACHOEIRA,812.64,4.86,6.97,1.14,1.5,2015-01-06
29002,CACHOEIRA,812.62,4.75,6.82,1.3,1.5,2015-01-07
29002,CACHOEIRA,812.59,4.59,6.59,0.75,1.21,2015-01-08
29002,CACHOEIRA,812.54,4.32,6.2,1.6,0.5,2015-01-09
29002,CACHOEIRA,812.56,4.43,6.35,1.41,0.5,2015-01-10
29002,CACHOEIRA,812.55,4.37,6.28,1.91,0.5,2015-01-11
29002,CACHOEIRA,812.54,4.32,6.2,1.73,0.5,2015-01-12
29002,CACHOEIRA,812.56,4.43,6.35,1.87,0.5,2015-01-13
29002,CACHOEIRA,812.54,4.32,6.2,2.91,0.5,2015-01-14
29002,CACHOEIRA,812.5,4.1,5.89,0.92,0.5,2015-01-15
29002,CACHOEIRA,812.5,4.1,5.89,0.92,0.5,2015-01-16
29002,CACHOEIRA,812.44,3.78,5.43,0.26,0.5,2015-01-17
29002,CACHOEIRA,812.35,3.3,4.74,0.31,1.21,2015-01-18
29002,CACHOEIRA,812.25,2.77,3.98,0.13,1.5,2015-01-19
29002,CACHOEIRA,812.28,2.93,4.2,0.29,1.5,2015-01-20
29002,CACHOEIRA,812.34,3.25,4.66,0.29,1.5,2015-01-21
29002,CACHOEIRA,812.44,3.78,5.43,0.36,1.5,2015-01-22
29002,CACHOEIRA,812.51,4.16,5.97,0.29,1.5,2015-01-23
29002,CACHOEIRA,812.59,4.59,6.59,1.15,1.5,2015-01-24
29002,CACHOEIRA,812.64,4.86,6.97,0.64,1.14,2015-01-25
29002,CACHOEIRA,812.71,5.24,7.52,2.05,0.5,2015-01-26
29002,CACHOEIRA,812.86,6.05,8.69,3.36,0.5,2015-01-27
29002,CACHOEIRA,813.01,6.88,9.88,2.84,0.32,2015-01-28
29002,CACHOEIRA,813.12,7.49,10.75,0.64,0.25,2015-01-29
29002,CACHOEIRA,813.22,8.04,11.55,0.49,0.25,2015-01-30
29002,CACHOEIRA,813.31,8.55,12.27,0.27,0.25,2015-01-31
29002,CACHOEIRA,813.36,8.83,12.67,0.17,0.25,2015-02-01
29002,CACHOEIRA,813.36,8.83,12.67,0.17,0.25,2015-02-01
29002,CACHOEIRA,813.34,8.71,12.51,2.78,0.54,2015-02-02
29002,CACHOEIRA,813.3,8.49,12.19,7.44,0.57,2015-02-03
29002,CACHOEIRA,813.13,7.54,10.83,5.85,0.25,2015-02-04
29002,CACHOEIRA,812.89,6.22,8.93,2.25,0.25,2015-02-05
29002,CACHOEIRA,812.68,5.07,7.28,5.45,0.25,2015-02-06
29002,CACHOEIRA,812.56,4.43,6.35,4.05,0.23,2015-02-07
29002,CACHOEIRA,812.39,3.51,5.05,3.3,0.2,2015-02-08
29002,CACHOEIRA,812.19,2.45,3.52,1.46,0.2,2015-02-09
29002,CACHOEIRA,812.18,2.4,3.44,2.98,0.4,2015-02-10
29002,CACHOEIRA,812.35,3.3,4.74,6.89,0.27,2015-02-11
29002,CACHOEIRA,812.49,4.05,5.81,5.88,0.2,2015-02-12
29002,CACHOEIRA,812.54,4.32,6.2,3.28,0.2,2015-02-13
29002,CACHOEIRA,812.63,4.8,6.9,6.12,0.2,2015-02-14
29002,CACHOEIRA,812.74,5.4,7.75,10.35,0.2,2015-02-15
29002,CACHOEIRA,813.02,6.93,9.95,12.31,0.2,2015-02-16
29002,CACHOEIRA,813.22,8.04,11.55,10.16,0.2,2015-02-17
29002,CACHOEIRA,813.46,9.39,13.48,13.01,0.2,2015-02-18
29002,CACHOEIRA,813.66,10.52,15.11,9.33,0.2,2015-02-19
29002,CACHOEIRA,813.79,11.27,16.18,4.79,0.2,2015-02-20
29002,CACHOEIRA,813.88,11.79,16.92,3.22,0.2,2015-02-21
29002,CACHOEIRA,813.96,12.25,17.59,4.16,0.2,2015-02-22
29002,CACHOEIRA,814.06,12.83,18.42,3.43,0.2,2015-02-23
29002,CACHOEIRA,814.17,13.48,19.35,2.75,0.2,2015-02-24
29002,CACHOEIRA,814.3,14.24,20.45,4.3,0.2,2015-02-25
29002,CACHOEIRA,814.45,15.13,21.72,6.18,0.2,2015-02-26
29002,CACHOEIRA,814.56,15.79,22.67,2.92,0.2,2015-02-27
29002,CACHOEIRA,814.68,16.51,23.7,8.62,0.2,2015-02-28
29002,CACHOEIRA,814.81,17.3,24.83,5.33,0.2,2015-03-01
29002,CACHOEIRA,814.81,17.3,24.83,5.33,0.2,2015-03-01
29002,CACHOEIRA,814.9,17.84,25.62,2.72,0.2,2015-03-02
29002,CACHOEIRA,814.96,18.21,26.15,2.75,0.2,2015-03-03
29002,CACHOEIRA,815.04,18.7,26.85,1.5,0.2,2015-03-04
29002,CACHOEIRA,815.1,19.07,27.38,1.95,0.2,2015-03-05
29002,CACHOEIRA,815.12,19.2,27.56,2.52,0.2,2015-03-06
29002,CACHOEIRA,815.33,20.5,29.43,13.55,0.2,2015-03-07
29002,CACHOEIRA,815.5,21.57,30.97,9.26,0.2,2015-03-08
29002,CACHOEIRA,815.71,22.9,32.88,16.13,0.2,2015-03-09
29002,CACHOEIRA,815.67,22.65,32.52,9.01,0.2,2015-03-10
29002,CACHOEIRA,815.58,22.07,31.69,13.04,0.2,2015-03-11
29002,CACHOEIRA,815.45,21.25,30.52,7.04,0.2,2015-03-12
29002,CACHOEIRA,815.3,20.31,29.16,3.01,0.2,2015-03-13
29002,CACHOEIRA,815.15,19.38,27.83,3.71,0.2,2015-03-14
29002,CACHOEIRA,814.98,18.33,26.32,4.18,0.2,2015-03-15
29002,CACHOEIRA,814.84,17.48,25.09,5.85,0.2,2015-03-16
29002,CACHOEIRA,814.7,16.63,23.88,5.39,0.2,2015-03-17
29002,CACHOEIRA,814.54,15.67,22.5,4.84,0.2,2015-03-18
29002,CACHOEIRA,814.38,14.71,21.13,3.89,0.2,2015-03-19
29002,CACHOEIRA,814.24,13.89,19.94,4.41,0.2,2015-03-20
29002,CACHOEIRA,814.1,13.07,18.76,3.64,0.2,2015-03-21
29002,CACHOEIRA,814.02,12.6,18.09,7.73,0.2,2015-03-22
29002,CACHOEIRA,814.05,12.77,18.34,15.38,0.2,2015-03-23
29002,CACHOEIRA,814.09,13.01,18.68,18.36,0.2,2015-03-24
29002,CACHOEIRA,813.96,12.25,17.59,9.3,0.2,2015-03-25
29002,CACHOEIRA,813.8,11.33,16.26,3.9,0.2,2015-03-26
29002,CACHOEIRA,813.62,10.3,14.78,3.16,0.2,2015-03-27
29002,CACHOEIRA,813.47,9.45,13.56,2.44,0.2,2015-03-28
29002,CACHOEIRA,813.47,9.45,13.56,3.96,0.2,2015-03-29
29002,CACHOEIRA,813.54,9.84,14.13,5.77,0.2,2015-03-30
29002,CACHOEIRA,813.59,10.13,14.54,4.44,0.2,2015-03-31
29002,CACHOEIRA,813.63,10.35,14.87,3.68,0.2,2015-04-01
29002,CACHOEIRA,813.63,10.35,14.87,3.68,0.2,2015-04-01
29002,CACHOEIRA,813.66,10.52,15.11,4.12,0.2,2015-04-02
29002,CACHOEIRA,813.67,10.58,15.19,2.9,0.2,2015-04-03
29002,CACHOEIRA,813.69,10.7,15.36,2.82,0.2,2015-04-04
29002,CACHOEIRA,813.69,10.7,15.36,2.83,0.2,2015-04-05
29002,CACHOEIRA,813.71,10.81,15.52,3.08,0.2,2015-04-06
29002,CACHOEIRA,813.79,11.27,16.18,6.26,0.2,2015-04-07
29002,CACHOEIRA,813.81,11.38,16.34,3.98,0.2,2015-04-08
29002,CACHOEIRA,813.82,11.44,16.43,1.51,0.2,2015-04-09
29002,CACHOEIRA,813.83,11.5,16.51,3.75,0.2,2015-04-10
29002,CACHOEIRA,813.85,11.61,16.68,4.02,0.2,2015-04-11
29002,CACHOEIRA,813.88,11.79,16.92,3.82,0.2,2015-04-12
29002,CACHOEIRA,813.9,11.9,17.09,2.04,0.2,2015-04-13
29002,CACHOEIRA,813.9,11.9,17.09,2.66,0.2,2015-04-14
29002,CACHOEIRA,813.91,11.96,17.17,2.61,0.2,2015-04-15
29002,CACHOEIRA,813.91,11.96,17.17,2.46,0.36,2015-04-16
29002,CACHOEIRA,813.91,11.96,17.17,3.45,0.8,2015-04-17
29002,CACHOEIRA,813.93,12.08,17.34,5.24,0.8,2015-04-18
29002,CACHOEIRA,813.9,11.9,17.09,1.61,0.8,2015-04-19
29002,CACHOEIRA,813.95,12.19,17.51,7.8,0.8,2015-04-20
29002,CACHOEIRA,813.98,12.37,17.76,2.99,0.8,2015-04-21
29002,CACHOEIRA,814.02,12.6,18.09,5.68,0.8,2015-04-22
29002,CACHOEIRA,814.03,12.66,18.17,2.38,0.8,2015-04-23
29002,CACHOEIRA,814.07,12.89,18.51,2.85,0.63,2015-04-24
29002,CACHOEIRA,814.11,13.12,18.84,2.31,0.5,2015-04-25
29002,CACHOEIRA,814.14,13.3,19.09,2.29,0.5,2015-04-26
29002,CACHOEIRA,814.18,13.53,19.43,2.04,0.5,2015-04-27
29002,CACHOEIRA,814.2,13.65,19.6,1.81,0.5,2015-04-28
29002,CACHOEIRA,814.23,13.83,19.85,1.6,0.6,2015-04-29
29002,CACHOEIRA,814.19,13.59,19.52,1.16,1.0,2015-04-30
29002,CACHOEIRA,814.14,13.3,19.09,0.93,1.0,2015-05-01
29002,CACHOEIRA,814.14,13.3,19.09,0.93,1.0,2015-05-01
29002,CACHOEIRA,814.13,13.24,19.01,0.86,1.35,2015-05-02
29002,CACHOEIRA,814.12,13.18,18.93,1.96,1.5,2015-05-03
29002,CACHOEIRA,814.1,13.07,18.76,1.89,1.5,2015-05-04
29002,CACHOEIRA,814.08,12.95,18.59,2.5,1.5,2015-05-05
29002,CACHOEIRA,814.07,12.89,18.51,2.78,1.5,2015-05-06
29002,CACHOEIRA,814.06,12.83,18.42,2.29,1.5,2015-05-07
29002,CACHOEIRA,813.95,12.19,17.51,1.76,1.5,2015-05-08
29002,CACHOEIRA,813.88,11.79,16.92,0.86,1.5,2015-05-09
29002,CACHOEIRA,813.82,11.44,16.43,1.83,1.5,2015-05-10
29002,CACHOEIRA,813.79,11.27,16.18,4.55,1.5,2015-05-11
29002,CACHOEIRA,813.75,11.04,15.85,3.21,0.84,2015-05-12
29002,CACHOEIRA,813.71,10.81,15.52,2.54,0.65,2015-05-13
29002,CACHOEIRA,813.66,10.52,15.11,2.49,0.4,2015-05-14
29002,CACHOEIRA,813.62,10.3,14.78,2.46,0.3,2015-05-15
29002,CACHOEIRA,813.6,10.18,14.62,2.34,1.08,2015-05-16
29002,CACHOEIRA,813.58,10.07,14.46,2.1,1.2,2015-05-17
29002,CACHOEIRA,813.54,9.84,14.13,2.07,1.2,2015-05-18
29002,CACHOEIRA,813.52,9.73,13.97,2.33,1.2,2015-05-19
29002,CACHOEIRA,813.5,9.62,13.81,2.5,0.75,2015-05-20
29002,CACHOEIRA,813.51,9.67,13.89,2.42,0.9,2015-05-21
29002,CACHOEIRA,813.51,9.67,13.89,2.02,0.9,2015-05-22
29002,CACHOEIRA,813.5,9.62,13.81,1.82,1.07,2015-05-23
29002,CACHOEIRA,813.49,9.56,13.72,1.68,1.43,2015-05-24
29002,CACHOEIRA,813.48,9.5,13.64,1.63,1.5,2015-05-25
29002,CACHOEIRA,813.47,9.45,13.56,1.67,1.5,2015-05-26
29002,CACHOEIRA,813.46,9.39,13.48,1.75,1.5,2015-05-27
29002,CACHOEIRA,813.44,9.28,13.32,1.29,1.5,2015-05-28
29002,CACHOEIRA,813.42,9.16,13.16,1.86,1.5,2015-05-29
29002,CACHOEIRA,813.42,9.16,13.16,3.06,1.11,2015-05-30
29002,CACHOEIRA,813.45,9.33,13.4,3.52,1.0,2015-05-31
29002,CACHOEIRA,813.51,9.67,13.89,5.21,0.49,2015-06-01
29002,CACHOEIRA,813.51,9.67,13.89,5.21,0.49,2015-06-01
29002,CACHOEIRA,813.55,9.9,14.21,3.46,0.3,2015-06-02
29002,CACHOEIRA,813.57,10.01,14.37,2.59,0.3,2015-06-03
29002,CACHOEIRA,813.57,10.01,14.37,2.46,0.3,2015-06-04
29002,CACHOEIRA,813.58,10.07,14.46,2.15,0.3,2015-06-05
29002,CACHOEIRA,813.57,10.01,14.37,2.33,0.3,2015-06-06
29002,CACHOEIRA,813.58,10.07,14.46,2.17,0.3,2015-06-07
29002,CACHOEIRA,813.57,10.01,14.37,2.03,0.69,2015-06-08
29002,CACHOEIRA,813.58,10.07,14.46,1.56,1.0,2015-06-09
29002,CACHOEIRA,813.54,9.84,14.13,0.79,1.25,2015-06-10
29002,CACHOEIRA,813.53,9.79,14.05,1.63,1.5,2015-06-11
29002,CACHOEIRA,813.5,9.62,13.81,1.61,1.5,2015-06-12
29002,CACHOEIRA,813.5,9.62,13.81,1.67,1.81,2015-06-13
29002,CACHOEIRA,813.51,9.67,13.89,1.49,2.0,2015-06-14
29002,CACHOEIRA,813.55,9.9,14.21,1.35,2.0,2015-06-15
29002,CACHOEIRA,813.59,10.13,14.54,2.67,1.73,2015-06-16
29002,CACHOEIRA,813.64,10.41,14.95,2.39,1.4,2015-06-17
29002,CACHOEIRA,813.68,10.64,15.27,2.22,1.3,2015-06-18
29002,CACHOEIRA,813.71,10.81,15.52,2.88,1.08,2015-06-19
29002,CACHOEIRA,813.75,11.04,15.85,3.56,0.61,2015-06-20
29002,CACHOEIRA,813.81,11.38,16.34,3.29,0.5,2015-06-21
29002,CACHOEIRA,813.86,11.67,16.76,2.62,0.5,2015-06-22
29002,CACHOEIRA,813.9,11.9,17.09,2.21,0.5,2015-06-23
29002,CACHOEIRA,813.94,12.13,17.42,2.86,0.5,2015-06-24
29002,CACHOEIRA,814.0,12.48,17.92,4.44,0.5,2015-06-25
29002,CACHOEIRA,814.06,12.83,18.42,4.58,0.99,2015-06-26
29002,CACHOEIRA,814.11,13.12,18.84,3.17,1.41,2015-06-27
29002,CACHOEIRA,814.15,13.36,19.18,3.08,1.8,2015-06-28
29002,CACHOEIRA,814.17,13.48,19.35,3.32,1.8,2015-06-29
29002,CACHOEIRA,814.19,13.59,19.52,3.49,2.06,2015-06-30
29002,CACHOEIRA,814.19,13.59,19.52,1.79,2.3,2015-07-01
29002,CACHOEIRA,814.19,13.59,19.52,1.79,2.3,2015-07-01
29002,CACHOEIRA,814.19,13.59,19.52,2.14,2.3,2015-07-02
29002,CACHOEIRA,814.19,13.59,19.52,1.09,2.3,2015-07-03
29002,CACHOEIRA,814.2,13.65,19.6,2.86,2.3,2015-07-04
29002,CACHOEIRA,814.2,13.65,19.6,2.62,2.3,2015-07-05
29002,CACHOEIRA,814.19,13.59,19.52,1.66,1.8,2015-07-06
29002,CACHOEIRA,814.16,13.42,19.26,1.53,1.21,2015-07-07
29002,CACHOEIRA,814.15,13.36,19.18,1.84,0.83,2015-07-08
29002,CACHOEIRA,814.19,13.59,19.52,1.67,0.5,2015-07-09
29002,CACHOEIRA,814.21,13.71,19.68,1.55,0.5,2015-07-10
29002,CACHOEIRA,814.22,13.77,19.77,1.43,0.5,2015-07-11
29002,CACHOEIRA,814.23,13.83,19.85,1.44,0.5,2015-07-12
29002,CACHOEIRA,814.27,14.06,20.19,1.37,0.66,2015-07-13
29002,CACHOEIRA,814.28,14.12,20.28,1.55,1.23,2015-07-14
29002,CACHOEIRA,814.28,14.12,20.28,1.47,1.3,2015-07-15
29002,CACHOEIRA,814.28,14.12,20.28,1.38,1.8,2015-07-16
29002,CACHOEIRA,814.28,14.12,20.28,1.32,2.0,2015-07-17
29002,CACHOEIRA,814.27,14.06,20.19,1.2,2.42,2015-07-18
29002,CACHOEIRA,814.25,13.95,20.02,1.2,2.5,2015-07-19
29002,CACHOEIRA,814.23,13.83,19.85,1.31,2.5,2015-07-20
29002,CACHOEIRA,814.24,13.89,19.94,1.11,2.5,2015-07-21
29002,CACHOEIRA,814.24,13.89,19.94,1.34,2.5,2015-07-22
29002,CACHOEIRA,814.22,13.77,19.77,1.23,2.5,2015-07-23
29002,CACHOEIRA,814.19,13.59,19.52,1.15,2.5,2015-07-24
29002,CACHOEIRA,814.16,13.42,19.26,1.73,2.5,2015-07-25
29002,CACHOEIRA,814.18,13.53,19.43,2.7,1.25,2015-07-26
29002,CACHOEIRA,814.13,13.24,19.01,2.56,1.0,2015-07-27
29002,CACHOEIRA,814.13,13.24,19.01,3.44,0.65,2015-07-28
29002,CACHOEIRA,814.22,13.77,19.77,2.59,0.5,2015-07-29
29002,CACHOEIRA,814.33,14.42,20.7,1.45,0.5,2015-07-30
29002,CACHOEIRA,814.36,14.6,20.96,0.72,0.5,2015-07-31
29002,CACHOEIRA,814.34,14.48,20.79,0.39,1.15,2015-08-01
29002,CACHOEIRA,814.34,14.48,20.79,0.39,1.15,2015-08-01
29002,CACHOEIRA,814.32,14.36,20.62,0.68,2.25,2015-08-02
29002,CACHOEIRA,814.28,14.12,20.28,0.84,2.5,2015-08-03
29002,CACHOEIRA,814.18,13.53,19.43,0.22,2.5,2015-08-04
29002,CACHOEIRA,814.14,13.3,19.09,0.38,2.5,2015-08-05
29002,CACHOEIRA,814.13,13.24,19.01,0.56,2.5,2015-08-06
29002,CACHOEIRA,814.15,13.36,19.18,0.49,2.5,2015-08-07
29002,CACHOEIRA,814.14,13.3,19.09,0.29,2.85,2015-08-08
29002,CACHOEIRA,814.12,13.18,18.93,0.55,3.0,2015-08-09
29002,CACHOEIRA,814.1,13.07,18.76,0.34,2.79,2015-08-10
29002,CACHOEIRA,814.1,13.07,18.76,0.69,2.0,2015-08-11
29002,CACHOEIRA,814.11,13.12,18.84,0.55,2.0,2015-08-12
29002,CACHOEIRA,814.11,13.12,18.84,0.48,1.65,2015-08-13
29002,CACHOEIRA,814.14,13.3,19.09,0.45,1.5,2015-08-14
29002,CACHOEIRA,814.15,13.36,19.18,0.43,1.5,2015-08-15
29002,CACHOEIRA,814.17,13.48,19.35,0.45,1.5,2015-08-16
29002,CACHOEIRA,814.2,13.65,19.6,0.42,1.5,2015-08-17
29002,CACHOEIRA,814.21,13.71,19.68,0.43,1.64,2015-08-18
29002,CACHOEIRA,814.24,13.89,19.94,0.35,1.8,2015-08-19
29002,CACHOEIRA,814.23,13.83,19.85,0.11,1.8,2015-08-20
29002,CACHOEIRA,814.23,13.83,19.85,0.2,1.8,2015-08-21
29002,CACHOEIRA,814.22,13.77,19.77,0.15,1.8,2015-08-22
29002,CACHOEIRA,814.22,13.77,19.77,0.54,1.8,2015-08-23
29002,CACHOEIRA,814.22,13.77,19.77,0.45,1.8,2015-08-24
29002,CACHOEIRA,814.19,13.59,19.52,0.67,1.8,2015-08-25
29002,CACHOEIRA,814.13,13.24,19.01,0.82,1.58,2015-08-26
29002,CACHOEIRA,814.11,13.12,18.84,0.85,1.5,2015-08-27
29002,CACHOEIRA,814.11,13.12,18.84,1.21,0.84,2015-08-28
29002,CACHOEIRA,814.09,13.01,18.68,1.05,0.5,2015-08-29
29002,CACHOEIRA,814.08,12.95,18.59,0.69,0.5,2015-08-30
29002,CACHOEIRA,814.04,12.72,18.26,0.68,0.5,2015-08-31
29002,CACHOEIRA,813.96,12.25,17.59,0.57,1.34,2015-09-01
29002,CACHOEIRA,813.96,12.25,17.59,0.57,1.34,2015-09-01
29002,CACHOEIRA,813.92,12.02,17.26,0.22,2.0,2015-09-02
29002,CACHOEIRA,813.94,12.13,17.42,0.69,2.0,2015-09-03
29002,CACHOEIRA,813.98,12.37,17.76,0.8,2.38,2015-09-04
29002,CACHOEIRA,813.98,12.37,17.76,1.02,2.5,2015-09-05
29002,CACHOEIRA,813.97,12.31,17.67,1.13,2.5,2015-09-06
29002,CACHOEIRA,813.96,12.25,17.59,0.83,2.5,2015-09-07
29002,CACHOEIRA,813.98,12.37,17.76,2.77,2.5,2015-09-08
29002,CACHOEIRA,814.08,12.95,18.59,10.44,0.97,2015-09-09
29002,CACHOEIRA,814.32,14.36,20.62,6.73,0.5,2015-09-10
29002,CACHOEIRA,814.48,15.31,21.98,4.61,0.5,2015-09-11
29002,CACHOEIRA,814.75,16.93,24.31,10.75,0.3,2015-09-12
29002,CACHOEIRA,815.01,18.52,26.59,6.31,0.25,2015-09-13
29002,CACHOEIRA,815.05,18.76,26.94,4.29,0.25,2015-09-14
29002,CACHOEIRA,815.02,18.58,26.67,3.5,0.25,2015-09-15
29002,CACHOEIRA,815.07,18.89,27.12,3.23,0.25,2015-09-16
29002,CACHOEIRA,815.08,18.95,27.21,2.15,0.25,2015-09-17
29002,CACHOEIRA,815.1,19.07,27.38,1.38,0.45,2015-09-18
29002,CACHOEIRA,815.07,18.89,27.12,1.37,0.5,2015-09-19
29002,CACHOEIRA,815.08,18.95,27.21,1.44,0.5,2015-09-20
29002,CACHOEIRA,815.07,18.89,27.12,1.48,0.5,2015-09-21
29002,CACHOEIRA,815.04,18.7,26.85,1.29,0.5,2015-09-22
29002,CACHOEIRA,815.02,18.58,26.67,1.2,1.5,2015-09-23
29002,CACHOEIRA,814.99,18.39,26.41,1.08,1.5,2015-09-24
29002,CACHOEIRA,814.98,18.33,26.32,0.99,2.23,2015-09-25
29002,CACHOEIRA,815.05,18.76,26.94,6.74,2.5,2015-09-26
29002,CACHOEIRA,815.11,19.13,27.47,4.52,1.25,2015-09-27
29002,CACHOEIRA,815.13,19.26,27.65,3.19,1.0,2015-09-28
29002,CACHOEIRA,815.18,19.57,28.09,3.22,1.0,2015-09-29
29002,CACHOEIRA,815.25,20.0,28.72,3.58,1.0,2015-09-30
29002,CACHOEIRA,815.3,20.31,29.16,6.07,0.58,2015-10-01
29002,CACHOEIRA,815.3,20.31,29.16,6.07,0.58,2015-10-01
29002,CACHOEIRA,815.38,20.81,29.88,6.42,0.5,2015-10-02
29002,CACHOEIRA,815.4,20.94,30.06,4.57,0.5,2015-10-03
29002,CACHOEIRA,815.43,21.13,30.33,5.2,0.5,2015-10-04
29002,CACHOEIRA,815.41,21.0,30.15,1.35,0.5,2015-10-05
29002,CACHOEIRA,815.41,21.0,30.15,2.0,0.5,2015-10-06
29002,CACHOEIRA,815.41,21.0,30.15,1.4,0.5,2015-10-07
29002,CACHOEIRA,815.39,20.88,29.97,1.25,0.5,2015-10-08
29002,CACHOEIRA,815.38,20.81,29.88,0.66,0.5,2015-10-09
29002,CACHOEIRA,815.35,20.63,29.61,1.12,0.5,2015-10-10
29002,CACHOEIRA,815.33,20.5,29.43,1.55,0.5,2015-10-11
29002,CACHOEIRA,815.31,20.38,29.25,1.57,1.13,2015-10-12
29002,CACHOEIRA,815.3,20.31,29.16,1.33,1.5,2015-10-13
29002,CACHOEIRA,815.3,20.31,29.16,1.37,2.27,2015-10-14
29002,CACHOEIRA,815.29,20.25,29.08,0.68,2.5,2015-10-15
29002,CACHOEIRA,815.2,19.69,28.27,1.19,2.5,2015-10-16
29002,CACHOEIRA,815.12,19.2,27.56,0.76,2.5,2015-10-17
29002,CACHOEIRA,815.05,18.76,26.94,1.0,2.5,2015-10-18
29002,CACHOEIRA,814.98,18.33,26.32,1.1,2.5,2015-10-19
29002,CACHOEIRA,814.91,17.9,25.71,1.1,2.5,2015-10-20
29002,CACHOEIRA,814.87,17.66,25.36,0.98,2.5,2015-10-21
29002,CACHOEIRA,814.87,17.66,25.36,2.33,1.33,2015-10-22
29002,CACHOEIRA,814.9,17.84,25.62,6.75,0.63,2015-10-23
29002,CACHOEIRA,814.95,18.15,26.06,2.84,0.5,2015-10-24
29002,CACHOEIRA,814.97,18.27,26.23,1.73,0.5,2015-10-25
29002,CACHOEIRA,814.98,18.33,26.32,1.71,0.5,2015-10-26
29002,CACHOEIRA,815.09,19.01,27.29,10.01,0.5,2015-10-27
29002,CACHOEIRA,815.17,19.5,28.0,7.77,0.5,2015-10-28
29002,CACHOEIRA,815.21,19.75,28.36,4.15,0.5,2015-10-29
29002,CACHOEIRA,815.22,19.81,28.45,2.62,0.5,2015-10-30
29002,CACHOEIRA,815.22,19.81,28.45,2.5,0.5,2015-10-31
29002,CACHOEIRA,815.22,19.81,28.45,3.3,0.5,2015-11-01
29002,CACHOEIRA,815.22,19.81,28.45,3.3,0.5,2015-11-01
29002,CACHOEIRA,815.23,19.88,28.54,4.04,0.5,2015-11-02
29002,CACHOEIRA,815.26,20.06,28.81,8.11,0.5,2015-11-03
29002,CACHOEIRA,815.29,20.25,29.08,3.1,0.5,2015-11-04
29002,CACHOEIRA,815.32,20.44,29.34,3.88,0.5,2015-11-05
29002,CACHOEIRA,815.35,20.63,29.61,3.01,0.22,2015-11-06
29002,CACHOEIRA,815.37,20.75,29.79,3.8,0.15,2015-11-07
29002,CACHOEIRA,815.38,20.81,29.88,3.05,0.15,2015-11-08
29002,CACHOEIRA,815.38,20.81,29.88,3.25,0.15,2015-11-09
29002,CACHOEIRA,815.33,20.5,29.43,2.89,0.15,2015-11-10
29002,CACHOEIRA,815.28,20.19,28.99,2.29,0.15,2015-11-11
29002,CACHOEIRA,815.27,20.13,28.9,2.36,0.15,2015-11-12
29002,CACHOEIRA,815.22,19.81,28.45,2.29,0.15,2015-11-13
29002,CACHOEIRA,815.18,19.57,28.09,3.16,0.15,2015-11-14
29002,CACHOEIRA,815.16,19.44,27.91,3.39,0.15,2015-11-15
29002,CACHOEIRA,815.11,19.13,27.47,3.51,0.15,2015-11-16
29002,CACHOEIRA,815.05,18.76,26.94,1.6,0.15,2015-11-17
29002,CACHOEIRA,815.1,19.07,27.38,6.56,0.15,2015-11-18
29002,CACHOEIRA,815.11,19.13,27.47,5.04,0.15,2015-11-19
29002,CACHOEIRA,815.13,19.26,27.65,5.29,0.13,2015-11-20
29002,CACHOEIRA,815.23,19.88,28.54,9.04,0.15,2015-11-21
29002,CACHOEIRA,815.27,20.13,28.9,4.88,0.15,2015-11-22
29002,CACHOEIRA,815.3,20.31,29.16,7.04,0.15,2015-11-23
29002,CACHOEIRA,815.38,20.81,29.88,7.55,0.15,2015-11-24
29002,CACHOEIRA,815.42,21.06,30.24,5.06,0.15,2015-11-25
29002,CACHOEIRA,815.46,21.32,30.61,5.01,0.15,2015-11-26
29002,CACHOEIRA,815.5,21.57,30.97,3.81,0.15,2015-11-27
29002,CACHOEIRA,815.45,21.25,30.52,2.1,0.15,2015-11-28
29002,CACHOEIRA,815.41,21.0,30.15,3.86,0.15,2015-11-29
29002,CACHOEIRA,815.37,20.75,29.79,1.35,0.15,2015-11-30
29002,CACHOEIRA,815.33,20.5,29.43,2.92,0.15,2015-12-01
29002,CACHOEIRA,815.33,20.5,29.43,2.92,0.15,2015-12-01
29002,CACHOEIRA,815.3,20.31,29.16,1.58,0.15,2015-12-02
29002,CACHOEIRA,815.33,20.5,29.43,4.34,0.15,2015-12-03
29002,CACHOEIRA,815.35,20.63,29.61,4.85,0.15,2015-12-04
29002,CACHOEIRA,815.44,21.19,30.42,6.79,0.15,2015-12-05
29002,CACHOEIRA,815.53,21.76,31.24,7.82,0.15,2015-12-06
29002,CACHOEIRA,815.74,23.09,33.16,17.67,0.15,2015-12-07
29002,CACHOEIRA,815.97,24.58,35.29,17.52,0.15,2015-12-08
29002,CACHOEIRA,815.99,24.71,35.47,8.7,0.15,2015-12-09
29002,CACHOEIRA,816.0,24.77,35.56,4.19,0.15,2015-12-10
29002,CACHOEIRA,815.98,24.64,35.38,6.34,0.15,2015-12-11
29002,CACHOEIRA,815.98,24.64,35.38,3.54,0.15,2015-12-12
29002,CACHOEIRA,815.98,24.64,35.38,8.66,0.15,2015-12-13
29002,CACHOEIRA,816.06,25.16,36.12,8.41,0.15,2015-12-14
29002,CACHOEIRA,816.08,25.29,36.31,8.01,0.15,2015-12-15
29002,CACHOEIRA,816.08,25.29,36.31,5.76,0.15,2015-12-16
29002,CACHOEIRA,816.08,25.29,36.31,4.8,0.15,2015-12-17
29002,CACHOEIRA,816.07,25.23,36.22,8.49,0.15,2015-12-18
29002,CACHOEIRA,816.05,25.1,36.03,6.88,0.15,2015-12-19
29002,CACHOEIRA,815.99,24.71,35.47,7.48,0.15,2015-12-20
29002,CACHOEIRA,815.85,23.8,34.17,3.47,0.15,2015-12-21
29002,CACHOEIRA,815.82,23.61,33.89,8.21,0.15,2015-12-22
29002,CACHOEIRA,815.75,23.16,33.25,5.21,0.15,2015-12-23
29002,CACHOEIRA,815.68,22.71,32.61,5.96,0.15,2015-12-24
29002,CACHOEIRA,815.6,22.2,31.88,5.16,0.15,2015-12-25
29002,CACHOEIRA,815.56,21.95,31.51,6.84,0.15,2015-12-26
29002,CACHOEIRA,815.52,21.7,31.15,2.8,0.15,2015-12-27
29002,CACHOEIRA,815.48,21.44,30.79,4.18,0.15,2015-12-28
29002,CACHOEIRA,815.48,21.44,30.79,9.55,0.15,2015-12-29
29002,CACHOEIRA,815.44,21.19,30.42,6.25,0.15,2015-12-30
29002,CACHOEIRA,815.39,20.88,29.97,5.37,0.15,2015-12-31
29002,CACHOEIRA,815.34,20.56,29.52,4.15,0.15,2016-01-01
29002,CACHOEIRA,815.34,20.56,29.52,4.15,0.15,2016-01-01
29002,CACHOEIRA,815.3,20.31,29.16,6.36,0.15,2016-01-02
29002,CACHOEIRA,815.36,20.69,29.7,7.61,0.15,2016-01-03
29002,CACHOEIRA,815.47,21.38,30.7,8.12,0.15,2016-01-04
29002,CACHOEIRA,815.44,21.19,30.42,3.62,0.15,2016-01-05
29002,CACHOEIRA,815.39,20.88,29.97,3.71,0.15,2016-01-06
29002,CACHOEIRA,815.33,20.5,29.43,3.77,0.15,2016-01-07
29002,CACHOEIRA,815.26,20.06,28.81,3.02,0.15,2016-01-08
29002,CACHOEIRA,815.2,19.69,28.27,3.73,0.15,2016-01-09
29002,CACHOEIRA,815.13,19.26,27.65,2.99,0.15,2016-01-10
29002,CACHOEIRA,815.13,19.26,27.65,5.02,0.15,2016-01-11
29002,CACHOEIRA,815.15,19.38,27.83,5.77,0.15,2016-01-12
29002,CACHOEIRA,815.2,19.69,28.27,7.94,0.15,2016-01-13
29002,CACHOEIRA,815.32,20.44,29.34,13.03,0.15,2016-01-14
29002,CACHOEIRA,815.8,23.48,33.71,39.7,0.15,2016-01-15
29002,CACHOEIRA,816.42,27.53,39.53,51.53,0.1,2016-01-16
29002,CACHOEIRA,816.79,30.02,43.1,33.43,0.0,2016-01-17
29002,CACHOEIRA,816.96,31.18,44.77,18.11,0.0,2016-01-18
29002,CACHOEIRA,817.06,31.87,45.75,12.66,0.0,2016-01-19
29002,CACHOEIRA,817.12,32.28,46.35,9.52,0.0,2016-01-20
29002,CACHOEIRA,817.17,32.63,46.85,8.74,0.0,2016-01-21
29002,CACHOEIRA,817.23,33.05,47.45,9.67,0.1,2016-01-22
29002,CACHOEIRA,817.23,33.05,47.45,7.57,0.15,2016-01-23
29002,CACHOEIRA,817.22,32.98,47.35,7.34,0.15,2016-01-24
29002,CACHOEIRA,817.24,33.12,47.55,9.77,0.15,2016-01-25
29002,CACHOEIRA,817.32,33.67,48.35,14.66,0.15,2016-01-26
29002,CACHOEIRA,817.32,33.67,48.35,7.09,0.15,2016-01-27
29002,CACHOEIRA,817.36,33.95,48.75,11.46,0.15,2016-01-28
29002,CACHOEIRA,817.36,33.95,48.75,8.21,0.15,2016-01-29
29002,CACHOEIRA,817.36,33.95,48.75,8.22,0.15,2016-01-30
29002,CACHOEIRA,817.34,33.81,48.55,6.58,0.15,2016-01-31
29002,CACHOEIRA,817.33,33.74,48.45,6.08,0.15,2016-02-01
29002,CACHOEIRA,817.33,33.74,48.45,6.08,0.15,2016-02-01
29002,CACHOEIRA,817.28,33.39,47.95,5.11,0.15,2016-02-02
29002,CACHOEIRA,817.23,33.05,47.45,4.11,0.15,2016-02-03
29002,CACHOEIRA,817.22,32.98,47.35,5.31,0.15,2016-02-04
29002,CACHOEIRA,817.19,32.77,47.05,5.69,0.15,2016-02-05
29002,CACHOEIRA,817.16,32.56,46.75,5.08,0.15,2016-02-06
29002,CACHOEIRA,817.12,32.28,46.35,5.87,0.15,2016-02-07
29002,CACHOEIRA,817.13,32.35,46.45,9.89,0.15,2016-02-08
29002,CACHOEIRA,817.11,32.21,46.25,6.47,0.15,2016-02-09
29002,CACHOEIRA,817.09,32.07,46.05,6.56,0.15,2016-02-10
29002,CACHOEIRA,817.06,31.87,45.75,5.65,0.15,2016-02-11
29002,CACHOEIRA,817.02,31.59,45.36,4.85,0.15,2016-02-12
29002,CACHOEIRA,816.98,31.32,44.96,4.84,0.15,2016-02-13
29002,CACHOEIRA,816.94,31.04,44.57,4.82,0.15,2016-02-14
29002,CACHOEIRA,816.89,30.7,44.08,4.03,0.15,2016-02-15
29002,CACHOEIRA,816.88,30.63,43.98,8.34,0.15,2016-02-16
29002,CACHOEIRA,816.84,30.36,43.59,8.12,0.15,2016-02-17
29002,CACHOEIRA,816.79,30.02,43.1,6.31,0.15,2016-02-18
29002,CACHOEIRA,816.73,29.61,42.52,5.01,0.15,2016-02-19
29002,CACHOEIRA,816.69,29.34,42.13,6.06,0.15,2016-02-20
29002,CACHOEIRA,816.72,29.54,42.42,11.56,0.15,2016-02-21
29002,CACHOEIRA,816.77,29.88,42.9,14.16,0.15,2016-02-22
29002,CACHOEIRA,816.76,29.81,42.81,9.41,0.15,2016-02-23
29002,CACHOEIRA,816.74,29.68,42.61,6.65,0.15,2016-02-24
29002,CACHOEIRA,816.72,29.54,42.42,8.64,0.15,2016-02-25
29002,CACHOEIRA,816.67,29.21,41.93,5.27,0.15,2016-02-26
29002,CACHOEIRA,816.62,28.87,41.45,4.96,0.15,2016-02-27
29002,CACHOEIRA,816.56,28.47,40.87,5.07,0.15,2016-02-28
29002,CACHOEIRA,816.52,28.2,40.49,6.01,0.15,2016-02-29
29002,CACHOEIRA,816.46,27.8,39.91,5.93,0.15,2016-03-01
29002,CACHOEIRA,816.46,27.8,39.91,5.93,0.15,2016-03-01
29002,CACHOEIRA,816.53,28.27,40.58,14.29,0.15,2016-03-02
29002,CACHOEIRA,816.69,29.34,42.13,12.6,0.15,2016-03-03
29002,CACHOEIRA,817.02,31.59,45.36,26.08,0.03,2016-03-04
29002,CACHOEIRA,817.19,32.77,47.05,13.61,0.0,2016-03-05
29002,CACHOEIRA,817.3,33.53,48.15,8.88,0.0,2016-03-06
29002,CACHOEIRA,817.42,34.38,49.36,9.75,0.0,2016-03-07
29002,CACHOEIRA,817.46,34.66,49.76,14.16,0.0,2016-03-08
29002,CACHOEIRA,817.41,34.31,49.26,9.85,0.0,2016-03-09
29002,CACHOEIRA,817.33,33.74,48.45,7.4,0.0,2016-03-10
29002,CACHOEIRA,817.3,33.53,48.15,11.47,0.0,2016-03-11
29002,CACHOEIRA,817.4,34.24,49.15,12.97,0.0,2016-03-12
29002,CACHOEIRA,817.49,34.87,50.07,7.35,0.0,2016-03-13
29002,CACHOEIRA,817.57,35.44,50.88,6.56,0.0,2016-03-14
29002,CACHOEIRA,817.65,36.01,51.7,6.59,0.0,2016-03-15
29002,CACHOEIRA,817.61,35.72,51.29,5.76,0.0,2016-03-16
29002,CACHOEIRA,817.53,35.15,50.47,5.46,0.0,2016-03-17
29002,CACHOEIRA,817.46,34.66,49.76,6.27,0.0,2016-03-18
29002,CACHOEIRA,817.41,34.31,49.26,7.88,0.0,2016-03-19
29002,CACHOEIRA,817.33,33.74,48.45,5.41,0.0,2016-03-20
29002,CACHOEIRA,817.27,33.32,47.85,5.1,0.0,2016-03-21
29002,CACHOEIRA,817.16,32.56,46.75,3.29,0.07,2016-03-22
29002,CACHOEIRA,817.08,32.01,45.95,3.99,0.15,2016-03-23
29002,CACHOEIRA,816.99,31.39,45.06,4.72,0.2,2016-03-24
29002,CACHOEIRA,816.92,30.9,44.37,6.29,0.2,2016-03-25
29002,CACHOEIRA,816.94,31.04,44.57,13.46,0.2,2016-03-26
29002,CACHOEIRA,816.89,30.7,44.08,7.87,0.2,2016-03-27
29002,CACHOEIRA,816.82,30.22,43.39,5.27,0.2,2016-03-28
29002,CACHOEIRA,816.73,29.61,42.52,4.16,0.2,2016-03-29
29002,CACHOEIRA,816.65,29.07,41.74,5.42,0.2,2016-03-30
29002,CACHOEIRA,816.58,28.6,41.06,6.19,0.2,2016-03-31
29002,CACHOEIRA,816.51,28.13,40.39,5.36,0.2,2016-04-01
29002,CACHOEIRA,816.51,28.13,40.39,5.36,0.2,2016-04-01
29002,CACHOEIRA,816.42,27.53,39.53,3.28,0.2,2016-04-02
29002,CACHOEIRA,816.33,26.93,38.67,3.36,0.2,2016-04-03
29002,CACHOEIRA,816.23,26.27,37.72,3.28,0.2,2016-04-04
29002,CACHOEIRA,816.14,25.68,36.88,3.51,0.2,2016-04-05
29002,CACHOEIRA,816.08,25.29,36.31,4.28,0.2,2016-04-06
29002,CACHOEIRA,816.02,24.9,35.75,3.67,0.2,2016-04-07
29002,CACHOEIRA,815.96,24.51,35.19,3.65,0.2,2016-04-08
29002,CACHOEIRA,815.97,24.58,35.29,3.06,0.2,2016-04-09
29002,CACHOEIRA,815.98,24.64,35.38,2.95,0.2,2016-04-10
29002,CACHOEIRA,815.99,24.71,35.47,2.93,0.2,2016-04-11
29002,CACHOEIRA,816.02,24.9,35.75,2.94,0.2,2016-04-12
29002,CACHOEIRA,816.04,25.03,35.94,2.78,0.2,2016-04-13
29002,CACHOEIRA,816.05,25.1,36.03,2.15,0.2,2016-04-14
29002,CACHOEIRA,816.08,25.29,36.31,2.12,0.2,2016-04-15
29002,CACHOEIRA,816.09,25.36,36.41,1.06,0.2,2016-04-16
29002,CACHOEIRA,816.11,25.49,36.59,1.53,0.2,2016-04-17
29002,CACHOEIRA,816.13,25.62,36.78,1.76,0.2,2016-04-18
29002,CACHOEIRA,816.15,25.75,36.97,1.58,0.2,2016-04-19
29002,CACHOEIRA,816.13,25.62,36.78,1.11,0.2,2016-04-20
29002,CACHOEIRA,816.13,25.62,36.78,2.36,0.2,2016-04-21
29002,CACHOEIRA,816.13,25.62,36.78,2.37,0.2,2016-04-22
29002,CACHOEIRA,816.12,25.55,36.69,1.72,0.2,2016-04-23
29002,CACHOEIRA,816.11,25.49,36.59,1.79,0.2,2016-04-24
29002,CACHOEIRA,816.1,25.42,36.5,1.82,0.2,2016-04-25
29002,CACHOEIRA,816.12,25.55,36.69,1.76,0.2,2016-04-26
29002,CACHOEIRA,816.12,25.55,36.69,1.55,0.2,2016-04-27
29002,CACHOEIRA,816.19,26.01,37.35,2.39,0.2,2016-04-28
29002,CACHOEIRA,816.17,25.88,37.16,1.0,0.2,2016-04-29
29002,CACHOEIRA,816.24,26.34,37.82,2.05,0.2,2016-04-30
29002,CACHOEIRA,816.22,26.21,37.63,1.93,0.2,2016-05-01
29002,CACHOEIRA,816.22,26.21,37.63,1.93,0.2,2016-05-01
29002,CACHOEIRA,816.19,26.01,37.35,1.82,0.2,2016-05-02
29002,CACHOEIRA,816.16,25.81,37.06,1.61,0.2,2016-05-03
29002,CACHOEIRA,816.1,25.42,36.5,1.01,0.2,2016-05-04
29002,CACHOEIRA,816.03,24.97,35.84,1.14,0.2,2016-05-05
29002,CACHOEIRA,816.0,24.77,35.56,1.33,0.2,2016-05-06
29002,CACHOEIRA,815.97,24.58,35.29,1.51,0.2,2016-05-07
29002,CACHOEIRA,815.95,24.45,35.1,1.44,0.2,2016-05-08
29002,CACHOEIRA,815.9,24.12,34.63,1.69,0.2,2016-05-09
29002,CACHOEIRA,815.92,24.25,34.82,1.03,0.2,2016-05-10
29002,CACHOEIRA,815.96,24.51,35.19,1.1,0.2,2016-05-11
29002,CACHOEIRA,815.98,24.64,35.38,1.77,0.2,2016-05-12
29002,CACHOEIRA,816.0,24.77,35.56,1.69,0.2,2016-05-13
29002,CACHOEIRA,816.06,25.16,36.12,2.27,0.2,2016-05-14
29002,CACHOEIRA,816.13,25.62,36.78,1.05,0.2,2016-05-15
29002,CACHOEIRA,816.2,26.08,37.44,1.11,0.2,2016-05-16
29002,CACHOEIRA,816.26,26.47,38.01,2.28,0.2,2016-05-17
29002,CACHOEIRA,816.32,26.87,38.58,2.43,0.2,2016-05-18
29002,CACHOEIRA,816.36,27.13,38.96,5.99,0.2,2016-05-19
29002,CACHOEIRA,816.37,27.2,39.05,4.9,0.2,2016-05-20
29002,CACHOEIRA,816.41,27.46,39.43,7.37,0.2,2016-05-21
29002,CACHOEIRA,816.46,27.8,39.91,7.56,0.2,2016-05-22
29002,CACHOEIRA,816.56,28.47,40.87,12.06,0.2,2016-05-23
29002,CACHOEIRA,816.61,28.8,41.35,8.22,0.2,2016-05-24
29002,CACHOEIRA,816.56,28.47,40.87,4.62,0.2,2016-05-25
29002,CACHOEIRA,816.45,27.73,39.81,2.32,0.2,2016-05-26
29002,CACHOEIRA,816.32,26.87,38.58,2.66,0.2,2016-05-27
29002,CACHOEIRA,816.19,26.01,37.35,2.64,0.2,2016-05-28
29002,CACHOEIRA,816.06,25.16,36.12,2.62,0.2,2016-05-29
29002,CACHOEIRA,815.93,24.32,34.91,2.58,0.2,2016-05-30
29002,CACHOEIRA,815.98,24.64,35.38,3.23,0.2,2016-05-31
29002,CACHOEIRA,816.05,25.1,36.03,3.16,0.2,2016-06-01
29002,CACHOEIRA,816.05,25.1,36.03,3.16,0.2,2016-06-01
29002,CACHOEIRA,816.18,25.95,37.25,8.04,0.2,2016-06-02
29002,CACHOEIRA,816.3,26.74,38.39,9.3,0.2,2016-06-03
29002,CACHOEIRA,816.45,27.73,39.81,10.6,0.2,2016-06-04
29002,CACHOEIRA,816.7,29.41,42.22,17.68,0.2,2016-06-05
29002,CACHOEIRA,816.98,31.32,44.96,26.34,0.2,2016-06-06
29002,CACHOEIRA,817.25,33.19,47.65,29.22,0.2,2016-06-07
29002,CACHOEIRA,817.54,35.22,50.57,29.27,0.2,2016-06-08
29002,CACHOEIRA,817.65,36.01,51.7,14.75,0.2,2016-06-09
29002,CACHOEIRA,817.7,36.36,52.21,9.85,0.2,2016-06-10
29002,CACHOEIRA,817.74,36.65,52.62,9.05,0.2,2016-06-11
29002,CACHOEIRA,817.75,36.72,52.72,6.57,0.2,2016-06-12
29002,CACHOEIRA,817.76,36.79,52.83,5.08,0.2,2016-06-13
29002,CACHOEIRA,817.76,36.79,52.83,3.8,0.2,2016-06-14
29002,CACHOEIRA,817.75,36.72,52.72,4.89,0.2,2016-06-15
29002,CACHOEIRA,817.73,36.58,52.52,4.06,0.2,2016-06-16
29002,CACHOEIRA,817.71,36.44,52.31,4.05,0.2,2016-06-17
29002,CACHOEIRA,817.7,36.36,52.21,4.87,0.2,2016-06-18
29002,CACHOEIRA,817.69,36.29,52.11,4.86,0.2,2016-06-19
29002,CACHOEIRA,817.69,36.29,52.11,4.48,0.2,2016-06-20
29002,CACHOEIRA,817.67,36.15,51.9,4.02,0.2,2016-06-21
29002,CACHOEIRA,817.65,36.01,51.7,4.0,0.2,2016-06-22
29002,CACHOEIRA,817.65,36.01,51.7,3.74,0.2,2016-06-23
29002,CACHOEIRA,817.62,35.79,51.39,3.15,0.2,2016-06-24
29002,CACHOEIRA,817.6,35.65,51.19,3.97,0.2,2016-06-25
29002,CACHOEIRA,817.59,35.58,51.08,4.78,0.2,2016-06-26
29002,CACHOEIRA,817.57,35.44,50.88,3.96,0.2,2016-06-27
29002,CACHOEIRA,817.56,35.37,50.78,4.75,0.2,2016-06-28
29002,CACHOEIRA,817.54,35.22,50.57,3.92,0.2,2016-06-29
29002,CACHOEIRA,817.52,35.08,50.37,3.9,0.2,2016-06-30
29002,CACHOEIRA,817.46,34.66,49.76,3.06,0.2,2016-07-01
29002,CACHOEIRA,817.46,34.66,49.76,3.06,0.2,2016-07-01
29002,CACHOEIRA,817.45,34.59,49.66,3.11,0.2,2016-07-02
29002,CACHOEIRA,817.43,34.45,49.46,2.94,0.2,2016-07-03
29002,CACHOEIRA,817.4,34.24,49.15,2.93,0.2,2016-07-04
29002,CACHOEIRA,817.38,34.1,48.95,2.83,0.2,2016-07-05
29002,CACHOEIRA,817.36,33.95,48.75,3.03,0.2,2016-07-06
29002,CACHOEIRA,817.34,33.81,48.55,2.96,0.2,2016-07-07
29002,CACHOEIRA,817.33,33.74,48.45,2.82,0.2,2016-07-08
29002,CACHOEIRA,817.29,33.46,48.05,2.79,0.2,2016-07-09
29002,CACHOEIRA,817.24,33.12,47.55,2.57,0.2,2016-07-10
29002,CACHOEIRA,817.2,32.84,47.15,2.67,0.2,2016-07-11
29002,CACHOEIRA,817.15,32.49,46.65,2.54,0.2,2016-07-12
29002,CACHOEIRA,817.1,32.14,46.15,2.46,0.2,2016-07-13
29002,CACHOEIRA,817.02,31.59,45.36,2.32,0.2,2016-07-14
29002,CACHOEIRA,816.96,31.18,44.77,2.46,0.2,2016-07-15
29002,CACHOEIRA,816.97,31.25,44.86,2.13,0.2,2016-07-16
29002,CACHOEIRA,816.95,31.11,44.67,2.32,0.2,2016-07-17
29002,CACHOEIRA,816.92,30.9,44.37,2.17,0.2,2016-07-18
29002,CACHOEIRA,816.89,30.7,44.08,2.25,0.2,2016-07-19
29002,CACHOEIRA,816.81,30.15,43.29,2.5,0.2,2016-07-20
29002,CACHOEIRA,816.77,29.88,42.9,2.37,0.2,2016-07-21
29002,CACHOEIRA,816.74,29.68,42.61,2.08,0.2,2016-07-22
29002,CACHOEIRA,816.73,29.61,42.52,1.6,0.2,2016-07-23
29002,CACHOEIRA,816.71,29.48,42.32,1.19,0.2,2016-07-24
29002,CACHOEIRA,816.68,29.27,42.03,1.01,0.2,2016-07-25
29002,CACHOEIRA,816.65,29.07,41.74,1.1,0.2,2016-07-26
29002,CACHOEIRA,816.62,28.87,41.45,1.14,0.2,2016-07-27
29002,CACHOEIRA,816.58,28.6,41.06,1.0,0.2,2016-07-28
29002,CACHOEIRA,816.56,28.47,40.87,1.28,0.2,2016-07-29
29002,CACHOEIRA,816.52,28.2,40.49,1.18,0.2,2016-07-30
29002,CACHOEIRA,816.48,27.93,40.1,1.21,0.2,2016-07-31
29002,CACHOEIRA,816.44,27.66,39.72,1.72,0.2,2016-08-01
29002,CACHOEIRA,816.44,27.66,39.72,1.72,0.2,2016-08-01
29002,CACHOEIRA,816.39,27.33,39.24,1.14,0.2,2016-08-02
29002,CACHOEIRA,816.29,26.67,38.29,1.28,0.2,2016-08-03
29002,CACHOEIRA,816.21,26.14,37.53,1.55,0.2,2016-08-04
29002,CACHOEIRA,816.13,25.62,36.78,1.63,0.2,2016-08-05
29002,CACHOEIRA,816.18,25.95,37.25,1.64,0.2,2016-08-06
29002,CACHOEIRA,816.21,26.14,37.53,1.57,0.2,2016-08-07
29002,CACHOEIRA,816.24,26.34,37.82,1.71,0.2,2016-08-08
29002,CACHOEIRA,816.28,26.6,38.2,1.65,0.2,2016-08-09
29002,CACHOEIRA,816.29,26.67,38.29,1.91,0.2,2016-08-10
29002,CACHOEIRA,816.3,26.74,38.39,1.67,0.2,2016-08-11
29002,CACHOEIRA,816.31,26.8,38.48,1.67,0.2,2016-08-12
29002,CACHOEIRA,816.31,26.8,38.48,1.69,0.2,2016-08-13
29002,CACHOEIRA,816.31,26.8,38.48,1.77,0.2,2016-08-14
29002,CACHOEIRA,816.31,26.8,38.48,1.82,0.2,2016-08-15
29002,CACHOEIRA,816.31,26.8,38.48,1.75,0.2,2016-08-16
29002,CACHOEIRA,816.31,26.8,38.48,1.85,0.2,2016-08-17
29002,CACHOEIRA,816.31,26.8,38.48,1.85,0.2,2016-08-18
29002,CACHOEIRA,816.31,26.8,38.48,1.84,0.2,2016-08-19
29002,CACHOEIRA,816.31,26.8,38.48,1.84,0.2,2016-08-20
29002,CACHOEIRA,816.34,27.0,38.77,6.18,0.2,2016-08-21
29002,CACHOEIRA,816.37,27.2,39.05,6.51,0.2,2016-08-22
29002,CACHOEIRA,816.4,27.4,39.34,6.29,0.2,2016-08-23
29002,CACHOEIRA,816.47,27.86,40.01,3.43,0.2,2016-08-24
29002,CACHOEIRA,816.54,28.33,40.68,3.38,0.2,2016-08-25
29002,CACHOEIRA,816.6,28.73,41.26,2.71,0.2,2016-08-26
29002,CACHOEIRA,816.67,29.21,41.93,2.69,0.2,2016-08-27
29002,CACHOEIRA,816.68,29.27,42.03,2.43,0.2,2016-08-28
29002,CACHOEIRA,816.68,29.27,42.03,1.92,0.2,2016-08-29
29002,CACHOEIRA,816.71,29.48,42.32,2.13,0.2,2016-08-30
29002,CACHOEIRA,816.8,30.09,43.2,1.95,0.2,2016-08-31
29002,CACHOEIRA,816.71,29.48,42.32,3.05,0.2,2016-09-01
29002,CACHOEIRA,816.71,29.48,42.32,3.05,0.2,2016-09-01
29002,CACHOEIRA,816.62,28.87,41.45,2.85,0.19,2016-09-02
29002,CACHOEIRA,816.54,28.33,40.68,2.69,0.2,2016-09-03
29002,CACHOEIRA,816.47,27.86,40.01,2.73,0.2,2016-09-04
29002,CACHOEIRA,816.4,27.4,39.34,2.25,0.2,2016-09-05
29002,CACHOEIRA,816.34,27.0,38.77,3.34,0.2,2016-09-06
29002,CACHOEIRA,816.28,26.6,38.2,3.4,0.2,2016-09-07
29002,CACHOEIRA,816.21,26.14,37.53,2.68,0.2,2016-09-08
29002,CACHOEIRA,816.14,25.68,36.88,2.78,0.2,2016-09-09
29002,CACHOEIRA,816.06,25.16,36.12,2.04,0.2,2016-09-10
29002,CACHOEIRA,815.99,24.71,35.47,2.81,0.2,2016-09-11
29002,CACHOEIRA,815.91,24.19,34.73,2.15,0.2,2016-09-12
29002,CACHOEIRA,815.84,23.74,34.08,2.97,0.2,2016-09-13
29002,CACHOEIRA,815.75,23.16,33.25,1.53,0.2,2016-09-14
29002,CACHOEIRA,815.66,22.58,32.42,1.57,0.2,2016-09-15
29002,CACHOEIRA,815.58,22.07,31.69,1.15,0.2,2016-09-16
29002,CACHOEIRA,815.48,21.44,30.79,1.44,1.18,2016-09-17
29002,CACHOEIRA,815.38,20.81,29.88,0.68,1.5,2016-09-18
29002,CACHOEIRA,815.3,20.31,29.16,2.08,1.5,2016-09-19
29002,CACHOEIRA,815.2,19.69,28.27,2.48,1.5,2016-09-20
29002,CACHOEIRA,815.1,19.07,27.38,2.51,1.5,2016-09-21
29002,CACHOEIRA,815.0,18.46,26.5,1.31,1.5,2016-09-22
29002,CACHOEIRA,814.89,17.78,25.53,1.91,1.5,2016-09-23
29002,CACHOEIRA,814.78,17.11,24.57,1.91,1.5,2016-09-24
29002,CACHOEIRA,814.68,16.51,23.7,1.95,1.5,2016-09-25
29002,CACHOEIRA,814.59,15.97,22.93,1.7,1.5,2016-09-26
29002,CACHOEIRA,814.48,15.31,21.98,1.53,2.02,2016-09-27
29002,CACHOEIRA,814.37,14.65,21.04,1.26,2.5,2016-09-28
29002,CACHOEIRA,814.24,13.89,19.94,1.32,2.5,2016-09-29
29002,CACHOEIRA,814.24,13.89,19.94,1.23,2.5,2016-09-30
29002,CACHOEIRA,814.25,13.95,20.02,1.07,2.5,2016-10-01
29002,CACHOEIRA,814.25,13.95,20.02,1.07,2.5,2016-10-01
29002,CACHOEIRA,814.26,14.0,20.11,0.91,2.5,2016-10-02
29002,CACHOEIRA,814.26,14.0,20.11,0.78,2.5,2016-10-03
29002,CACHOEIRA,814.3,14.24,20.45,4.2,2.5,2016-10-04
29002,CACHOEIRA,814.33,14.42,20.7,3.71,2.5,2016-10-05
29002,CACHOEIRA,814.33,14.42,20.7,2.42,2.5,2016-10-06
29002,CACHOEIRA,814.33,14.42,20.7,1.69,1.85,2016-10-07
29002,CACHOEIRA,814.38,14.71,21.13,1.68,1.5,2016-10-08
29002,CACHOEIRA,814.43,15.01,21.55,1.69,1.5,2016-10-09
29002,CACHOEIRA,814.47,15.25,21.89,1.3,1.5,2016-10-10
29002,CACHOEIRA,814.51,15.49,22.24,1.11,1.5,2016-10-11
29002,CACHOEIRA,814.54,15.67,22.5,1.8,1.5,2016-10-12
29002,CACHOEIRA,814.58,15.91,22.84,2.2,1.5,2016-10-13
29002,CACHOEIRA,814.68,16.51,23.7,5.73,1.17,2016-10-14
29002,CACHOEIRA,814.88,17.72,25.44,10.38,0.5,2016-10-15
29002,CACHOEIRA,814.99,18.39,26.41,3.82,0.5,2016-10-16
29002,CACHOEIRA,815.06,18.82,27.03,2.13,0.5,2016-10-17
29002,CACHOEIRA,815.14,19.32,27.74,2.91,0.5,2016-10-18
29002,CACHOEIRA,815.23,19.88,28.54,3.89,0.5,2016-10-19
29002,CACHOEIRA,815.09,19.01,27.29,3.4,0.5,2016-10-20
29002,CACHOEIRA,814.91,17.9,25.71,3.46,0.5,2016-10-21
29002,CACHOEIRA,814.96,18.21,26.15,3.09,0.5,2016-10-22
29002,CACHOEIRA,815.02,18.58,26.67,2.48,0.5,2016-10-23
29002,CACHOEIRA,815.09,19.01,27.29,2.36,0.5,2016-10-24
29002,CACHOEIRA,815.24,19.94,28.63,6.71,0.5,2016-10-25
29002,CACHOEIRA,815.24,19.94,28.63,6.71,0.5,2016-10-26
29002,CACHOEIRA,815.35,20.63,29.61,3.68,0.5,2016-10-27
29002,CACHOEIRA,815.29,20.25,29.08,3.69,0.5,2016-10-28
29002,CACHOEIRA,815.31,20.38,29.25,4.48,0.5,2016-10-29
29002,CACHOEIRA,815.35,20.63,29.61,2.78,0.5,2016-10-30
29002,CACHOEIRA,815.37,20.75,29.79,1.72,0.5,2016-10-31
29002,CACHOEIRA,815.4,20.94,30.06,2.15,0.5,2016-11-01
29002,CACHOEIRA,815.4,20.94,30.06,2.15,0.5,2016-11-01
29002,CACHOEIRA,815.42,21.06,30.24,1.94,0.5,2016-11-02
29002,CACHOEIRA,815.44,21.19,30.42,3.11,0.5,2016-11-03
29002,CACHOEIRA,815.45,21.25,30.52,2.91,0.5,2016-11-04
29002,CACHOEIRA,815.46,21.32,30.61,2.66,0.5,2016-11-05
29002,CACHOEIRA,815.47,21.38,30.7,2.8,0.5,2016-11-06
29002,CACHOEIRA,815.48,21.44,30.79,2.81,0.5,2016-11-07
29002,CACHOEIRA,815.49,21.51,30.88,2.94,0.5,2016-11-08
29002,CACHOEIRA,815.5,21.57,30.97,3.09,0.5,2016-11-09
29002,CACHOEIRA,815.55,21.88,31.42,6.08,0.5,2016-11-10
29002,CACHOEIRA,815.64,22.46,32.24,9.09,0.5,2016-11-11
29002,CACHOEIRA,815.75,23.16,33.25,9.81,0.5,2016-11-12
29002,CACHOEIRA,815.8,23.48,33.71,5.26,0.5,2016-11-13
29002,CACHOEIRA,815.89,24.06,34.54,8.16,0.5,2016-11-14
29002,CACHOEIRA,816.01,24.84,35.66,10.42,0.5,2016-11-15
29002,CACHOEIRA,816.1,25.42,36.5,7.91,0.5,2016-11-16
29002,CACHOEIRA,816.19,26.01,37.35,7.4,0.5,2016-11-17
29002,CACHOEIRA,816.3,26.74,38.39,8.5,0.36,2016-11-18
29002,CACHOEIRA,816.37,27.2,39.05,5.5,0.3,2016-11-19
29002,CACHOEIRA,816.43,27.6,39.62,4.91,0.3,2016-11-20
29002,CACHOEIRA,816.47,27.86,40.01,3.02,0.3,2016-11-21
29002,CACHOEIRA,816.44,27.66,39.72,2.55,0.3,2016-11-22
29002,CACHOEIRA,816.38,27.27,39.15,2.33,0.3,2016-11-23
29002,CACHOEIRA,816.33,26.93,38.67,3.73,0.3,2016-11-24
29002,CACHOEIRA,816.29,26.67,38.29,3.95,0.28,2016-11-25
29002,CACHOEIRA,816.25,26.41,37.91,2.93,0.3,2016-11-26
29002,CACHOEIRA,816.22,26.21,37.63,4.66,0.3,2016-11-27
29002,CACHOEIRA,816.19,26.01,37.35,4.55,0.3,2016-11-28
29002,CACHOEIRA,816.17,25.88,37.16,3.57,0.3,2016-11-29
29002,CACHOEIRA,816.2,26.08,37.44,6.31,0.3,2016-11-30
29002,CACHOEIRA,816.2,26.08,37.44,3.3,0.3,2016-12-01
29002,CACHOEIRA,816.2,26.08,37.44,3.3,0.3,2016-12-01
29002,CACHOEIRA,816.19,26.01,37.35,2.4,0.3,2016-12-02
29002,CACHOEIRA,816.19,26.01,37.35,2.24,0.3,2016-12-03
29002,CACHOEIRA,816.18,25.95,37.25,3.34,0.26,2016-12-04
29002,CACHOEIRA,816.22,26.21,37.63,5.77,0.2,2016-12-05
29002,CACHOEIRA,816.24,26.34,37.82,4.12,0.2,2016-12-06
29002,CACHOEIRA,816.24,26.34,37.82,2.73,0.18,2016-12-07
29002,CACHOEIRA,816.24,26.34,37.82,2.81,0.15,2016-12-08
29002,CACHOEIRA,816.24,26.34,37.82,2.7,0.15,2016-12-09
29002,CACHOEIRA,816.36,27.13,38.96,11.48,0.15,2016-12-10
29002,CACHOEIRA,816.39,27.33,39.24,4.49,0.15,2016-12-11
29002,CACHOEIRA,816.5,28.06,40.29,10.27,0.15,2016-12-12
29002,CACHOEIRA,816.61,28.8,41.35,9.77,0.15,2016-12-13
29002,CACHOEIRA,816.65,29.07,41.74,9.37,0.15,2016-12-14
29002,CACHOEIRA,816.61,28.8,41.35,4.9,0.15,2016-12-15
29002,CACHOEIRA,816.56,28.47,40.87,3.88,0.15,2016-12-16
29002,CACHOEIRA,816.5,28.06,40.29,3.08,0.15,2016-12-17
29002,CACHOEIRA,816.46,27.8,39.91,4.48,0.15,2016-12-18
29002,CACHOEIRA,816.42,27.53,39.53,4.35,0.15,2016-12-19
29002,CACHOEIRA,816.39,27.33,39.24,4.76,0.15,2016-12-20
29002,CACHOEIRA,816.36,27.13,38.96,4.63,0.15,2016-12-21
29002,CACHOEIRA,816.32,26.87,38.58,3.61,0.15,2016-12-22
29002,CACHOEIRA,816.32,26.87,38.58,3.99,0.15,2016-12-23
29002,CACHOEIRA,816.41,27.46,39.43,5.27,0.15,2016-12-24
29002,CACHOEIRA,816.5,28.06,40.29,3.79,0.15,2016-12-25
29002,CACHOEIRA,816.62,28.87,41.45,7.07,0.15,2016-12-26
29002,CACHOEIRA,816.67,29.21,41.93,4.56,0.15,2016-12-27
29002,CACHOEIRA,816.6,28.73,41.26,3.45,0.15,2016-12-28
29002,CACHOEIRA,816.54,28.33,40.68,4.06,0.15,2016-12-29
29002,CACHOEIRA,816.47,27.86,40.01,3.2,0.15,2016-12-30
29002,CACHOEIRA,816.4,27.4,39.34,3.06,0.15,2016-12-31
29002,CACHOEIRA,816.34,27.0,38.77,3.54,0.15,2017-01-01
29002,CACHOEIRA,816.34,27.0,38.77,3.54,0.15,2017-01-01
29002,CACHOEIRA,816.28,26.6,38.2,3.61,0.15,2017-01-02
29002,CACHOEIRA,816.21,26.14,37.53,2.99,0.47,2017-01-03
29002,CACHOEIRA,816.14,25.68,36.88,3.75,1.15,2017-01-04
29002,CACHOEIRA,816.07,25.23,36.22,3.81,1.15,2017-01-05
29002,CACHOEIRA,815.99,24.71,35.47,3.54,1.69,2017-01-06
29002,CACHOEIRA,815.9,24.12,34.63,2.8,1.9,2017-01-07
29002,CACHOEIRA,815.85,23.8,34.17,5.38,1.9,2017-01-08
29002,CACHOEIRA,815.79,23.41,33.62,4.46,1.9,2017-01-09
29002,CACHOEIRA,815.86,23.86,34.26,12.8,1.35,2017-01-10
29002,CACHOEIRA,815.94,24.38,35.01,11.46,0.15,2017-01-11
29002,CACHOEIRA,815.96,24.51,35.19,6.5,0.15,2017-01-12
29002,CACHOEIRA,816.21,26.14,37.53,22.69,0.15,2017-01-13
29002,CACHOEIRA,816.38,27.27,39.15,19.33,0.12,2017-01-14
29002,CACHOEIRA,816.42,27.53,39.53,12.41,0.1,2017-01-15
29002,CACHOEIRA,816.49,28.0,40.2,13.41,0.1,2017-01-16
29002,CACHOEIRA,816.58,28.6,41.06,13.75,0.1,2017-01-17
29002,CACHOEIRA,816.64,29.0,41.64,19.23,0.1,2017-01-18
29002,CACHOEIRA,816.85,30.43,43.69,19.92,0.1,2017-01-19
29002,CACHOEIRA,817.05,31.8,45.65,15.97,0.1,2017-01-20
29002,CACHOEIRA,817.24,33.12,47.55,15.35,0.1,2017-01-21
29002,CACHOEIRA,817.5,34.94,50.17,21.23,0.1,2017-01-22
29002,CACHOEIRA,817.93,38.02,54.59,35.74,0.1,2017-01-23
29002,CACHOEIRA,818.05,38.89,55.84,18.31,0.1,2017-01-24
29002,CACHOEIRA,818.14,39.55,56.79,18.01,0.1,2017-01-25
29002,CACHOEIRA,818.03,38.75,55.63,8.51,0.1,2017-01-26
29002,CACHOEIRA,817.93,38.02,54.59,12.55,0.1,2017-01-27
29002,CACHOEIRA,817.84,37.37,53.65,12.34,0.1,2017-01-28
29002,CACHOEIRA,817.71,36.44,52.31,8.94,0.1,2017-01-29
29002,CACHOEIRA,817.57,35.44,50.88,8.07,0.1,2017-01-30
29002,CACHOEIRA,817.43,34.45,49.46,8.03,0.1,2017-01-31
29002,CACHOEIRA,817.36,33.95,48.75,8.0,0.1,2017-02-01
29002,CACHOEIRA,817.36,33.95,48.75,8.0,0.1,2017-02-01
29002,CACHOEIRA,817.47,34.73,49.86,9.06,0.1,2017-02-02
29002,CACHOEIRA,817.6,35.65,51.19,10.76,0.1,2017-02-03
29002,CACHOEIRA,817.7,36.36,52.21,8.36,0.1,2017-02-04
29002,CACHOEIRA,817.78,36.94,53.03,6.74,0.1,2017-02-05
29002,CACHOEIRA,817.88,37.66,54.07,8.44,0.1,2017-02-06
29002,CACHOEIRA,817.94,38.09,54.69,9.11,0.1,2017-02-07
29002,CACHOEIRA,817.85,37.44,53.76,7.67,0.1,2017-02-08
29002,CACHOEIRA,817.74,36.65,52.62,5.93,0.1,2017-02-09
29002,CACHOEIRA,817.63,35.86,51.49,5.91,0.1,2017-02-10
29002,CACHOEIRA,817.52,35.08,50.37,5.9,0.1,2017-02-11
29002,CACHOEIRA,817.4,34.24,49.15,5.05,0.1,2017-02-12
29002,CACHOEIRA,817.29,33.46,48.05,5.85,0.1,2017-02-13
29002,CACHOEIRA,817.18,32.7,46.95,5.83,0.1,2017-02-14
29002,CACHOEIRA,817.07,31.94,45.85,5.38,0.1,2017-02-15
29002,CACHOEIRA,816.96,31.18,44.77,5.14,0.1,2017-02-16
29002,CACHOEIRA,816.84,30.36,43.59,4.14,0.1,2017-02-17
29002,CACHOEIRA,816.72,29.54,42.42,4.13,0.1,2017-02-18
29002,CACHOEIRA,816.6,28.73,41.26,4.04,0.1,2017-02-19
29002,CACHOEIRA,816.48,27.93,40.1,4.03,0.1,2017-02-20
29002,CACHOEIRA,816.51,28.13,40.39,4.07,0.1,2017-02-21
29002,CACHOEIRA,816.55,28.4,40.77,3.2,0.1,2017-02-22
29002,CACHOEIRA,816.59,28.67,41.16,3.21,0.1,2017-02-23
29002,CACHOEIRA,816.63,28.94,41.55,3.4,0.29,2017-02-24
29002,CACHOEIRA,816.56,28.47,40.87,8.34,0.65,2017-02-25
29002,CACHOEIRA,816.43,27.6,39.62,5.47,0.65,2017-02-26
29002,CACHOEIRA,816.34,27.0,38.77,8.53,0.65,2017-02-27
29002,CACHOEIRA,816.21,26.14,37.53,5.42,0.65,2017-02-28
29002,CACHOEIRA,816.08,25.29,36.31,5.1,0.36,2017-03-01
29002,CACHOEIRA,816.08,25.29,36.31,5.1,0.36,2017-03-01
29002,CACHOEIRA,815.95,24.45,35.1,4.95,0.25,2017-03-02
29002,CACHOEIRA,815.97,24.58,35.28,5.95,0.25,2017-03-03
29002,CACHOEIRA,815.99,24.71,35.47,5.9,0.25,2017-03-04
29002,CACHOEIRA,816.0,24.77,35.56,4.08,0.25,2017-03-05
29002,CACHOEIRA,816.06,25.16,36.12,6.75,0.25,2017-03-06
29002,CACHOEIRA,816.17,25.88,37.16,17.17,0.2,2017-03-07
29002,CACHOEIRA,816.22,26.21,37.63,14.12,0.15,2017-03-08
29002,CACHOEIRA,816.3,26.74,38.39,9.69,0.15,2017-03-09
29002,CACHOEIRA,816.34,27.0,38.77,8.43,0.15,2017-03-10
29002,CACHOEIRA,816.37,27.2,39.05,7.68,0.15,2017-03-11
29002,CACHOEIRA,816.39,27.33,39.24,6.93,0.15,2017-03-12
29002,CACHOEIRA,816.4,27.4,39.34,6.16,0.15,2017-03-13
29002,CACHOEIRA,816.41,27.46,39.43,6.15,0.15,2017-03-14
29002,CACHOEIRA,816.43,27.6,39.62,7.44,0.15,2017-03-15
29002,CACHOEIRA,816.45,27.73,39.81,6.95,0.15,2017-03-16
29002,CACHOEIRA,816.46,27.8,39.91,6.19,0.15,2017-03-17
29002,CACHOEIRA,816.22,26.21,37.63,4.84,0.15,2017-03-18
29002,CACHOEIRA,815.95,24.45,35.1,4.43,0.15,2017-03-19
29002,CACHOEIRA,815.72,22.97,32.97,7.34,0.15,2017-03-20
29002,CACHOEIRA,815.51,21.63,31.06,8.72,0.15,2017-03-21
29002,CACHOEIRA,815.55,21.88,31.42,6.13,0.15,2017-03-22
29002,CACHOEIRA,815.55,21.88,31.42,3.72,0.15,2017-03-23
29002,CACHOEIRA,815.52,21.7,31.15,3.48,0.15,2017-03-24
29002,CACHOEIRA,815.52,21.7,31.15,1.58,0.15,2017-03-25
29002,CACHOEIRA,815.54,21.82,31.33,1.59,0.15,2017-03-26
29002,CACHOEIRA,815.54,21.82,31.33,1.3,0.15,2017-03-27
29002,CACHOEIRA,815.58,22.07,31.69,1.92,0.98,2017-03-28
29002,CACHOEIRA,815.61,22.27,31.97,1.67,1.15,2017-03-29
29002,CACHOEIRA,815.63,22.39,32.15,1.46,1.15,2017-03-30
29002,CACHOEIRA,815.65,22.52,32.33,1.9,1.15,2017-03-31
29002,CACHOEIRA,815.66,22.58,32.42,1.69,1.15,2017-04-01
29002,CACHOEIRA,815.66,22.58,32.42,1.69,1.15,2017-04-01
29002,CACHOEIRA,815.66,22.58,32.42,1.05,1.15,2017-04-02
29002,CACHOEIRA,815.66,22.58,32.42,1.25,1.15,2017-04-03
29002,CACHOEIRA,815.72,22.97,32.97,1.1,1.15,2017-04-04
29002,CACHOEIRA,815.79,23.41,33.62,1.69,1.15,2017-04-05
29002,CACHOEIRA,815.84,23.74,34.08,0.91,1.15,2017-04-06
29002,CACHOEIRA,815.92,24.25,34.82,2.95,1.15,2017-04-07
29002,CACHOEIRA,816.05,25.1,36.03,5.95,0.36,2017-04-08
29002,CACHOEIRA,816.15,25.75,36.97,3.71,0.15,2017-04-09
29002,CACHOEIRA,816.23,26.27,37.72,2.32,0.15,2017-04-10
29002,CACHOEIRA,816.29,26.67,38.29,1.5,0.15,2017-04-11
29002,CACHOEIRA,816.35,27.07,38.86,1.47,0.15,2017-04-12
29002,CACHOEIRA,816.41,27.46,39.43,1.6,0.15,2017-04-13
29002,CACHOEIRA,816.46,27.8,39.91,1.1,0.15,2017-04-14
29002,CACHOEIRA,816.49,28.0,40.2,0.92,1.0,2017-04-15
29002,CACHOEIRA,816.51,28.13,40.39,0.8,1.15,2017-04-16
29002,CACHOEIRA,816.53,28.27,40.58,1.04,1.15,2017-04-17
29002,CACHOEIRA,816.54,28.33,40.68,1.32,1.15,2017-04-18
29002,CACHOEIRA,816.54,28.33,40.68,1.06,1.15,2017-04-19
29002,CACHOEIRA,816.54,28.33,40.68,1.25,1.15,2017-04-20
29002,CACHOEIRA,816.5,28.06,40.29,1.35,1.15,2017-04-21
29002,CACHOEIRA,816.48,27.93,40.1,2.08,0.9,2017-04-22
29002,CACHOEIRA,816.47,27.86,40.01,2.39,0.15,2017-04-23
29002,CACHOEIRA,816.45,27.73,39.81,1.74,0.15,2017-04-24
29002,CACHOEIRA,816.43,27.6,39.62,1.69,0.15,2017-04-25
29002,CACHOEIRA,816.4,27.4,39.34,1.48,0.15,2017-04-26
29002,CACHOEIRA,816.44,27.66,39.72,3.5,0.15,2017-04-27
29002,CACHOEIRA,816.46,27.8,39.91,4.97,0.15,2017-04-28
29002,CACHOEIRA,816.45,27.73,39.81,4.05,0.15,2017-04-29
29002,CACHOEIRA,816.45,27.73,39.81,4.65,0.15,2017-04-30
29002,CACHOEIRA,816.44,27.66,39.72,4.09,0.15,2017-05-01
29002,CACHOEIRA,816.44,27.66,39.72,4.09,0.15,2017-05-01
29002,CACHOEIRA,816.43,27.6,39.62,3.46,0.15,2017-05-02
29002,CACHOEIRA,816.43,27.6,39.62,4.33,0.15,2017-05-03
29002,CACHOEIRA,816.3,26.74,38.39,2.86,0.15,2017-05-04
29002,CACHOEIRA,816.14,25.68,36.88,3.63,0.15,2017-05-05
29002,CACHOEIRA,816.14,25.68,36.88,14.82,0.15,2017-05-06
29002,CACHOEIRA,816.08,25.29,36.31,9.82,0.15,2017-05-07
29002,CACHOEIRA,815.97,24.58,35.28,5.79,0.15,2017-05-08
29002,CACHOEIRA,815.84,23.74,34.08,4.09,0.15,2017-05-09
29002,CACHOEIRA,815.89,24.06,34.54,3.58,0.15,2017-05-10
29002,CACHOEIRA,815.99,24.71,35.47,3.85,0.15,2017-05-11
29002,CACHOEIRA,816.03,24.97,35.84,2.75,0.15,2017-05-12
29002,CACHOEIRA,816.06,25.16,36.12,1.8,0.15,2017-05-13
29002,CACHOEIRA,816.1,25.42,36.5,1.77,0.15,2017-05-14
29002,CACHOEIRA,816.13,25.62,36.78,1.19,0.15,2017-05-15
29002,CACHOEIRA,816.15,25.75,36.97,0.93,0.15,2017-05-16
29002,CACHOEIRA,816.19,26.01,37.35,1.27,0.15,2017-05-17
29002,CACHOEIRA,816.23,26.27,37.72,1.24,0.15,2017-05-18
29002,CACHOEIRA,816.32,26.87,38.58,4.68,0.15,2017-05-19
29002,CACHOEIRA,816.46,27.8,39.91,11.41,0.15,2017-05-20
29002,CACHOEIRA,816.56,28.47,40.87,8.89,0.15,2017-05-21
29002,CACHOEIRA,816.68,29.27,42.03,9.77,0.15,2017-05-22
29002,CACHOEIRA,816.81,30.15,43.29,10.21,0.15,2017-05-23
29002,CACHOEIRA,816.91,30.84,44.27,8.05,0.15,2017-05-24
29002,CACHOEIRA,816.98,31.32,44.96,5.7,0.15,2017-05-25
29002,CACHOEIRA,817.04,31.73,45.56,4.93,0.15,2017-05-26
29002,CACHOEIRA,817.1,32.14,46.15,4.94,0.15,2017-05-27
29002,CACHOEIRA,817.15,32.49,46.65,4.16,0.15,2017-05-28
29002,CACHOEIRA,817.2,32.84,47.15,4.17,0.15,2017-05-29
29002,CACHOEIRA,817.25,33.19,47.65,4.18,0.15,2017-05-30
29002,CACHOEIRA,817.3,33.53,48.15,4.19,0.15,2017-05-31
29002,CACHOEIRA,817.36,33.95,48.75,5.02,0.15,2017-06-01
29002,CACHOEIRA,817.36,33.95,48.75,5.02,0.15,2017-06-01
29002,CACHOEIRA,817.41,34.31,49.26,4.22,0.15,2017-06-02
29002,CACHOEIRA,817.46,34.66,49.76,4.23,0.15,2017-06-03
29002,CACHOEIRA,817.5,34.94,50.17,3.49,0.22,2017-06-04
29002,CACHOEIRA,817.54,35.22,50.57,3.58,0.3,2017-06-05
29002,CACHOEIRA,817.61,35.72,51.29,6.06,0.3,2017-06-06
29002,CACHOEIRA,817.57,35.44,50.88,5.1,0.18,2017-06-07
29002,CACHOEIRA,817.61,35.72,51.29,5.09,0.15,2017-06-08
29002,CACHOEIRA,817.66,36.08,51.8,4.28,0.15,2017-06-09
29002,CACHOEIRA,817.51,35.01,50.27,2.95,0.15,2017-06-10
29002,CACHOEIRA,817.32,33.67,48.35,2.97,0.15,2017-06-11
29002,CACHOEIRA,817.13,32.35,46.45,2.91,0.15,2017-06-12
29002,CACHOEIRA,816.91,30.84,44.27,3.24,0.15,2017-06-13
29002,CACHOEIRA,816.71,29.48,42.32,4.99,0.15,2017-06-14
29002,CACHOEIRA,816.62,28.87,41.45,3.97,0.15,2017-06-15
29002,CACHOEIRA,816.52,28.2,40.49,2.47,0.15,2017-06-16
29002,CACHOEIRA,816.42,27.53,39.53,2.92,0.15,2017-06-17
29002,CACHOEIRA,816.34,27.0,38.77,2.87,0.15,2017-06-18
29002,CACHOEIRA,816.24,26.34,37.82,3.25,0.15,2017-06-19
29002,CACHOEIRA,816.3,26.74,38.39,4.91,0.15,2017-06-20
29002,CACHOEIRA,816.4,27.4,39.34,3.24,0.5,2017-06-21
29002,CACHOEIRA,816.49,28.0,40.2,2.93,0.5,2017-06-22
29002,CACHOEIRA,816.57,28.53,40.97,2.53,0.5,2017-06-23
29002,CACHOEIRA,816.67,29.21,41.93,3.4,0.5,2017-06-24
29002,CACHOEIRA,816.76,29.81,42.81,3.2,0.5,2017-06-25
29002,CACHOEIRA,816.84,30.36,43.59,2.93,0.5,2017-06-26
29002,CACHOEIRA,816.91,30.84,44.27,2.74,0.5,2017-06-27
29002,CACHOEIRA,816.99,31.39,45.06,3.94,0.54,2017-06-28
29002,CACHOEIRA,817.06,31.87,45.75,3.89,1.0,2017-06-29
29002,CACHOEIRA,817.09,32.07,46.05,3.38,1.0,2017-06-30
29002,CACHOEIRA,817.1,32.14,46.15,3.22,0.52,2017-07-01
29002,CACHOEIRA,817.1,32.14,46.15,3.22,0.52,2017-07-01
29002,CACHOEIRA,817.1,32.14,46.15,2.97,0.5,2017-07-02
29002,CACHOEIRA,817.1,32.14,46.15,3.4,0.5,2017-07-03
29002,CACHOEIRA,817.1,32.14,46.15,3.81,0.5,2017-07-04
29002,CACHOEIRA,817.08,32.01,45.95,2.63,0.5,2017-07-05
29002,CACHOEIRA,817.06,31.87,45.75,2.76,0.5,2017-07-06
29002,CACHOEIRA,817.03,31.66,45.46,3.67,0.5,2017-07-07
29002,CACHOEIRA,816.99,31.39,45.06,3.28,0.5,2017-07-08
29002,CACHOEIRA,816.95,31.11,44.67,3.49,0.5,2017-07-09
29002,CACHOEIRA,816.91,30.84,44.27,3.71,0.5,2017-07-10
29002,CACHOEIRA,816.86,30.5,43.78,3.11,0.5,2017-07-11
29002,CACHOEIRA,816.81,30.15,43.29,3.23,0.5,2017-07-12
29002,CACHOEIRA,816.76,29.81,42.81,3.29,0.5,2017-07-13
29002,CACHOEIRA,816.7,29.41,42.22,2.62,0.5,2017-07-14
29002,CACHOEIRA,816.62,28.87,41.45,1.92,0.5,2017-07-15
29002,CACHOEIRA,816.55,28.4,40.77,3.25,0.5,2017-07-16
29002,CACHOEIRA,816.48,27.93,40.1,3.6,0.5,2017-07-17
29002,CACHOEIRA,816.41,27.46,39.43,3.21,0.5,2017-07-18
29002,CACHOEIRA,816.34,27.0,38.77,3.48,0.5,2017-07-19
29002,CACHOEIRA,816.26,26.47,38.01,3.61,0.5,2017-07-20
29002,CACHOEIRA,816.18,25.95,37.25,3.88,0.5,2017-07-21
29002,CACHOEIRA,816.21,26.14,37.53,3.26,0.5,2017-07-22
29002,CACHOEIRA,816.24,26.34,37.82,1.42,0.5,2017-07-23
29002,CACHOEIRA,816.25,26.41,37.91,0.33,0.5,2017-07-24
29002,CACHOEIRA,816.24,26.34,37.82,0.13,0.5,2017-07-25
29002,CACHOEIRA,816.19,26.01,37.35,0.48,0.5,2017-07-26
29002,CACHOEIRA,816.14,25.68,36.88,0.46,0.5,2017-07-27
29002,CACHOEIRA,816.08,25.29,36.31,0.44,0.5,2017-07-28
29002,CACHOEIRA,816.1,25.42,36.5,0.21,0.5,2017-07-29
29002,CACHOEIRA,816.12,25.55,36.69,0.25,0.5,2017-07-30
29002,CACHOEIRA,816.16,25.81,37.06,0.53,0.5,2017-07-31
29002,CACHOEIRA,816.19,26.01,37.35,0.28,0.5,2017-08-01
29002,CACHOEIRA,816.19,26.01,37.35,0.28,0.5,2017-08-01
29002,CACHOEIRA,816.21,26.14,37.53,0.39,0.5,2017-08-02
29002,CACHOEIRA,816.22,26.21,37.63,0.29,0.5,2017-08-03
29002,CACHOEIRA,816.2,26.08,37.44,0.41,0.96,2017-08-04
29002,CACHOEIRA,816.17,25.88,37.16,0.36,1.0,2017-08-05
29002,CACHOEIRA,816.14,25.68,36.88,0.32,1.0,2017-08-06
29002,CACHOEIRA,816.11,25.49,36.59,0.67,1.0,2017-08-07
29002,CACHOEIRA,816.06,25.16,36.12,0.51,1.0,2017-08-08
29002,CACHOEIRA,816.0,24.77,35.56,1.13,1.49,2017-08-09
29002,CACHOEIRA,815.94,24.38,35.01,1.72,1.5,2017-08-10
29002,CACHOEIRA,815.87,23.93,34.36,1.75,1.5,2017-08-11
29002,CACHOEIRA,815.81,23.54,33.8,2.44,1.5,2017-08-12
29002,CACHOEIRA,815.74,23.09,33.16,1.83,1.5,2017-08-13
29002,CACHOEIRA,815.67,22.65,32.52,2.12,1.5,2017-08-14
29002,CACHOEIRA,815.6,22.2,31.88,2.56,1.5,2017-08-15
29002,CACHOEIRA,815.5,21.57,30.97,1.71,1.97,2017-08-16
29002,CACHOEIRA,815.41,21.0,30.15,3.61,2.0,2017-08-17
29002,CACHOEIRA,815.32,20.44,29.34,3.13,2.0,2017-08-18
29002,CACHOEIRA,815.24,19.94,28.63,3.42,2.0,2017-08-19
29002,CACHOEIRA,815.16,19.44,27.91,2.87,1.31,2017-08-20
29002,CACHOEIRA,815.1,19.07,27.38,3.57,1.0,2017-08-21
29002,CACHOEIRA,815.13,19.26,27.65,3.01,1.0,2017-08-22
29002,CACHOEIRA,815.16,19.44,27.91,2.87,1.0,2017-08-23
29002,CACHOEIRA,815.19,19.63,28.18,2.37,1.0,2017-08-24
29002,CACHOEIRA,815.21,19.75,28.36,2.07,1.0,2017-08-25
29002,CACHOEIRA,815.27,20.13,28.9,2.33,1.0,2017-08-26
29002,CACHOEIRA,815.28,20.19,28.99,1.01,1.0,2017-08-27
29002,CACHOEIRA,815.27,20.13,28.9,0.73,1.0,2017-08-28
29002,CACHOEIRA,815.14,19.32,27.74,1.14,1.22,2017-08-29
29002,CACHOEIRA,815.24,19.94,28.63,4.43,1.5,2017-08-30
29002,CACHOEIRA,815.37,20.75,29.79,6.6,1.5,2017-08-31
29002,CACHOEIRA,815.55,21.88,31.42,6.11,1.5,2017-09-01
29002,CACHOEIRA,815.55,21.88,31.42,6.11,1.5,2017-09-01
29002,CACHOEIRA,815.7,22.84,32.79,4.16,1.96,2017-09-02
29002,CACHOEIRA,815.87,23.93,34.36,3.62,2.0,2017-09-03
29002,CACHOEIRA,816.0,24.77,35.56,2.63,2.0,2017-09-04
29002,CACHOEIRA,816.05,25.1,36.03,2.07,2.0,2017-09-05
29002,CACHOEIRA,816.13,25.62,36.78,1.55,2.5,2017-09-06
29002,CACHOEIRA,816.11,25.49,36.59,1.49,2.5,2017-09-07
29002,CACHOEIRA,816.09,25.36,36.41,1.38,2.5,2017-09-08
29002,CACHOEIRA,816.07,25.23,36.22,1.04,2.5,2017-09-09
29002,CACHOEIRA,816.03,24.97,35.84,1.36,2.5,2017-09-10
29002,CACHOEIRA,815.97,24.58,35.28,0.94,2.5,2017-09-11
29002,CACHOEIRA,815.89,24.06,34.54,0.99,2.5,2017-09-12
29002,CACHOEIRA,815.79,23.41,33.62,0.98,3.0,2017-09-13
29002,CACHOEIRA,815.71,22.9,32.88,1.03,3.0,2017-09-14
29002,CACHOEIRA,815.61,22.27,31.97,0.72,3.0,2017-09-15
29002,CACHOEIRA,815.61,22.27,31.97,0.82,3.0,2017-09-16
29002,CACHOEIRA,815.62,22.33,32.06,0.84,3.0,2017-09-17
29002,CACHOEIRA,815.58,22.07,31.69,0.81,3.0,2017-09-18
29002,CACHOEIRA,815.53,21.76,31.24,0.57,3.0,2017-09-19
29002,CACHOEIRA,815.48,21.44,30.79,0.63,3.0,2017-09-20
29002,CACHOEIRA,815.45,21.25,30.52,0.81,3.0,2017-09-21
29002,CACHOEIRA,815.42,21.06,30.24,0.76,3.0,2017-09-22
29002,CACHOEIRA,815.43,21.13,30.33,1.4,3.0,2017-09-23
29002,CACHOEIRA,815.44,21.19,30.42,1.57,3.0,2017-09-24
29002,CACHOEIRA,815.47,21.38,30.7,0.96,3.0,2017-09-25
29002,CACHOEIRA,815.48,21.44,30.79,0.78,3.0,2017-09-26
29002,CACHOEIRA,815.49,21.51,30.88,1.05,3.0,2017-09-27
29002,CACHOEIRA,815.43,21.13,30.33,0.78,3.0,2017-09-28
29002,CACHOEIRA,815.44,21.19,30.42,0.94,3.0,2017-09-29
29002,CACHOEIRA,815.56,21.95,31.51,4.93,3.0,2017-09-30
29002,CACHOEIRA,815.79,23.41,33.62,5.42,3.0,2017-10-01
29002,CACHOEIRA,815.79,23.41,33.62,5.42,3.0,2017-10-01
29002,CACHOEIRA,816.08,25.29,36.31,4.47,2.11,2017-10-02
29002,CACHOEIRA,816.1,25.42,36.5,4.83,1.5,2017-10-03
29002,CACHOEIRA,815.92,24.25,34.82,2.55,1.09,2017-10-04
29002,CACHOEIRA,815.86,23.86,34.26,1.71,1.0,2017-10-05
29002,CACHOEIRA,815.79,23.44,33.65,1.23,1.0,2017-10-06
29002,CACHOEIRA,815.74,23.09,33.16,1.44,1.0,2017-10-07
29002,CACHOEIRA,815.73,23.03,33.07,1.56,1.0,2017-10-08
29002,CACHOEIRA,815.7,22.84,32.79,0.94,1.0,2017-10-09
29002,CACHOEIRA,815.68,22.71,32.61,1.06,1.06,2017-10-10
29002,CACHOEIRA,815.64,22.48,32.28,0.84,2.5,2017-10-11
29002,CACHOEIRA,815.51,21.63,31.06,0.97,2.5,2017-10-12
29002,CACHOEIRA,815.35,20.63,29.61,1.36,3.0,2017-10-13
29002,CACHOEIRA,815.23,19.88,28.54,1.24,3.0,2017-10-14
29002,CACHOEIRA,815.12,19.2,27.56,1.5,3.0,2017-10-15
29002,CACHOEIRA,815.0,18.46,26.5,1.44,3.0,2017-10-16
29002,CACHOEIRA,815.0,18.46,26.5,1.18,3.01,2017-10-17
29002,CACHOEIRA,815.0,18.46,26.5,0.91,3.5,2017-10-18
29002,CACHOEIRA,815.01,18.52,26.59,1.36,3.5,2017-10-19
29002,CACHOEIRA,814.96,18.21,26.15,1.17,3.5,2017-10-20
29002,CACHOEIRA,814.9,17.84,25.62,0.61,3.5,2017-10-21
29002,CACHOEIRA,814.82,17.36,24.92,0.66,3.5,2017-10-22
29002,CACHOEIRA,814.69,16.57,23.79,1.14,3.5,2017-10-23
29002,CACHOEIRA,814.66,16.39,23.53,1.01,3.5,2017-10-24
29002,CACHOEIRA,814.61,16.09,23.1,0.86,3.5,2017-10-25
29002,CACHOEIRA,814.63,16.21,23.27,1.83,3.5,2017-10-26
29002,CACHOEIRA,814.86,17.6,25.27,1.81,2.31,2017-10-27
29002,CACHOEIRA,814.92,17.97,25.79,2.27,1.46,2017-10-28
29002,CACHOEIRA,814.84,17.48,25.09,1.48,1.0,2017-10-29
29002,CACHOEIRA,814.73,16.81,24.14,1.18,1.0,2017-10-30
29002,CACHOEIRA,814.7,16.63,23.88,1.47,1.0,2017-10-31
29002,CACHOEIRA,814.67,16.45,23.62,1.28,1.0,2017-11-01
29002,CACHOEIRA,814.67,16.45,23.62,1.28,1.0,2017-11-01
29002,CACHOEIRA,814.68,16.51,23.7,0.95,1.0,2017-11-02
29002,CACHOEIRA,814.67,16.45,23.62,1.05,2.0,2017-11-03
29002,CACHOEIRA,814.66,16.39,23.53,1.02,2.02,2017-11-04
29002,CACHOEIRA,814.65,16.33,23.44,2.1,3.0,2017-11-05
29002,CACHOEIRA,814.64,16.27,23.36,2.38,3.0,2017-11-06
29002,CACHOEIRA,814.6,16.03,23.01,1.57,3.0,2017-11-07
29002,CACHOEIRA,814.54,15.67,22.49,1.13,3.0,2017-11-08
29002,CACHOEIRA,814.62,16.15,23.18,0.89,3.0,2017-11-09
29002,CACHOEIRA,814.89,17.78,25.53,3.72,2.63,2017-11-10
29002,CACHOEIRA,815.13,19.26,27.65,9.46,2.1,2017-11-11
29002,CACHOEIRA,815.33,20.5,29.43,6.13,1.19,2017-11-12
29002,CACHOEIRA,815.51,21.63,31.06,5.13,1.0,2017-11-13
29002,CACHOEIRA,815.67,22.65,32.52,6.75,1.0,2017-11-14
29002,CACHOEIRA,815.8,23.48,33.71,3.93,1.0,2017-11-15
29002,CACHOEIRA,815.92,24.25,34.82,2.7,1.0,2017-11-16
29002,CACHOEIRA,816.0,24.77,35.56,2.44,1.96,2017-11-17
29002,CACHOEIRA,816.1,25.42,36.5,4.83,2.0,2017-11-18
29002,CACHOEIRA,816.2,26.08,37.44,5.5,2.0,2017-11-19
29002,CACHOEIRA,816.33,26.93,38.67,8.94,1.21,2017-11-20
29002,CACHOEIRA,816.42,27.53,39.53,5.75,1.0,2017-11-21
29002,CACHOEIRA,816.47,27.86,40.01,5.43,0.6,2017-11-22
29002,CACHOEIRA,816.6,28.73,41.26,11.14,0.5,2017-11-23
29002,CACHOEIRA,816.72,29.54,42.42,9.87,0.5,2017-11-24
29002,CACHOEIRA,816.66,29.14,41.84,4.91,0.5,2017-11-25
29002,CACHOEIRA,816.58,28.6,41.06,3.31,0.5,2017-11-26
29002,CACHOEIRA,816.48,27.93,40.1,2.82,0.5,2017-11-27
29002,CACHOEIRA,816.39,27.33,39.24,3.59,0.5,2017-11-28
29002,CACHOEIRA,816.29,26.67,38.29,2.82,0.5,2017-11-29
29002,CACHOEIRA,816.19,26.01,37.35,2.81,0.5,2017-11-30
29002,CACHOEIRA,816.08,25.29,36.31,2.04,0.5,2017-12-01
29002,CACHOEIRA,816.08,25.29,36.31,2.04,0.5,2017-12-01
29002,CACHOEIRA,815.84,23.74,34.08,1.43,0.68,2017-12-02
29002,CACHOEIRA,815.59,22.14,31.79,1.98,1.0,2017-12-03
29002,CACHOEIRA,815.36,20.69,29.7,3.38,1.0,2017-12-04
29002,CACHOEIRA,815.11,19.13,27.47,1.85,1.0,2017-12-05
29002,CACHOEIRA,815.09,19.01,27.29,2.11,2.47,2017-12-06
29002,CACHOEIRA,815.08,18.95,27.21,1.93,2.94,2017-12-07
29002,CACHOEIRA,815.06,18.82,27.03,2.23,3.5,2017-12-08
29002,CACHOEIRA,815.07,18.89,27.12,3.47,3.5,2017-12-09
29002,CACHOEIRA,815.05,18.76,26.94,2.37,3.5,2017-12-10
29002,CACHOEIRA,815.0,18.46,26.5,1.48,3.5,2017-12-11
29002,CACHOEIRA,814.98,18.33,26.32,1.99,3.5,2017-12-12
29002,CACHOEIRA,814.96,18.21,26.15,1.77,3.5,2017-12-13
29002,CACHOEIRA,814.93,18.03,25.88,2.05,3.5,2017-12-14
29002,CACHOEIRA,814.92,17.97,25.79,1.23,3.5,2017-12-15
29002,CACHOEIRA,814.89,17.78,25.53,1.18,3.5,2017-12-16
29002,CACHOEIRA,814.86,17.6,25.27,1.12,3.5,2017-12-17
29002,CACHOEIRA,814.82,17.36,24.92,1.08,3.5,2017-12-18
29002,CACHOEIRA,814.9,17.84,25.62,6.18,3.5,2017-12-19
29002,CACHOEIRA,815.0,18.46,26.5,6.53,2.38,2017-12-20
29002,CACHOEIRA,815.04,18.7,26.85,3.91,2.0,2017-12-21
29002,CACHOEIRA,815.23,19.88,28.54,6.08,1.56,2017-12-22
29002,CACHOEIRA,815.25,20.0,28.72,4.94,1.0,2017-12-23
29002,CACHOEIRA,815.22,19.81,28.45,3.2,1.0,2017-12-24
29002,CACHOEIRA,815.18,19.57,28.09,2.64,1.0,2017-12-25
29002,CACHOEIRA,815.15,19.38,27.83,3.36,1.0,2017-12-26
29002,CACHOEIRA,815.27,20.13,28.9,2.64,1.0,2017-12-27
29002,CACHOEIRA,815.39,20.88,29.97,1.7,1.0,2017-12-28
29002,CACHOEIRA,815.51,21.63,31.06,1.47,1.0,2017-12-29
29002,CACHOEIRA,815.49,21.51,30.88,2.77,0.66,2017-12-30
29002,CACHOEIRA,815.51,21.63,31.06,7.06,0.5,2017-12-31
29002,CACHOEIRA,815.57,22.01,31.6,9.35,0.5,2018-01-01
29002,CACHOEIRA,815.57,22.01,31.6,9.35,0.5,2018-01-01
29002,CACHOEIRA,815.61,22.27,31.97,7.69,0.5,2018-01-02
29002,CACHOEIRA,815.57,22.01,31.6,4.55,0.3,2018-01-03
29002,CACHOEIRA,815.53,21.76,31.24,4.5,0.2,2018-01-04
29002,CACHOEIRA,815.48,21.44,30.79,3.74,0.2,2018-01-05
29002,CACHOEIRA,815.42,21.06,30.24,2.97,0.2,2018-01-06
29002,CACHOEIRA,815.4,20.94,30.06,5.7,0.2,2018-01-07
29002,CACHOEIRA,815.58,22.07,31.69,20.68,1.03,2018-01-08
29002,CACHOEIRA,815.89,24.06,34.54,24.38,0.2,2018-01-09
29002,CACHOEIRA,816.09,25.36,36.41,15.23,0.2,2018-01-10
29002,CACHOEIRA,816.22,26.21,37.63,10.06,0.2,2018-01-11
29002,CACHOEIRA,816.44,27.66,39.72,17.05,0.2,2018-01-12
29002,CACHOEIRA,816.59,28.67,41.16,11.81,0.2,2018-01-13
29002,CACHOEIRA,816.67,29.21,41.93,6.43,0.2,2018-01-14
29002,CACHOEIRA,816.75,29.75,42.71,6.46,0.2,2018-01-15
29002,CACHOEIRA,816.55,28.4,40.77,4.29,0.2,2018-01-16
29002,CACHOEIRA,816.32,26.87,38.58,7.04,0.2,2018-01-17
29002,CACHOEIRA,816.07,25.23,36.22,5.4,0.2,2018-01-18
29002,CACHOEIRA,815.92,24.25,34.82,4.59,0.2,2018-01-19
29002,CACHOEIRA,815.87,23.93,34.36,9.91,0.2,2018-01-20
29002,CACHOEIRA,815.85,23.8,34.17,11.66,0.2,2018-01-21
29002,CACHOEIRA,815.77,23.29,33.43,6.96,0.2,2018-01-22
29002,CACHOEIRA,815.73,23.03,33.07,9.64,0.2,2018-01-23
29002,CACHOEIRA,815.65,22.52,32.33,6.24,0.2,2018-01-24
29002,CACHOEIRA,815.76,23.22,33.34,19.96,0.2,2018-01-25
29002,CACHOEIRA,815.72,22.97,32.97,8.32,0.2,2018-01-26
29002,CACHOEIRA,815.72,22.97,32.97,10.64,0.2,2018-01-27
29002,CACHOEIRA,815.77,23.29,33.43,13.9,0.2,2018-01-28
29002,CACHOEIRA,815.83,23.67,33.99,14.85,0.2,2018-01-29
29002,CACHOEIRA,816.07,25.23,36.22,27.3,0.2,2018-01-30
29002,CACHOEIRA,816.33,26.93,38.67,29.81,0.2,2018-01-31
29002,CACHOEIRA,816.43,27.6,39.62,17.07,0.2,2018-02-01
29002,CACHOEIRA,816.43,27.6,39.62,17.07,0.2,2018-02-01
29002,CACHOEIRA,816.45,27.73,39.81,10.94,0.2,2018-02-02
29002,CACHOEIRA,816.44,27.66,39.72,8.61,0.2,2018-02-03
29002,CACHOEIRA,816.42,27.53,39.53,7.83,0.2,2018-02-04
29002,CACHOEIRA,816.38,27.27,39.15,6.28,0.2,2018-02-05
29002,CACHOEIRA,816.14,25.68,36.88,4.53,0.2,2018-02-06
29002,CACHOEIRA,815.87,23.93,34.36,4.44,0.2,2018-02-07
29002,CACHOEIRA,815.61,22.27,31.97,5.15,0.2,2018-02-08
29002,CACHOEIRA,815.33,20.5,29.43,3.71,0.58,2018-02-09
29002,CACHOEIRA,815.27,20.13,28.9,4.63,2.31,2018-02-10
29002,CACHOEIRA,815.29,20.25,29.08,1.85,2.0,2018-02-11
29002,CACHOEIRA,815.3,20.31,29.16,2.36,2.0,2018-02-12
29002,CACHOEIRA,815.32,20.44,29.34,2.6,0.67,2018-02-13
29002,CACHOEIRA,815.34,20.56,29.52,2.77,0.4,2018-02-14
29002,CACHOEIRA,815.37,20.75,29.79,3.51,0.4,2018-02-15
29002,CACHOEIRA,815.4,20.94,30.06,3.62,0.4,2018-02-16
29002,CACHOEIRA,815.44,21.19,30.42,4.42,0.4,2018-02-17
29002,CACHOEIRA,815.47,21.38,30.7,3.68,0.4,2018-02-18
29002,CACHOEIRA,815.52,21.7,31.15,4.29,0.4,2018-02-19
29002,CACHOEIRA,815.56,21.95,31.51,3.21,0.4,2018-02-20
29002,CACHOEIRA,815.61,22.27,31.97,3.65,0.4,2018-02-21
29002,CACHOEIRA,815.64,22.46,32.24,2.01,0.4,2018-02-22
29002,CACHOEIRA,815.67,22.65,32.52,2.3,0.4,2018-02-23
29002,CACHOEIRA,815.7,22.84,32.79,2.43,0.4,2018-02-24
29002,CACHOEIRA,815.71,22.9,32.88,1.19,0.4,2018-02-25
29002,CACHOEIRA,815.72,22.97,32.97,1.43,0.4,2018-02-26
29002,CACHOEIRA,815.89,24.06,34.54,13.23,0.3,2018-02-27
29002,CACHOEIRA,815.85,23.8,34.17,6.29,0.2,2018-02-28
29002,CACHOEIRA,815.79,23.41,33.62,5.8,0.2,2018-03-01
29002,CACHOEIRA,815.79,23.41,33.62,5.8,0.2,2018-03-01
29002,CACHOEIRA,815.75,23.16,33.25,7.28,0.2,2018-03-02
29002,CACHOEIRA,815.79,23.41,33.62,13.63,0.2,2018-03-03
29002,CACHOEIRA,815.77,23.29,33.43,7.54,0.2,2018-03-04
29002,CACHOEIRA,815.73,23.03,33.07,5.78,0.2,2018-03-05
29002,CACHOEIRA,815.92,24.25,34.82,8.91,0.2,2018-03-06
29002,CACHOEIRA,816.15,25.75,36.97,4.52,0.2,2018-03-07
29002,CACHOEIRA,816.35,27.07,38.86,2.37,0.2,2018-03-08
29002,CACHOEIRA,816.35,27.1,38.91,4.41,0.2,2018-03-09
29002,CACHOEIRA,816.35,27.07,38.86,4.25,0.2,2018-03-10
29002,CACHOEIRA,816.34,27.0,38.77,4.28,0.2,2018-03-11
29002,CACHOEIRA,816.31,26.8,38.48,2.7,0.2,2018-03-12
29002,CACHOEIRA,816.27,26.54,38.1,2.14,0.2,2018-03-13
29002,CACHOEIRA,816.22,26.21,37.63,4.14,1.0,2018-03-14
29002,CACHOEIRA,816.16,25.81,37.06,4.0,1.0,2018-03-15
29002,CACHOEIRA,816.1,25.42,36.5,3.3,0.33,2018-03-16
29002,CACHOEIRA,816.1,25.42,36.5,7.79,0.2,2018-03-17
29002,CACHOEIRA,816.1,25.42,36.5,7.97,0.2,2018-03-18
29002,CACHOEIRA,816.05,25.1,36.03,4.31,0.2,2018-03-19
29002,CACHOEIRA,815.99,24.71,35.47,3.59,0.2,2018-03-20
29002,CACHOEIRA,815.95,24.45,35.1,5.1,0.2,2018-03-21
29002,CACHOEIRA,816.31,26.8,38.48,8.31,0.2,2018-03-22
29002,CACHOEIRA,816.57,28.53,40.97,7.63,0.2,2018-03-23
29002,CACHOEIRA,816.65,29.07,41.74,2.63,0.2,2018-03-24
29002,CACHOEIRA,816.71,29.48,42.32,2.01,0.2,2018-03-25
29002,CACHOEIRA,816.74,29.68,42.61,2.49,0.2,2018-03-26
29002,CACHOEIRA,816.79,30.02,43.1,3.6,0.2,2018-03-27
29002,CACHOEIRA,816.87,30.56,43.88,6.08,0.2,2018-03-28
29002,CACHOEIRA,816.89,30.7,44.08,5.83,0.2,2018-03-29
29002,CACHOEIRA,816.89,30.7,44.08,4.69,0.2,2018-03-30
29002,CACHOEIRA,816.88,30.63,43.98,3.82,0.2,2018-03-31
29002,CACHOEIRA,816.89,30.7,44.08,5.51,0.2,2018-04-01
29002,CACHOEIRA,816.89,30.7,44.08,5.51,0.2,2018-04-01
29002,CACHOEIRA,816.91,30.84,44.27,6.29,0.2,2018-04-02
29002,CACHOEIRA,816.91,30.84,44.27,4.7,0.2,2018-04-03
29002,CACHOEIRA,816.93,30.97,44.47,6.27,0.2,2018-04-04
29002,CACHOEIRA,816.94,31.04,44.57,5.48,0.2,2018-04-05
29002,CACHOEIRA,816.71,29.48,42.32,2.93,0.2,2018-04-06
29002,CACHOEIRA,816.44,27.66,39.72,2.74,0.2,2018-04-07
29002,CACHOEIRA,816.18,25.95,37.25,2.45,0.2,2018-04-08
29002,CACHOEIRA,815.91,24.19,34.73,2.17,0.2,2018-04-09
29002,CACHOEIRA,815.92,24.25,34.82,2.75,0.2,2018-04-10
29002,CACHOEIRA,815.95,24.45,35.1,3.01,1.5,2018-04-11
29002,CACHOEIRA,815.99,24.74,35.52,2.75,1.5,2018-04-12
29002,CACHOEIRA,816.03,24.97,35.84,2.97,1.5,2018-04-13
29002,CACHOEIRA,816.06,25.16,36.12,3.73,2.5,2018-04-14
29002,CACHOEIRA,816.08,25.29,36.31,3.31,2.5,2018-04-15
29002,CACHOEIRA,816.09,25.36,36.41,3.06,2.5,2018-04-16
29002,CACHOEIRA,816.14,25.68,36.88,2.6,2.5,2018-04-17
29002,CACHOEIRA,816.2,26.08,37.44,3.67,2.5,2018-04-18
29002,CACHOEIRA,816.24,26.34,37.82,2.76,2.5,2018-04-19
29002,CACHOEIRA,816.27,26.54,38.1,2.64,2.5,2018-04-20
29002,CACHOEIRA,816.29,26.67,38.29,2.5,2.5,2018-04-21
29002,CACHOEIRA,816.3,26.74,38.39,2.66,2.5,2018-04-22
29002,CACHOEIRA,816.31,26.8,38.48,3.19,2.5,2018-04-23
29002,CACHOEIRA,816.33,26.93,38.67,2.51,2.5,2018-04-24
29002,CACHOEIRA,816.35,27.07,38.86,2.47,2.5,2018-04-25
29002,CACHOEIRA,816.41,27.46,39.43,1.04,2.5,2018-04-26
29002,CACHOEIRA,816.48,27.93,40.1,3.36,2.5,2018-04-27
29002,CACHOEIRA,816.54,28.33,40.68,2.05,2.5,2018-04-28
29002,CACHOEIRA,816.59,28.67,41.16,2.44,2.5,2018-04-29
29002,CACHOEIRA,816.62,28.87,41.45,2.17,2.5,2018-04-30
29002,CACHOEIRA,816.65,29.07,41.74,2.74,2.5,2018-05-01
29002,CACHOEIRA,816.65,29.07,41.74,2.74,2.5,2018-05-01
29002,CACHOEIRA,816.67,29.21,41.93,2.03,2.5,2018-05-02
29002,CACHOEIRA,816.68,29.27,42.03,2.58,2.5,2018-05-03
29002,CACHOEIRA,816.67,29.21,41.93,2.74,2.82,2018-05-04
29002,CACHOEIRA,816.66,29.14,41.84,2.02,3.0,2018-05-05
29002,CACHOEIRA,816.64,29.0,41.64,1.99,3.0,2018-05-06
29002,CACHOEIRA,816.62,28.87,41.45,2.59,3.0,2018-05-07
29002,CACHOEIRA,816.59,28.67,41.16,1.35,3.0,2018-05-08
29002,CACHOEIRA,816.55,28.4,40.77,1.65,3.0,2018-05-09
29002,CACHOEIRA,816.5,28.06,40.29,0.93,3.0,2018-05-10
29002,CACHOEIRA,816.45,27.73,39.81,1.53,3.0,2018-05-11
29002,CACHOEIRA,816.4,27.4,39.34,3.3,3.0,2018-05-12
29002,CACHOEIRA,816.34,27.0,38.77,2.7,3.0,2018-05-13
29002,CACHOEIRA,816.28,26.6,38.2,2.73,3.0,2018-05-14
29002,CACHOEIRA,816.21,26.14,37.53,2.39,3.0,2018-05-15
29002,CACHOEIRA,816.14,25.68,36.88,2.54,3.0,2018-05-16
29002,CACHOEIRA,816.12,25.55,36.69,2.71,3.0,2018-05-17
29002,CACHOEIRA,816.11,25.49,36.59,3.14,3.0,2018-05-18
29002,CACHOEIRA,816.1,25.42,36.5,3.04,3.0,2018-05-19
29002,CACHOEIRA,816.1,25.42,36.5,4.4,3.0,2018-05-20
29002,CACHOEIRA,816.09,25.36,36.41,3.7,3.0,2018-05-21
29002,CACHOEIRA,816.06,25.16,36.12,1.93,3.0,2018-05-22
29002,CACHOEIRA,816.03,24.97,35.84,2.04,3.0,2018-05-23
29002,CACHOEIRA,816.0,24.77,35.56,2.4,3.0,2018-05-24
29002,CACHOEIRA,816.01,24.84,35.66,2.5,3.0,2018-05-25
29002,CACHOEIRA,816.02,24.9,35.75,1.38,3.0,2018-05-26
29002,CACHOEIRA,816.02,24.9,35.75,2.78,3.0,2018-05-27
29002,CACHOEIRA,816.02,24.9,35.75,2.57,3.0,2018-05-28
29002,CACHOEIRA,816.0,24.77,35.56,2.08,3.0,2018-05-29
29002,CACHOEIRA,815.98,24.64,35.38,2.41,3.0,2018-05-30
29002,CACHOEIRA,816.01,24.84,35.66,2.23,3.0,2018-05-31
29002,CACHOEIRA,816.06,25.16,36.12,1.35,3.0,2018-06-01
29002,CACHOEIRA,816.06,25.16,36.12,1.35,3.0,2018-06-01
29002,CACHOEIRA,816.09,25.36,36.41,2.65,3.0,2018-06-02
29002,CACHOEIRA,816.12,25.55,36.69,2.86,3.0,2018-06-03
29002,CACHOEIRA,816.14,25.68,36.88,2.16,3.0,2018-06-04
29002,CACHOEIRA,816.07,25.23,36.22,1.88,3.0,2018-06-05
29002,CACHOEIRA,816.03,24.97,35.84,2.5,3.0,2018-06-06
29002,CACHOEIRA,816.08,25.29,36.31,4.33,3.0,2018-06-07
29002,CACHOEIRA,816.25,26.41,37.91,5.56,3.0,2018-06-08
29002,CACHOEIRA,816.31,26.8,38.48,5.38,3.0,2018-06-09
29002,CACHOEIRA,816.31,26.8,38.48,3.0,3.0,2018-06-10
29002,CACHOEIRA,816.31,26.8,38.48,3.0,3.0,2018-06-11
29002,CACHOEIRA,816.31,26.8,38.48,2.74,2.74,2018-06-12
29002,CACHOEIRA,816.3,26.74,38.39,1.74,2.5,2018-06-13
29002,CACHOEIRA,816.3,26.74,38.39,2.5,2.5,2018-06-14
29002,CACHOEIRA,816.3,26.74,38.39,2.5,2.5,2018-06-15
29002,CACHOEIRA,816.29,26.67,38.29,1.74,2.5,2018-06-16
29002,CACHOEIRA,816.29,26.67,38.29,2.5,2.5,2018-06-17
29002,CACHOEIRA,816.29,26.67,38.29,2.5,2.5,2018-06-18
29002,CACHOEIRA,816.28,26.6,38.2,1.74,2.5,2018-06-19
29002,CACHOEIRA,816.28,26.6,38.2,2.99,2.99,2018-06-20
29002,CACHOEIRA,816.27,26.54,38.1,2.24,3.0,2018-06-21
29002,CACHOEIRA,816.26,26.47,38.01,2.25,3.01,2018-06-22
29002,CACHOEIRA,816.25,26.41,37.91,2.74,3.5,2018-06-23
29002,CACHOEIRA,816.23,26.27,37.72,1.98,3.5,2018-06-24
29002,CACHOEIRA,816.22,26.21,37.63,2.74,3.5,2018-06-25
29002,CACHOEIRA,816.2,26.08,37.44,1.98,3.5,2018-06-26
29002,CACHOEIRA,816.19,26.01,37.35,2.74,3.5,2018-06-27
29002,CACHOEIRA,816.18,25.95,37.25,2.74,3.5,2018-06-28
29002,CACHOEIRA,816.16,25.81,37.06,1.98,3.5,2018-06-29
29002,CACHOEIRA,816.14,25.68,36.88,1.98,3.5,2018-06-30
29002,CACHOEIRA,816.13,25.62,36.78,2.74,3.5,2018-07-01
29002,CACHOEIRA,816.13,25.62,36.78,2.74,3.5,2018-07-01
29002,CACHOEIRA,816.11,25.49,36.59,1.99,3.5,2018-07-02
29002,CACHOEIRA,816.09,25.36,36.41,1.99,3.5,2018-07-03
29002,CACHOEIRA,816.08,25.29,36.31,2.74,3.5,2018-07-04
29002,CACHOEIRA,816.07,25.23,36.22,2.75,3.5,2018-07-05
29002,CACHOEIRA,815.76,23.22,33.34,1.01,3.5,2018-07-06
29002,CACHOEIRA,815.74,23.09,33.16,0.3,3.5,2018-07-07
29002,CACHOEIRA,815.79,23.41,33.62,0.33,3.5,2018-07-08
29002,CACHOEIRA,815.84,23.74,34.08,0.29,3.5,2018-07-09
29002,CACHOEIRA,815.89,24.06,34.54,0.52,3.5,2018-07-10
29002,CACHOEIRA,815.86,23.86,34.26,1.22,3.5,2018-07-11
29002,CACHOEIRA,815.82,23.61,33.89,1.18,4.0,2018-07-12
29002,CACHOEIRA,815.65,22.52,32.33,1.82,4.0,2018-07-13
29002,CACHOEIRA,815.46,21.32,30.61,1.37,4.0,2018-07-14
29002,CACHOEIRA,815.26,20.06,28.81,1.08,4.0,2018-07-15
29002,CACHOEIRA,815.06,18.82,27.03,1.24,4.0,2018-07-16
29002,CACHOEIRA,814.95,18.15,26.06,1.97,4.0,2018-07-17
29002,CACHOEIRA,814.88,17.72,25.44,2.22,4.0,2018-07-18
29002,CACHOEIRA,814.81,17.3,24.83,2.23,4.0,2018-07-19
29002,CACHOEIRA,814.73,16.81,24.14,1.54,4.0,2018-07-20
29002,CACHOEIRA,814.65,16.33,23.44,1.55,4.0,2018-07-21
29002,CACHOEIRA,814.56,15.79,22.67,0.86,4.0,2018-07-22
29002,CACHOEIRA,814.48,15.31,21.98,1.57,4.0,2018-07-23
29002,CACHOEIRA,814.3,14.24,20.45,1.7,4.0,2018-07-24
29002,CACHOEIRA,814.03,12.66,18.17,1.42,4.0,2018-07-25
29002,CACHOEIRA,814.05,12.77,18.34,1.31,4.0,2018-07-26
29002,CACHOEIRA,813.89,11.85,17.01,0.75,4.0,2018-07-27
29002,CACHOEIRA,813.61,10.24,14.7,0.41,4.0,2018-07-28
29002,CACHOEIRA,813.33,8.66,12.43,0.65,4.0,2018-07-29
29002,CACHOEIRA,813.05,7.1,10.19,0.46,4.0,2018-07-30
29002,CACHOEIRA,812.79,5.67,8.14,1.48,4.0,2018-07-31
29002,CACHOEIRA,812.7,5.18,7.44,4.8,3.27,2018-08-01
29002,CACHOEIRA,812.7,5.18,7.44,4.8,3.27,2018-08-01
29002,CACHOEIRA,812.71,5.24,7.52,2.31,3.0,2018-08-02
29002,CACHOEIRA,812.72,5.29,7.6,3.5,3.0,2018-08-03
29002,CACHOEIRA,812.87,6.11,8.77,6.24,1.63,2018-08-04
29002,CACHOEIRA,813.15,7.65,10.99,4.96,1.0,2018-08-05
29002,CACHOEIRA,813.4,9.05,12.99,3.71,1.0,2018-08-06
29002,CACHOEIRA,813.42,9.19,13.2,4.51,0.61,2018-08-07
29002,CACHOEIRA,813.34,8.71,12.51,2.94,0.5,2018-08-08
29002,CACHOEIRA,813.21,7.96,11.43,3.58,0.5,2018-08-09
29002,CACHOEIRA,813.04,7.04,10.11,1.71,0.5,2018-08-10
29002,CACHOEIRA,813.04,7.04,10.11,1.6,0.5,2018-08-11
29002,CACHOEIRA,813.04,7.04,10.11,0.5,1.07,2018-08-12
29002,CACHOEIRA,813.01,6.89,9.89,0.41,3.0,2018-08-13
29002,CACHOEIRA,813.04,7.07,10.14,0.89,3.0,2018-08-14
29002,CACHOEIRA,813.08,7.26,10.43,1.5,3.0,2018-08-15
29002,CACHOEIRA,813.07,7.21,10.35,1.4,4.0,2018-08-16
29002,CACHOEIRA,812.98,6.71,9.64,0.75,4.5,2018-08-17
29002,CACHOEIRA,812.95,6.55,9.4,0.81,4.5,2018-08-18
29002,CACHOEIRA,812.94,6.49,9.32,0.5,4.5,2018-08-19
29002,CACHOEIRA,812.92,6.4,9.2,0.27,4.29,2018-08-20
29002,CACHOEIRA,812.91,6.35,9.12,0.36,4.0,2018-08-21
29002,CACHOEIRA,812.91,6.34,9.1,0.41,3.29,2018-08-22
29002,CACHOEIRA,812.91,6.31,9.05,0.5,3.5,2018-08-23
29002,CACHOEIRA,812.93,6.47,9.28,0.65,3.5,2018-08-24
29002,CACHOEIRA,813.01,6.88,9.88,1.3,3.5,2018-08-25
29002,CACHOEIRA,813.13,7.54,10.83,1.67,3.29,2018-08-26
29002,CACHOEIRA,813.25,8.21,11.79,1.85,3.0,2018-08-27
29002,CACHOEIRA,813.27,8.32,11.95,1.17,3.0,2018-08-28
29002,CACHOEIRA,813.35,8.77,12.59,1.2,3.0,2018-08-29
29002,CACHOEIRA,813.41,9.11,13.08,1.02,3.0,2018-08-30
29002,CACHOEIRA,813.45,9.33,13.39,1.24,3.0,2018-08-31
29002,CACHOEIRA,813.47,9.45,13.56,2.07,3.0,2018-09-01
29002,CACHOEIRA,813.47,9.45,13.56,2.07,3.0,2018-09-01
29002,CACHOEIRA,813.48,9.5,13.64,2.3,3.0,2018-09-02
29002,CACHOEIRA,813.49,9.55,13.72,2.4,3.0,2018-09-03
29002,CACHOEIRA,813.48,9.5,13.64,0.52,3.0,2018-09-04
29002,CACHOEIRA,813.34,8.71,12.51,1.33,4.0,2018-09-05
29002,CACHOEIRA,813.39,8.99,12.91,2.05,4.0,2018-09-06
29002,CACHOEIRA,813.51,9.68,13.9,0.99,4.0,2018-09-07
29002,CACHOEIRA,813.6,10.18,14.62,1.21,4.0,2018-09-08
29002,CACHOEIRA,813.67,10.58,15.19,1.04,4.0,2018-09-09
29002,CACHOEIRA,813.73,10.92,15.69,1.07,4.0,2018-09-10
29002,CACHOEIRA,813.78,11.21,16.1,0.98,4.0,2018-09-11
29002,CACHOEIRA,813.82,11.44,16.43,1.07,4.0,2018-09-12
29002,CACHOEIRA,813.85,11.64,16.72,1.91,4.0,2018-09-13
29002,CACHOEIRA,813.85,11.61,16.68,1.25,4.0,2018-09-14
29002,CACHOEIRA,813.83,11.5,16.51,1.98,3.77,2018-09-15
29002,CACHOEIRA,813.83,11.5,16.51,2.94,3.5,2018-09-16
29002,CACHOEIRA,813.83,11.47,16.47,2.76,3.05,2018-09-17
29002,CACHOEIRA,813.79,11.3,16.22,2.7,2.5,2018-09-18
29002,CACHOEIRA,813.76,11.1,15.93,1.93,2.5,2018-09-19
29002,CACHOEIRA,813.77,11.15,16.01,2.96,2.5,2018-09-20
29002,CACHOEIRA,813.78,11.18,16.06,2.93,2.5,2018-09-21
29002,CACHOEIRA,813.74,10.98,15.77,1.97,2.5,2018-09-22
29002,CACHOEIRA,813.69,10.7,15.36,1.1,2.5,2018-09-23
29002,CACHOEIRA,813.63,10.35,14.87,1.62,2.5,2018-09-24
29002,CACHOEIRA,813.55,9.93,14.25,1.38,2.5,2018-09-25
29002,CACHOEIRA,813.47,9.45,13.56,2.15,3.5,2018-09-26
29002,CACHOEIRA,813.39,8.97,12.87,2.35,3.5,2018-09-27
29002,CACHOEIRA,813.32,8.57,12.31,2.44,4.0,2018-09-28
29002,CACHOEIRA,813.29,8.43,12.11,1.86,4.0,2018-09-29
29002,CACHOEIRA,813.27,8.32,11.95,1.46,4.0,2018-09-30
29002,CACHOEIRA,813.29,8.43,12.11,3.26,4.0,2018-10-01
29002,CACHOEIRA,813.29,8.43,12.11,3.26,4.0,2018-10-01
29002,CACHOEIRA,813.27,8.32,11.95,4.22,3.73,2018-10-02
29002,CACHOEIRA,813.25,8.21,11.79,2.93,3.5,2018-10-03
29002,CACHOEIRA,813.23,8.1,11.63,1.99,3.5,2018-10-04
29002,CACHOEIRA,813.2,7.93,11.39,2.15,3.5,2018-10-05
29002,CACHOEIRA,813.2,7.93,11.39,0.5,3.5,2018-10-06
29002,CACHOEIRA,813.22,8.01,11.51,3.12,3.5,2018-10-07
29002,CACHOEIRA,813.22,8.07,11.59,3.19,3.5,2018-10-08
29002,CACHOEIRA,813.3,8.49,12.19,7.33,3.5,2018-10-09
29002,CACHOEIRA,813.42,9.16,13.16,6.09,2.21,2018-10-10
29002,CACHOEIRA,813.48,9.5,13.64,5.07,1.13,2018-10-11
29002,CACHOEIRA,813.52,9.73,13.97,3.81,1.0,2018-10-12
29002,CACHOEIRA,813.58,10.07,14.46,5.06,1.0,2018-10-13
29002,CACHOEIRA,813.63,10.35,14.87,4.05,1.0,2018-10-14
29002,CACHOEIRA,813.68,10.64,15.27,4.0,1.0,2018-10-15
29002,CACHOEIRA,813.67,10.58,15.19,3.88,1.0,2018-10-16
29002,CACHOEIRA,813.65,10.47,15.03,4.05,1.04,2018-10-17
29002,CACHOEIRA,813.67,10.58,15.19,7.48,1.83,2018-10-18
29002,CACHOEIRA,813.7,10.75,15.44,7.3,1.0,2018-10-19
29002,CACHOEIRA,813.65,10.47,15.03,3.32,0.59,2018-10-20
29002,CACHOEIRA,813.6,10.21,14.65,3.39,0.5,2018-10-21
29002,CACHOEIRA,813.54,9.84,14.13,1.41,0.5,2018-10-22
29002,CACHOEIRA,813.39,8.99,12.91,1.71,0.56,2018-10-23
29002,CACHOEIRA,813.22,8.04,11.55,3.23,2.08,2018-10-24
29002,CACHOEIRA,813.21,7.99,11.47,4.02,4.0,2018-10-25
29002,CACHOEIRA,813.22,8.04,11.55,4.49,4.0,2018-10-26
29002,CACHOEIRA,813.24,8.15,11.71,4.56,3.23,2018-10-27
29002,CACHOEIRA,813.25,8.21,11.79,3.95,3.0,2018-10-28
29002,CACHOEIRA,813.24,8.15,11.71,3.2,3.0,2018-10-29
29002,CACHOEIRA,813.35,8.75,12.57,3.03,3.0,2018-10-30
29002,CACHOEIRA,813.48,9.5,13.64,3.9,3.0,2018-10-31
29002,CACHOEIRA,813.6,10.18,14.62,3.62,3.0,2018-11-01
29002,CACHOEIRA,813.6,10.18,14.62,3.62,3.0,2018-11-01
29002,CACHOEIRA,813.62,10.3,14.78,2.03,3.0,2018-11-02
29002,CACHOEIRA,813.63,10.34,14.85,2.74,3.0,2018-11-03
29002,CACHOEIRA,813.66,10.52,15.11,5.35,3.0,2018-11-04
29002,CACHOEIRA,813.74,10.98,15.77,8.6,3.0,2018-11-05
29002,CACHOEIRA,813.77,11.15,16.01,5.31,3.0,2018-11-06
29002,CACHOEIRA,813.79,11.27,16.18,4.78,3.0,2018-11-07
29002,CACHOEIRA,813.82,11.44,16.43,5.36,3.0,2018-11-08
29002,CACHOEIRA,813.87,11.73,16.84,6.87,3.0,2018-11-09
29002,CACHOEIRA,813.96,12.25,17.59,9.63,3.0,2018-11-10
29002,CACHOEIRA,814.02,12.6,18.09,7.77,3.0,2018-11-11
29002,CACHOEIRA,814.06,12.83,18.42,6.02,3.0,2018-11-12
29002,CACHOEIRA,814.05,12.76,18.32,6.51,3.0,2018-11-13
29002,CACHOEIRA,813.99,12.42,17.84,3.31,3.0,2018-11-14
29002,CACHOEIRA,813.92,12.02,17.26,2.93,3.0,2018-11-15
29002,CACHOEIRA,813.84,11.56,16.59,2.64,3.0,2018-11-16
29002,CACHOEIRA,813.76,11.1,15.93,1.96,3.0,2018-11-17
29002,CACHOEIRA,813.68,10.64,15.27,2.1,3.0,2018-11-18
29002,CACHOEIRA,813.65,10.47,15.03,4.82,3.0,2018-11-19
29002,CACHOEIRA,813.64,10.41,14.95,6.49,3.0,2018-11-20
29002,CACHOEIRA,813.63,10.35,14.87,5.22,1.78,2018-11-21
29002,CACHOEIRA,813.62,10.3,14.78,4.94,1.5,2018-11-22
29002,CACHOEIRA,813.69,10.7,15.36,7.54,1.5,2018-11-23
29002,CACHOEIRA,813.76,11.1,15.93,6.78,1.5,2018-11-24
29002,CACHOEIRA,813.84,11.56,16.59,7.24,1.5,2018-11-25
29002,CACHOEIRA,813.93,12.08,17.34,7.94,1.5,2018-11-26
29002,CACHOEIRA,813.96,12.25,17.59,5.5,0.66,2018-11-27
29002,CACHOEIRA,813.97,12.31,17.67,4.67,0.5,2018-11-28
29002,CACHOEIRA,813.98,12.37,17.76,4.34,0.5,2018-11-29
29002,CACHOEIRA,814.03,12.66,18.17,6.6,0.5,2018-11-30
29002,CACHOEIRA,814.22,13.77,19.77,18.26,0.5,2018-12-01
29002,CACHOEIRA,814.22,13.77,19.77,18.26,0.5,2018-12-01
29002,CACHOEIRA,814.39,14.77,21.21,16.08,0.5,2018-12-02
29002,CACHOEIRA,814.45,15.13,21.72,8.36,0.33,2018-12-03
29002,CACHOEIRA,814.44,15.07,21.64,4.92,0.2,2018-12-04
29002,CACHOEIRA,814.41,14.89,21.38,4.45,0.2,2018-12-05
29002,CACHOEIRA,814.37,14.65,21.04,3.46,0.2,2018-12-06
29002,CACHOEIRA,814.31,14.3,20.53,3.26,1.47,2018-12-07
29002,CACHOEIRA,814.25,13.95,20.02,3.15,1.5,2018-12-08
29002,CACHOEIRA,814.18,13.53,19.43,3.09,2.5,2018-12-09
29002,CACHOEIRA,814.09,13.01,18.68,2.95,4.0,2018-12-10
29002,CACHOEIRA,813.96,12.25,17.59,1.28,4.0,2018-12-11
29002,CACHOEIRA,813.84,11.56,16.59,1.42,4.0,2018-12-12
29002,CACHOEIRA,813.72,10.87,15.6,0.9,3.58,2018-12-13
29002,CACHOEIRA,813.54,9.84,14.13,1.52,3.0,2018-12-14
29002,CACHOEIRA,813.51,9.67,13.89,2.26,3.0,2018-12-15
29002,CACHOEIRA,813.48,9.5,13.64,2.08,3.0,2018-12-16
29002,CACHOEIRA,813.47,9.45,13.56,3.38,3.0,2018-12-17
29002,CACHOEIRA,813.52,9.73,13.97,6.27,3.0,2018-12-18
29002,CACHOEIRA,813.57,10.01,14.37,6.81,3.0,2018-12-19
29002,CACHOEIRA,813.71,10.81,15.52,10.91,1.97,2018-12-20
29002,CACHOEIRA,813.8,11.33,16.26,7.1,1.0,2018-12-21
29002,CACHOEIRA,813.77,11.15,16.01,3.96,1.0,2018-12-22
29002,CACHOEIRA,813.75,11.04,15.85,4.87,1.0,2018-12-23
29002,CACHOEIRA,813.72,10.87,15.6,4.02,1.0,2018-12-24
29002,CACHOEIRA,813.77,11.15,16.01,9.9,1.0,2018-12-25
29002,CACHOEIRA,813.84,11.56,16.59,11.66,1.0,2018-12-26
29002,CACHOEIRA,813.85,11.61,16.68,7.78,1.0,2018-12-27
29002,CACHOEIRA,813.84,11.56,16.59,6.43,1.0,2018-12-28
29002,CACHOEIRA,813.82,11.44,16.43,5.75,1.0,2018-12-29
29002,CACHOEIRA,813.79,11.27,16.18,5.06,1.0,2018-12-30
29002,CACHOEIRA,813.78,11.21,16.1,6.14,1.0,2018-12-31
29002,CACHOEIRA,813.66,10.52,15.11,4.73,3.88,2019-01-01
29002,CACHOEIRA,813.66,10.52,15.11,4.73,3.88,2019-01-01
29002,CACHOEIRA,813.55,9.9,14.21,5.77,4.0,2019-01-02
29002,CACHOEIRA,813.43,9.22,13.24,5.14,4.0,2019-01-03
29002,CACHOEIRA,813.5,9.62,13.81,3.34,3.17,2019-01-04
29002,CACHOEIRA,813.68,10.64,15.27,7.41,0.88,2019-01-05
29002,CACHOEIRA,813.9,11.9,17.09,9.5,0.5,2019-01-06
29002,CACHOEIRA,814.04,12.72,18.26,4.1,0.5,2019-01-07
29002,CACHOEIRA,814.17,13.48,19.35,3.59,0.5,2019-01-08
29002,CACHOEIRA,814.27,14.06,20.19,1.89,0.5,2019-01-09
29002,CACHOEIRA,814.32,14.36,20.62,2.62,0.5,2019-01-10
29002,CACHOEIRA,814.37,14.65,21.04,3.74,0.5,2019-01-11
29002,CACHOEIRA,814.35,14.54,20.87,5.51,0.5,2019-01-12
29002,CACHOEIRA,814.29,14.18,20.36,3.37,0.5,2019-01-13
29002,CACHOEIRA,814.25,13.95,20.02,4.63,0.5,2019-01-14
29002,CACHOEIRA,814.2,13.65,19.6,3.45,0.5,2019-01-15
29002,CACHOEIRA,814.12,13.18,18.93,3.17,3.0,2019-01-16
29002,CACHOEIRA,814.21,13.71,19.68,15.37,3.0,2019-01-17
29002,CACHOEIRA,814.36,14.6,20.96,19.3,3.0,2019-01-18
29002,CACHOEIRA,814.36,14.6,20.96,7.62,2.22,2019-01-19
29002,CACHOEIRA,814.34,14.48,20.79,5.01,1.5,2019-01-20
29002,CACHOEIRA,814.41,14.89,21.38,11.17,1.5,2019-01-21
29002,CACHOEIRA,814.45,15.13,21.72,9.12,1.5,2019-01-22
29002,CACHOEIRA,814.45,15.13,21.72,5.35,1.5,2019-01-23
29002,CACHOEIRA,814.39,14.77,21.21,4.05,1.5,2019-01-24
29002,CACHOEIRA,814.34,14.48,20.79,7.07,1.5,2019-01-25
29002,CACHOEIRA,814.28,14.12,20.28,5.83,1.17,2019-01-26
29002,CACHOEIRA,814.39,14.77,21.21,16.22,0.5,2019-01-27
29002,CACHOEIRA,814.36,14.6,20.96,6.35,0.5,2019-01-28
29002,CACHOEIRA,814.32,14.36,20.62,5.38,0.5,2019-01-29
29002,CACHOEIRA,814.27,14.06,20.19,4.5,0.5,2019-01-30
29002,CACHOEIRA,814.22,13.77,19.77,4.37,0.5,2019-01-31
29002,CACHOEIRA,814.16,13.42,19.26,2.4,0.63,2019-02-01
29002,CACHOEIRA,814.16,13.42,19.26,2.4,0.63,2019-02-01
29002,CACHOEIRA,814.06,12.83,18.42,3.55,3.5,2019-02-02
29002,CACHOEIRA,813.96,12.25,17.59,3.53,3.5,2019-02-03
29002,CACHOEIRA,813.88,11.79,16.92,5.04,3.5,2019-02-04
29002,CACHOEIRA,813.83,11.5,16.51,7.0,3.5,2019-02-05
29002,CACHOEIRA,813.76,11.1,15.93,6.14,4.0,2019-02-06
29002,CACHOEIRA,813.98,12.37,17.76,23.49,3.06,2019-02-07
29002,CACHOEIRA,814.12,13.18,18.93,16.41,1.96,2019-02-08
29002,CACHOEIRA,814.09,13.01,18.68,7.83,1.5,2019-02-09
29002,CACHOEIRA,814.02,12.6,18.09,5.71,1.5,2019-02-10
29002,CACHOEIRA,813.96,12.25,17.59,5.87,1.5,2019-02-11
29002,CACHOEIRA,813.88,11.79,16.92,4.33,1.5,2019-02-12
29002,CACHOEIRA,813.91,11.96,17.17,5.15,1.5,2019-02-13
29002,CACHOEIRA,814.02,12.6,18.09,8.89,1.5,2019-02-14
29002,CACHOEIRA,813.99,12.42,17.84,6.77,1.5,2019-02-15
29002,CACHOEIRA,814.05,12.77,18.34,10.59,1.5,2019-02-16
29002,CACHOEIRA,814.14,13.3,19.09,10.89,0.48,2019-02-17
29002,CACHOEIRA,814.23,13.83,19.85,10.35,0.25,2019-02-18
29002,CACHOEIRA,814.29,14.18,20.36,8.08,0.25,2019-02-19
29002,CACHOEIRA,814.33,14.42,20.7,6.68,0.25,2019-02-20
29002,CACHOEIRA,814.38,14.71,21.13,7.18,0.25,2019-02-21
29002,CACHOEIRA,814.42,14.95,21.47,6.33,0.25,2019-02-22
29002,CACHOEIRA,814.54,15.67,22.49,11.54,0.25,2019-02-23
29002,CACHOEIRA,814.61,16.09,23.1,8.05,0.25,2019-02-24
29002,CACHOEIRA,814.65,16.33,23.44,6.11,0.25,2019-02-25
29002,CACHOEIRA,814.72,16.75,24.05,7.83,0.25,2019-02-26
29002,CACHOEIRA,814.94,18.09,25.97,15.9,0.25,2019-02-27
29002,CACHOEIRA,815.11,19.13,27.47,9.67,0.25,2019-02-28
29002,CACHOEIRA,815.33,20.5,29.43,12.78,0.25,2019-03-01
29002,CACHOEIRA,815.33,20.5,29.43,12.78,0.25,2019-03-01
29002,CACHOEIRA,815.55,21.88,31.42,15.8,0.25,2019-03-02
29002,CACHOEIRA,815.76,23.22,33.34,15.73,0.25,2019-03-03
29002,CACHOEIRA,815.96,24.51,35.19,15.16,0.25,2019-03-04
29002,CACHOEIRA,816.14,25.68,36.88,13.82,0.25,2019-03-05
29002,CACHOEIRA,816.26,26.47,38.01,9.37,0.25,2019-03-06
29002,CACHOEIRA,816.36,27.13,38.96,7.9,0.25,2019-03-07
29002,CACHOEIRA,816.46,27.8,39.91,7.94,0.25,2019-03-08
29002,CACHOEIRA,816.54,28.33,40.68,6.44,0.25,2019-03-09
29002,CACHOEIRA,816.61,28.8,41.35,5.69,0.25,2019-03-10
29002,CACHOEIRA,816.68,29.27,42.03,5.71,0.25,2019-03-11
29002,CACHOEIRA,816.8,30.09,43.2,9.66,0.25,2019-03-12
29002,CACHOEIRA,816.89,30.7,44.08,7.35,0.25,2019-03-13
29002,CACHOEIRA,816.86,30.5,43.78,5.29,0.25,2019-03-14
29002,CACHOEIRA,816.83,30.29,43.49,8.0,0.25,2019-03-15
29002,CACHOEIRA,816.78,29.95,43.0,6.4,0.25,2019-03-16
29002,CACHOEIRA,816.75,29.75,42.71,7.97,0.25,2019-03-17
29002,CACHOEIRA,816.74,29.68,42.61,9.54,0.25,2019-03-18
29002,CACHOEIRA,816.7,29.41,42.22,7.17,0.25,2019-03-19
29002,CACHOEIRA,816.65,29.07,41.74,6.36,0.25,2019-03-20
29002,CACHOEIRA,816.6,28.73,41.26,6.36,0.25,2019-03-21
29002,CACHOEIRA,816.54,28.33,40.68,5.56,0.25,2019-03-22
29002,CACHOEIRA,816.5,28.06,40.29,7.1,0.25,2019-03-23
29002,CACHOEIRA,816.44,27.66,39.72,5.54,0.25,2019-03-24
29002,CACHOEIRA,816.39,27.33,39.24,6.29,0.25,2019-03-25
29002,CACHOEIRA,816.27,26.54,38.1,2.66,1.5,2019-03-26
29002,CACHOEIRA,816.18,25.95,37.25,4.98,1.5,2019-03-27
29002,CACHOEIRA,816.08,25.29,36.31,5.17,2.5,2019-03-28
29002,CACHOEIRA,815.97,24.58,35.28,4.4,2.5,2019-03-29
29002,CACHOEIRA,815.86,23.86,34.26,4.39,2.5,2019-03-30
29002,CACHOEIRA,815.75,23.16,33.25,4.36,2.5,2019-03-31
29002,CACHOEIRA,815.65,22.52,32.33,4.11,2.5,2019-04-01
29002,CACHOEIRA,815.65,22.52,32.33,4.11,2.5,2019-04-01
29002,CACHOEIRA,815.53,21.76,31.24,3.84,2.5,2019-04-02
29002,CACHOEIRA,815.41,21.0,30.15,4.1,2.5,2019-04-03
29002,CACHOEIRA,815.28,20.19,28.99,2.89,2.54,2019-04-04
29002,CACHOEIRA,815.14,19.32,27.74,3.13,3.5,2019-04-05
29002,CACHOEIRA,815.35,20.63,29.61,6.03,3.5,2019-04-06
29002,CACHOEIRA,815.73,23.03,33.07,21.14,3.5,2019-04-07
29002,CACHOEIRA,816.12,25.55,36.69,22.06,2.59,2019-04-08
29002,CACHOEIRA,816.11,25.49,36.59,7.99,2.0,2019-04-09
29002,CACHOEIRA,816.03,24.97,35.84,5.15,1.23,2019-04-10
29002,CACHOEIRA,816.0,24.77,35.56,3.74,1.0,2019-04-11
29002,CACHOEIRA,815.99,24.71,35.47,3.72,1.0,2019-04-12
29002,CACHOEIRA,815.98,24.64,35.38,3.78,1.08,2019-04-13
29002,CACHOEIRA,815.95,24.45,35.1,4.16,3.0,2019-04-14
29002,CACHOEIRA,816.06,25.16,36.12,13.07,1.81,2019-04-15
29002,CACHOEIRA,816.1,25.42,36.5,7.1,1.5,2019-04-16
29002,CACHOEIRA,816.16,25.81,37.06,8.43,1.5,2019-04-17
29002,CACHOEIRA,816.2,26.08,37.44,6.52,1.5,2019-04-18
29002,CACHOEIRA,816.23,26.27,37.72,5.03,1.5,2019-04-19
29002,CACHOEIRA,816.25,26.41,37.91,3.57,1.5,2019-04-20
29002,CACHOEIRA,816.26,26.47,38.01,3.33,1.53,2019-04-21
29002,CACHOEIRA,816.27,26.54,38.1,3.97,3.0,2019-04-22
29002,CACHOEIRA,816.27,26.54,38.1,2.52,3.02,2019-04-23
29002,CACHOEIRA,816.18,25.95,37.25,3.46,3.5,2019-04-24
29002,CACHOEIRA,816.09,25.36,36.41,5.08,3.5,2019-04-25
29002,CACHOEIRA,816.0,24.77,35.56,3.55,3.5,2019-04-26
29002,CACHOEIRA,815.93,24.32,34.91,4.63,3.25,2019-04-27
29002,CACHOEIRA,815.85,23.8,34.17,3.01,3.0,2019-04-28
29002,CACHOEIRA,815.83,23.67,33.99,5.72,3.0,2019-04-29
29002,CACHOEIRA,815.8,23.48,33.71,3.66,2.0,2019-04-30
29002,CACHOEIRA,815.78,23.35,33.53,2.39,1.5,2019-05-01
29002,CACHOEIRA,815.78,23.35,33.53,2.39,1.5,2019-05-01
29002,CACHOEIRA,815.78,23.35,33.53,2.52,1.5,2019-05-02
29002,CACHOEIRA,815.77,23.29,33.43,2.75,1.5,2019-05-03
29002,CACHOEIRA,815.78,23.35,33.53,3.55,1.56,2019-05-04
29002,CACHOEIRA,815.76,23.22,33.34,3.22,3.0,2019-05-05
29002,CACHOEIRA,815.75,23.16,33.25,3.44,3.0,2019-05-06
29002,CACHOEIRA,815.73,23.03,33.07,3.32,3.0,2019-05-07
29002,CACHOEIRA,815.71,22.9,32.88,2.5,3.0,2019-05-08
29002,CACHOEIRA,815.71,22.9,32.88,2.73,3.0,2019-05-09
29002,CACHOEIRA,815.69,22.77,32.7,2.02,3.0,2019-05-10
29002,CACHOEIRA,815.67,22.65,32.52,2.46,3.0,2019-05-11
29002,CACHOEIRA,815.66,22.58,32.42,3.7,3.0,2019-05-12
29002,CACHOEIRA,815.64,22.46,32.24,3.73,3.0,2019-05-13
29002,CACHOEIRA,815.67,22.65,32.52,3.81,3.0,2019-05-14
29002,CACHOEIRA,815.71,22.9,32.88,4.32,3.0,2019-05-15
29002,CACHOEIRA,815.74,23.09,33.16,2.86,3.0,2019-05-16
29002,CACHOEIRA,815.73,23.03,33.07,3.34,3.0,2019-05-17
29002,CACHOEIRA,815.73,23.03,33.07,6.14,3.0,2019-05-18
29002,CACHOEIRA,815.73,23.03,33.07,6.43,3.0,2019-05-19
29002,CACHOEIRA,815.72,22.97,32.97,5.7,3.0,2019-05-20
29002,CACHOEIRA,815.82,23.61,33.89,5.65,2.21,2019-05-21
29002,CACHOEIRA,815.95,24.45,35.1,3.83,2.0,2019-05-22
29002,CACHOEIRA,816.06,25.16,36.12,2.9,2.0,2019-05-23
29002,CACHOEIRA,816.05,25.1,36.03,3.46,2.0,2019-05-24
29002,CACHOEIRA,816.01,24.84,35.66,4.03,2.0,2019-05-25
29002,CACHOEIRA,815.95,24.45,35.1,3.45,3.5,2019-05-26
29002,CACHOEIRA,815.89,24.06,34.54,3.37,3.5,2019-05-27
29002,CACHOEIRA,815.83,23.67,33.99,4.33,3.5,2019-05-28
29002,CACHOEIRA,815.78,23.35,33.53,4.7,3.5,2019-05-29
29002,CACHOEIRA,815.74,23.09,33.16,4.54,3.5,2019-05-30
29002,CACHOEIRA,815.75,23.16,33.25,1.37,3.5,2019-05-31
29002,CACHOEIRA,815.74,23.09,33.16,2.14,3.5,2019-06-01
29002,CACHOEIRA,815.74,23.09,33.16,2.14,3.5,2019-06-01
29002,CACHOEIRA,815.73,23.03,33.07,2.35,3.5,2019-06-02
29002,CACHOEIRA,815.75,23.16,33.25,5.59,3.5,2019-06-03
29002,CACHOEIRA,815.79,23.41,33.62,6.18,2.56,2019-06-04
29002,CACHOEIRA,815.8,23.48,33.71,3.94,2.0,2019-06-05
29002,CACHOEIRA,815.81,23.54,33.8,3.93,1.76,2019-06-06
29002,CACHOEIRA,815.82,23.61,33.89,1.19,1.5,2019-06-07
29002,CACHOEIRA,815.86,23.86,34.26,2.31,1.6,2019-06-08
29002,CACHOEIRA,815.85,23.8,34.17,3.3,4.0,2019-06-09
29002,CACHOEIRA,815.84,23.74,34.08,2.21,4.0,2019-06-10
29002,CACHOEIRA,815.82,23.61,33.89,2.79,4.0,2019-06-11
29002,CACHOEIRA,815.81,23.54,33.8,2.93,4.0,2019-06-12
29002,CACHOEIRA,815.79,23.41,33.62,2.74,4.0,2019-06-13
29002,CACHOEIRA,815.76,23.22,33.34,2.27,4.0,2019-06-14
29002,CACHOEIRA,815.74,23.09,33.16,2.47,4.0,2019-06-15
29002,CACHOEIRA,815.71,22.9,32.88,2.44,4.0,2019-06-16
29002,CACHOEIRA,815.68,22.71,32.61,2.93,4.0,2019-06-17
29002,CACHOEIRA,815.7,22.84,32.79,1.93,4.0,2019-06-18
29002,CACHOEIRA,815.71,22.9,32.88,2.8,4.0,2019-06-19
29002,CACHOEIRA,815.7,22.84,32.79,1.7,4.0,2019-06-20
29002,CACHOEIRA,815.67,22.65,32.52,2.01,4.0,2019-06-21
29002,CACHOEIRA,815.64,22.46,32.24,2.59,4.0,2019-06-22
29002,CACHOEIRA,815.6,22.2,31.88,2.32,4.0,2019-06-23
29002,CACHOEIRA,815.56,21.95,31.51,2.55,4.0,2019-06-24
29002,CACHOEIRA,815.58,22.07,31.69,2.79,4.0,2019-06-25
29002,CACHOEIRA,815.6,22.2,31.88,2.9,4.0,2019-06-26
29002,CACHOEIRA,815.62,22.33,32.06,2.84,4.0,2019-06-27
29002,CACHOEIRA,815.63,22.39,32.15,2.33,4.0,2019-06-28
29002,CACHOEIRA,815.63,22.39,32.15,2.69,4.0,2019-06-29
29002,CACHOEIRA,815.63,22.39,32.15,2.73,4.0,2019-06-30
29002,CACHOEIRA,815.63,22.36,32.1,2.64,4.0,2019-07-01
29002,CACHOEIRA,815.63,22.36,32.1,2.64,4.0,2019-07-01
29002,CACHOEIRA,815.61,22.27,31.97,1.77,4.0,2019-07-02
29002,CACHOEIRA,815.55,21.88,31.42,1.97,4.5,2019-07-03
29002,CACHOEIRA,815.51,21.63,31.06,2.05,4.5,2019-07-04
29002,CACHOEIRA,815.64,22.46,32.24,10.17,3.75,2019-07-05
29002,CACHOEIRA,815.81,23.54,33.8,14.98,1.84,2019-07-06
29002,CACHOEIRA,815.85,23.8,34.17,4.48,1.5,2019-07-07
29002,CACHOEIRA,815.87,23.93,34.36,2.99,1.5,2019-07-08
29002,CACHOEIRA,815.88,23.99,34.45,2.25,1.5,2019-07-09
29002,CACHOEIRA,815.89,24.06,34.54,2.25,1.5,2019-07-10
29002,CACHOEIRA,815.9,24.12,34.63,2.25,1.5,2019-07-11
29002,CACHOEIRA,815.89,24.06,34.54,2.75,3.5,2019-07-12
29002,CACHOEIRA,815.95,24.45,35.1,2.55,3.5,2019-07-13
29002,CACHOEIRA,816.01,24.84,35.66,1.93,4.5,2019-07-14
29002,CACHOEIRA,816.06,25.16,36.12,2.03,4.5,2019-07-15
29002,CACHOEIRA,816.12,25.55,36.69,3.59,4.5,2019-07-16
29002,CACHOEIRA,816.17,25.88,37.16,2.9,4.5,2019-07-17
29002,CACHOEIRA,816.2,26.08,37.44,2.35,4.5,2019-07-18
29002,CACHOEIRA,816.3,26.74,38.39,3.01,4.5,2019-07-19
29002,CACHOEIRA,816.42,27.53,39.53,2.9,4.24,2019-07-20
29002,CACHOEIRA,816.52,28.2,40.49,2.32,4.0,2019-07-21
29002,CACHOEIRA,816.62,28.87,41.45,2.63,4.0,2019-07-22
29002,CACHOEIRA,816.64,29.0,41.64,2.25,4.0,2019-07-23
29002,CACHOEIRA,816.65,29.07,41.74,1.82,4.0,2019-07-24
29002,CACHOEIRA,816.67,29.21,41.93,2.0,4.0,2019-07-25
29002,CACHOEIRA,816.7,29.41,42.22,2.54,4.0,2019-07-26
29002,CACHOEIRA,816.72,29.54,42.42,2.21,4.0,2019-07-27
29002,CACHOEIRA,816.71,29.48,42.32,1.93,4.0,2019-07-28
29002,CACHOEIRA,816.83,30.29,43.49,2.59,3.72,2019-07-29
29002,CACHOEIRA,816.82,30.22,43.39,2.23,3.5,2019-07-30
29002,CACHOEIRA,816.87,30.56,43.88,4.69,3.5,2019-07-31
29002,CACHOEIRA,816.94,31.04,44.57,3.7,3.5,2019-08-01
29002,CACHOEIRA,816.94,31.04,44.57,3.7,3.5,2019-08-01
29002,CACHOEIRA,816.94,31.04,44.57,2.32,3.5,2019-08-02
29002,CACHOEIRA,816.93,30.97,44.47,4.01,3.5,2019-08-03
29002,CACHOEIRA,816.93,30.97,44.47,4.94,3.5,2019-08-04
29002,CACHOEIRA,816.94,31.04,44.57,5.89,3.5,2019-08-05
29002,CACHOEIRA,816.94,31.04,44.57,2.91,3.5,2019-08-06
29002,CACHOEIRA,816.93,30.97,44.47,2.99,3.5,2019-08-07
29002,CACHOEIRA,816.92,30.9,44.36,2.36,3.5,2019-08-08
29002,CACHOEIRA,816.9,30.73,44.13,2.71,3.5,2019-08-09
29002,CACHOEIRA,816.88,30.63,43.98,2.76,3.5,2019-08-10
29002,CACHOEIRA,816.86,30.53,43.83,2.59,3.5,2019-08-11
29002,CACHOEIRA,816.84,30.36,43.59,2.7,3.5,2019-08-12
29002,CACHOEIRA,816.82,30.22,43.39,2.11,3.5,2019-08-13
29002,CACHOEIRA,816.79,30.02,43.1,2.42,3.5,2019-08-14
29002,CACHOEIRA,816.76,29.81,42.81,2.32,3.5,2019-08-15
29002,CACHOEIRA,816.73,29.61,42.52,2.23,3.5,2019-08-16
29002,CACHOEIRA,816.7,29.41,42.22,2.71,3.5,2019-08-17
29002,CACHOEIRA,816.66,29.17,41.88,2.67,3.5,2019-08-18
29002,CACHOEIRA,816.63,28.94,41.55,2.75,3.5,2019-08-19
29002,CACHOEIRA,816.6,28.72,41.24,3.01,3.5,2019-08-20
29002,CACHOEIRA,816.57,28.53,40.97,2.53,3.5,2019-08-21
29002,CACHOEIRA,816.54,28.33,40.67,1.92,3.5,2019-08-22
29002,CACHOEIRA,816.5,28.06,40.28,1.69,3.5,2019-08-23
29002,CACHOEIRA,816.47,27.83,39.96,1.75,3.5,2019-08-24
29002,CACHOEIRA,816.42,27.53,39.53,2.21,3.5,2019-08-25
29002,CACHOEIRA,816.37,27.19,39.04,1.65,3.5,2019-08-26
29002,CACHOEIRA,816.32,26.87,38.59,2.02,3.5,2019-08-27
29002,CACHOEIRA,816.26,26.47,38.01,2.54,4.0,2019-08-28
29002,CACHOEIRA,816.21,26.12,37.51,1.46,4.0,2019-08-29
29002,CACHOEIRA,816.19,25.98,37.31,2.46,4.0,2019-08-30
29002,CACHOEIRA,816.17,25.88,37.16,1.2,4.0,2019-08-31
29002,CACHOEIRA,816.13,25.59,36.73,1.95,4.0,2019-09-01
29002,CACHOEIRA,816.13,25.59,36.73,1.95,4.0,2019-09-01
29002,CACHOEIRA,816.12,25.55,36.68,5.52,4.0,2019-09-02
29002,CACHOEIRA,816.12,25.55,36.69,4.9,3.77,2019-09-03
29002,CACHOEIRA,816.11,25.49,36.59,3.81,3.5,2019-09-04
29002,CACHOEIRA,816.14,25.68,36.88,3.04,3.5,2019-09-05
29002,CACHOEIRA,816.19,26.01,37.35,4.94,3.5,2019-09-06
29002,CACHOEIRA,816.22,26.21,37.63,3.59,3.5,2019-09-07
29002,CACHOEIRA,816.28,26.6,38.2,6.09,3.5,2019-09-08
29002,CACHOEIRA,816.31,26.8,38.48,2.33,3.5,2019-09-09
29002,CACHOEIRA,816.33,26.9,38.62,1.86,3.5,2019-09-10
29002,CACHOEIRA,816.34,26.98,38.74,1.66,3.9,2019-09-11
29002,CACHOEIRA,816.34,26.99,38.75,2.44,4.0,2019-09-12
29002,CACHOEIRA,816.33,26.93,38.67,2.44,4.48,2019-09-13
29002,CACHOEIRA,816.32,26.85,38.56,2.07,4.5,2019-09-14
29002,CACHOEIRA,816.3,26.74,38.39,2.31,4.5,2019-09-15
29002,CACHOEIRA,816.28,26.6,38.2,2.28,4.5,2019-09-16
29002,CACHOEIRA,816.25,26.41,37.91,1.59,4.5,2019-09-17
29002,CACHOEIRA,816.23,26.27,37.72,2.4,4.5,2019-09-18
29002,CACHOEIRA,816.21,26.14,37.53,1.75,4.5,2019-09-19
29002,CACHOEIRA,816.17,25.88,37.16,1.73,4.5,2019-09-20
29002,CACHOEIRA,816.13,25.62,36.78,1.75,4.5,2019-09-21
29002,CACHOEIRA,816.1,25.42,36.5,2.57,4.5,2019-09-22
29002,CACHOEIRA,816.07,25.23,36.22,1.6,4.5,2019-09-23
29002,CACHOEIRA,816.04,25.03,35.94,1.72,4.5,2019-09-24
29002,CACHOEIRA,816.01,24.84,35.66,1.78,4.5,2019-09-25
29002,CACHOEIRA,815.97,24.58,35.28,1.81,4.5,2019-09-26
29002,CACHOEIRA,815.95,24.45,35.1,2.69,3.82,2019-09-27
29002,CACHOEIRA,815.92,24.25,34.82,1.78,3.5,2019-09-28
29002,CACHOEIRA,815.88,23.99,34.45,1.28,3.5,2019-09-29
29002,CACHOEIRA,815.85,23.8,34.17,1.74,3.5,2019-09-30
29002,CACHOEIRA,815.81,23.53,33.78,1.44,3.5,2019-10-01
29002,CACHOEIRA,815.81,23.53,33.78,1.44,3.5,2019-10-01
29002,CACHOEIRA,815.8,23.47,33.7,1.56,3.5,2019-10-02
29002,CACHOEIRA,815.77,23.29,33.43,1.84,3.98,2019-10-03
29002,CACHOEIRA,815.73,23.06,33.11,1.71,4.04,2019-10-04
29002,CACHOEIRA,815.68,22.74,32.65,1.43,4.5,2019-10-05
29002,CACHOEIRA,815.63,22.38,32.13,1.47,4.5,2019-10-06
29002,CACHOEIRA,815.57,22.01,31.6,1.8,4.5,2019-10-07
29002,CACHOEIRA,815.51,21.63,31.06,2.05,4.5,2019-10-08
29002,CACHOEIRA,815.47,21.38,30.7,3.72,4.5,2019-10-09
29002,CACHOEIRA,815.42,21.1,30.29,3.09,4.5,2019-10-10
29002,CACHOEIRA,815.37,20.78,29.83,2.59,4.1,2019-10-11
29002,CACHOEIRA,815.31,20.38,29.25,1.81,4.0,2019-10-12
29002,CACHOEIRA,815.24,19.94,28.63,1.79,4.0,2019-10-13
29002,CACHOEIRA,815.16,19.44,27.91,2.61,4.0,2019-10-14
29002,CACHOEIRA,815.08,18.94,27.19,2.15,4.0,2019-10-15
29002,CACHOEIRA,814.99,18.39,26.41,1.74,4.0,2019-10-16
29002,CACHOEIRA,815.04,18.73,26.9,1.76,4.0,2019-10-17
29002,CACHOEIRA,815.08,18.95,27.21,1.75,4.48,2019-10-18
29002,CACHOEIRA,815.1,19.07,27.38,1.11,4.5,2019-10-19
29002,CACHOEIRA,815.11,19.13,27.47,0.45,4.5,2019-10-20
29002,CACHOEIRA,815.12,19.2,27.56,1.55,4.5,2019-10-21
29002,CACHOEIRA,815.15,19.37,27.81,1.16,4.5,2019-10-22
29002,CACHOEIRA,815.17,19.49,27.99,1.28,4.75,2019-10-23
29002,CACHOEIRA,815.17,19.5,28.0,1.34,4.75,2019-10-24
29002,CACHOEIRA,815.2,19.68,28.25,1.5,4.75,2019-10-25
29002,CACHOEIRA,815.25,20.0,28.72,1.73,4.75,2019-10-26
29002,CACHOEIRA,815.29,20.25,29.08,0.96,4.75,2019-10-27
29002,CACHOEIRA,815.34,20.53,29.48,2.48,4.75,2019-10-28
29002,CACHOEIRA,815.36,20.67,29.68,1.82,4.75,2019-10-29
29002,CACHOEIRA,815.34,20.59,29.57,1.47,4.75,2019-10-30
29002,CACHOEIRA,815.41,20.97,30.11,1.77,4.75,2019-10-31
29002,CACHOEIRA,815.46,21.32,30.61,1.59,4.75,2019-11-01
29002,CACHOEIRA,815.46,21.32,30.61,1.59,4.75,2019-11-01
29002,CACHOEIRA,815.51,21.63,31.06,1.32,4.75,2019-11-02
29002,CACHOEIRA,815.54,21.82,31.32,0.73,4.75,2019-11-03
29002,CACHOEIRA,815.56,21.95,31.51,0.41,4.75,2019-11-04
29002,CACHOEIRA,815.55,21.88,31.42,1.45,4.75,2019-11-05
29002,CACHOEIRA,815.55,21.88,31.42,2.21,4.75,2019-11-06
29002,CACHOEIRA,815.54,21.82,31.33,2.1,4.25,2019-11-07
29002,CACHOEIRA,815.64,22.42,32.2,1.54,4.0,2019-11-08
29002,CACHOEIRA,815.73,23.03,33.07,0.74,4.0,2019-11-09
29002,CACHOEIRA,815.82,23.58,33.85,0.27,3.66,2019-11-10
29002,CACHOEIRA,815.89,24.03,34.5,1.51,2.8,2019-11-11
29002,CACHOEIRA,815.96,24.48,35.15,1.66,2.5,2019-11-12
29002,CACHOEIRA,816.03,24.97,35.84,1.22,2.5,2019-11-13
29002,CACHOEIRA,816.11,25.49,36.59,2.66,2.5,2019-11-14
29002,CACHOEIRA,816.12,25.55,36.69,2.14,2.5,2019-11-15
29002,CACHOEIRA,816.27,26.54,38.1,13.16,2.25,2019-11-16
29002,CACHOEIRA,816.35,27.07,38.86,7.03,2.0,2019-11-17
29002,CACHOEIRA,816.38,27.27,39.15,3.04,2.0,2019-11-18
29002,CACHOEIRA,816.41,27.46,39.43,2.69,2.0,2019-11-19
29002,CACHOEIRA,816.42,27.56,39.58,1.8,2.0,2019-11-20
29002,CACHOEIRA,816.42,27.53,39.53,2.52,3.96,2019-11-21
29002,CACHOEIRA,816.41,27.46,39.43,2.45,4.0,2019-11-22
29002,CACHOEIRA,816.41,27.46,39.43,3.8,4.0,2019-11-23
29002,CACHOEIRA,816.4,27.4,39.34,3.11,4.0,2019-11-24
29002,CACHOEIRA,816.38,27.27,39.15,1.97,4.0,2019-11-25
29002,CACHOEIRA,816.23,26.27,37.72,2.05,4.28,2019-11-26
29002,CACHOEIRA,816.05,25.1,36.03,1.5,4.5,2019-11-27
29002,CACHOEIRA,815.93,24.32,34.91,5.97,4.5,2019-11-28
29002,CACHOEIRA,815.79,23.41,33.62,3.37,4.5,2019-11-29
29002,CACHOEIRA,815.65,22.52,32.33,3.26,3.66,2019-11-30
29002,CACHOEIRA,815.54,21.82,31.33,4.5,3.0,2019-12-01
29002,CACHOEIRA,815.54,21.82,31.33,4.5,3.0,2019-12-01
29002,CACHOEIRA,815.43,21.13,30.33,4.48,3.0,2019-12-02
29002,CACHOEIRA,815.38,20.81,29.88,3.93,1.91,2019-12-03
29002,CACHOEIRA,815.34,20.56,29.52,3.11,1.5,2019-12-04
29002,CACHOEIRA,815.31,20.38,29.25,4.04,1.5,2019-12-05
29002,CACHOEIRA,815.34,20.56,29.52,7.52,1.5,2019-12-06
29002,CACHOEIRA,815.45,21.25,30.52,9.46,0.69,2019-12-07
29002,CACHOEIRA,815.55,21.88,31.42,7.54,0.5,2019-12-08
29002,CACHOEIRA,815.63,22.39,32.15,5.34,0.5,2019-12-09
29002,CACHOEIRA,815.71,22.9,32.88,5.4,0.5,2019-12-10
29002,CACHOEIRA,815.84,23.74,34.08,9.01,0.5,2019-12-11
29002,CACHOEIRA,816.01,24.84,35.66,11.22,0.5,2019-12-12
29002,CACHOEIRA,816.18,25.95,37.25,10.86,0.5,2019-12-13
29002,CACHOEIRA,816.29,26.67,38.29,6.27,0.39,2019-12-14
29002,CACHOEIRA,816.39,27.33,39.24,5.41,0.25,2019-12-15
29002,CACHOEIRA,816.48,27.93,40.1,4.94,0.25,2019-12-16
29002,CACHOEIRA,816.56,28.47,40.87,4.73,0.32,2019-12-17
29002,CACHOEIRA,816.64,29.0,41.64,6.1,2.0,2019-12-18
29002,CACHOEIRA,816.69,29.34,42.13,4.79,2.81,2019-12-19
29002,CACHOEIRA,816.65,29.07,41.74,4.76,3.0,2019-12-20
29002,CACHOEIRA,816.6,28.73,41.26,5.08,3.0,2019-12-21
29002,CACHOEIRA,816.53,28.27,40.58,3.5,3.0,2019-12-22
29002,CACHOEIRA,816.47,27.83,39.96,2.8,3.0,2019-12-23
29002,CACHOEIRA,816.58,28.6,41.06,16.38,2.42,2019-12-24
29002,CACHOEIRA,816.62,28.87,41.45,8.46,1.0,2019-12-25
29002,CACHOEIRA,816.63,28.94,41.55,5.21,1.0,2019-12-26
29002,CACHOEIRA,816.62,28.87,41.45,3.35,1.0,2019-12-27
29002,CACHOEIRA,816.61,28.84,41.4,3.42,1.0,2019-12-28
29002,CACHOEIRA,816.58,28.6,41.06,2.21,1.98,2019-12-29
29002,CACHOEIRA,816.54,28.33,40.68,3.09,2.98,2019-12-30
29002,CACHOEIRA,816.49,28.0,40.2,1.25,3.0,2019-12-31
29002,CACHOEIRA,816.44,27.66,39.72,2.03,3.96,2020-01-01
29002,CACHOEIRA,816.44,27.66,39.72,2.03,3.96,2020-01-01
29002,CACHOEIRA,816.41,27.46,39.43,3.39,4.0,2020-01-02
29002,CACHOEIRA,816.45,27.73,39.81,7.05,3.04,2020-01-03
29002,CACHOEIRA,816.42,27.53,39.53,6.09,1.15,2020-01-04
29002,CACHOEIRA,816.47,27.86,40.01,12.14,1.0,2020-01-05
29002,CACHOEIRA,816.5,28.06,40.29,9.39,1.0,2020-01-06
29002,CACHOEIRA,816.54,28.33,40.68,9.28,0.61,2020-01-07
29002,CACHOEIRA,816.55,28.4,40.77,6.55,0.5,2020-01-08
29002,CACHOEIRA,816.63,28.94,41.55,11.42,0.5,2020-01-09
29002,CACHOEIRA,816.72,29.54,42.42,11.7,0.39,2020-01-10
29002,CACHOEIRA,816.71,29.48,42.32,9.43,0.25,2020-01-11
29002,CACHOEIRA,816.69,29.34,42.13,9.16,0.25,2020-01-12
29002,CACHOEIRA,816.63,28.94,41.55,6.02,0.25,2020-01-13
29002,CACHOEIRA,816.6,28.73,41.26,8.36,0.25,2020-01-14
29002,CACHOEIRA,816.66,29.14,41.84,15.42,0.3,2020-01-15
29002,CACHOEIRA,816.63,28.94,41.55,10.11,2.0,2020-01-16
29002,CACHOEIRA,816.57,28.53,40.97,7.75,2.0,2020-01-17
29002,CACHOEIRA,816.51,28.13,40.39,8.67,2.96,2020-01-18
29002,CACHOEIRA,816.45,27.73,39.81,8.71,3.0,2020-01-19
29002,CACHOEIRA,816.37,27.2,39.05,7.13,3.0,2020-01-20
29002,CACHOEIRA,816.28,26.6,38.2,6.35,3.0,2020-01-21
29002,CACHOEIRA,816.18,25.95,37.25,5.57,3.0,2020-01-22
29002,CACHOEIRA,816.09,25.36,36.41,6.31,3.0,2020-01-23
29002,CACHOEIRA,816.04,25.03,35.94,9.3,3.0,2020-01-24
29002,CACHOEIRA,816.0,24.77,35.56,10.03,3.0,2020-01-25
29002,CACHOEIRA,815.92,24.25,34.82,7.01,3.0,2020-01-26
29002,CACHOEIRA,815.82,23.61,33.89,5.49,3.0,2020-01-27
29002,CACHOEIRA,815.78,23.35,33.53,4.72,3.0,2020-01-28
29002,CACHOEIRA,815.76,23.22,33.34,3.91,3.0,2020-01-29
29002,CACHOEIRA,815.9,24.12,34.63,4.12,1.17,2020-01-30
29002,CACHOEIRA,815.85,23.8,34.17,5.29,1.0,2020-01-31
29002,CACHOEIRA,815.78,23.35,33.53,5.26,1.0,2020-02-01
29002,CACHOEIRA,815.78,23.35,33.53,5.26,1.0,2020-02-01
29002,CACHOEIRA,815.72,22.97,32.97,5.98,1.0,2020-02-02
29002,CACHOEIRA,815.67,22.65,32.52,6.69,1.0,2020-02-03
29002,CACHOEIRA,815.66,22.58,32.42,9.24,0.63,2020-02-04
29002,CACHOEIRA,815.88,23.99,34.45,17.89,0.25,2020-02-05
29002,CACHOEIRA,816.01,24.84,35.66,10.37,0.25,2020-02-06
29002,CACHOEIRA,816.17,25.88,37.16,12.72,0.25,2020-02-07
29002,CACHOEIRA,816.28,26.6,38.2,9.02,0.25,2020-02-08
29002,CACHOEIRA,816.36,27.13,38.96,6.76,0.25,2020-02-09
29002,CACHOEIRA,816.46,27.8,39.91,8.33,0.25,2020-02-10
29002,CACHOEIRA,816.78,29.95,43.0,25.57,0.25,2020-02-11
29002,CACHOEIRA,817.04,31.73,45.56,21.25,0.25,2020-02-12
29002,CACHOEIRA,817.25,33.19,47.65,17.52,0.25,2020-02-13
29002,CACHOEIRA,817.42,34.38,49.36,14.46,0.25,2020-02-14
29002,CACHOEIRA,817.42,34.38,49.36,0.67,0.25,2020-02-15
29002,CACHOEIRA,817.62,35.79,51.39,17.07,0.25,2020-02-16
29002,CACHOEIRA,817.74,36.65,52.62,10.61,0.25,2020-02-17
29002,CACHOEIRA,817.79,37.01,53.14,8.58,0.25,2020-02-18
29002,CACHOEIRA,817.8,37.08,53.24,6.14,0.25,2020-02-19
29002,CACHOEIRA,817.8,37.08,53.24,6.56,1.5,2020-02-20
29002,CACHOEIRA,817.85,37.44,53.76,10.75,1.5,2020-02-21
29002,CACHOEIRA,817.96,38.24,54.9,14.78,0.48,2020-02-22
29002,CACHOEIRA,818.02,38.67,55.53,10.4,0.25,2020-02-23
29002,CACHOEIRA,818.05,38.89,55.84,7.88,0.25,2020-02-24
29002,CACHOEIRA,818.1,39.26,56.37,9.76,0.25,2020-02-25
29002,CACHOEIRA,818.33,40.95,58.8,25.17,0.25,2020-02-26
29002,CACHOEIRA,818.54,42.52,61.04,23.72,0.25,2020-02-27
29002,CACHOEIRA,818.75,44.1,63.31,23.98,0.25,2020-02-28
29002,CACHOEIRA,818.92,45.39,65.17,20.73,0.25,2020-02-29
29002,CACHOEIRA,819.02,46.16,66.27,14.75,0.25,2020-03-01
29002,CACHOEIRA,819.02,46.16,66.27,14.75,0.25,2020-03-01
29002,CACHOEIRA,819.1,46.78,67.16,12.86,0.25,2020-03-02
29002,CACHOEIRA,819.17,47.32,67.94,12.01,0.25,2020-03-03
29002,CACHOEIRA,819.15,47.16,67.71,10.46,0.25,2020-03-04
29002,CACHOEIRA,819.02,46.16,66.27,9.02,0.25,2020-03-05
29002,CACHOEIRA,818.88,45.09,64.73,7.91,0.25,2020-03-06
29002,CACHOEIRA,818.74,44.02,63.21,7.38,0.25,2020-03-07
29002,CACHOEIRA,818.59,42.89,61.58,6.29,0.25,2020-03-08
29002,CACHOEIRA,818.44,41.77,59.97,6.24,0.25,2020-03-09
29002,CACHOEIRA,818.29,40.66,58.37,6.2,0.25,2020-03-10
29002,CACHOEIRA,818.11,39.33,56.47,5.1,1.75,2020-03-11
29002,CACHOEIRA,817.93,38.02,54.59,5.06,1.75,2020-03-12
29002,CACHOEIRA,817.75,36.72,52.72,5.03,1.75,2020-03-13
29002,CACHOEIRA,817.64,35.94,51.59,6.09,2.95,2020-03-14
29002,CACHOEIRA,817.61,35.72,51.29,6.08,3.0,2020-03-15
29002,CACHOEIRA,817.6,35.65,51.19,7.72,3.0,2020-03-16
29002,CACHOEIRA,817.61,35.72,51.29,9.39,3.0,2020-03-17
29002,CACHOEIRA,817.6,35.65,51.19,8.03,3.0,2020-03-18
29002,CACHOEIRA,817.59,35.58,51.08,8.44,3.0,2020-03-19
29002,CACHOEIRA,817.59,35.58,51.08,8.87,2.35,2020-03-20
29002,CACHOEIRA,817.63,35.86,51.49,11.83,2.0,2020-03-21
29002,CACHOEIRA,817.72,36.51,52.42,16.0,2.0,2020-03-22
29002,CACHOEIRA,817.73,36.58,52.52,9.41,2.0,2020-03-23
29002,CACHOEIRA,817.7,36.36,52.21,6.1,2.0,2020-03-24
29002,CACHOEIRA,817.67,36.15,51.9,6.09,2.0,2020-03-25
29002,CACHOEIRA,817.63,35.86,51.49,5.26,2.0,2020-03-26
29002,CACHOEIRA,817.6,35.65,51.19,6.11,2.03,2020-03-27
29002,CACHOEIRA,817.53,35.15,50.47,4.28,3.5,2020-03-28
29002,CACHOEIRA,817.48,34.8,49.96,5.92,3.5,2020-03-29
29002,CACHOEIRA,817.45,34.59,49.66,7.54,3.5,2020-03-30
29002,CACHOEIRA,817.46,34.66,49.76,10.81,3.5,2020-03-31
29002,CACHOEIRA,817.43,34.45,49.46,7.55,3.5,2020-04-01
29002,CACHOEIRA,817.43,34.45,49.46,7.55,3.5,2020-04-01
29002,CACHOEIRA,817.38,34.1,48.95,5.92,3.5,2020-04-02
29002,CACHOEIRA,817.33,33.74,48.45,5.92,3.5,2020-04-03
29002,CACHOEIRA,817.27,33.32,47.85,5.1,3.5,2020-04-04
29002,CACHOEIRA,817.22,32.98,47.35,5.91,3.5,2020-04-05
29002,CACHOEIRA,817.16,32.56,46.75,5.09,3.5,2020-04-06
29002,CACHOEIRA,817.11,32.21,46.25,5.89,3.5,2020-04-07
29002,CACHOEIRA,816.92,30.91,44.37,4.87,3.5,2020-04-08
29002,CACHOEIRA,816.72,29.54,42.42,5.02,3.5,2020-04-09
29002,CACHOEIRA,816.54,28.33,40.68,5.86,3.5,2020-04-10
29002,CACHOEIRA,816.35,27.07,38.86,4.89,3.5,2020-04-11
29002,CACHOEIRA,816.17,25.88,37.16,5.24,3.5,2020-04-12
29002,CACHOEIRA,815.98,24.64,35.38,4.37,3.5,2020-04-13
29002,CACHOEIRA,815.8,23.48,33.71,5.0,3.5,2020-04-14
29002,CACHOEIRA,815.62,22.33,32.06,4.87,3.5,2020-04-15
29002,CACHOEIRA,815.45,21.25,30.52,5.3,3.5,2020-04-16
29002,CACHOEIRA,815.43,21.13,30.33,4.1,2.9,2020-04-17
29002,CACHOEIRA,815.45,21.25,30.52,3.52,2.5,2020-04-18
29002,CACHOEIRA,815.47,21.38,30.7,3.55,2.5,2020-04-19
29002,CACHOEIRA,815.48,21.44,30.79,2.86,2.5,2020-04-20
29002,CACHOEIRA,815.49,21.51,30.88,3.29,2.5,2020-04-21
29002,CACHOEIRA,815.46,21.32,30.61,2.59,3.49,2020-04-22
29002,CACHOEIRA,815.46,21.32,30.61,2.92,3.5,2020-04-23
29002,CACHOEIRA,815.45,21.25,30.52,2.93,3.5,2020-04-24
29002,CACHOEIRA,815.44,21.18,30.41,2.93,3.5,2020-04-25
29002,CACHOEIRA,815.41,21.0,30.14,2.27,3.5,2020-04-26
29002,CACHOEIRA,815.37,20.75,29.79,2.29,3.5,2020-04-27
29002,CACHOEIRA,815.32,20.44,29.34,2.7,3.5,2020-04-28
29002,CACHOEIRA,815.27,20.13,28.9,2.67,3.5,2020-04-29
29002,CACHOEIRA,815.21,19.75,28.36,2.3,3.5,2020-04-30
29002,CACHOEIRA,815.16,19.44,27.91,3.44,3.5,2020-05-01
29002,CACHOEIRA,815.16,19.44,27.91,3.44,3.5,2020-05-01
29002,CACHOEIRA,815.22,19.81,28.45,2.95,3.5,2020-05-02
29002,CACHOEIRA,815.28,20.19,28.99,2.78,3.5,2020-05-03
29002,CACHOEIRA,815.34,20.56,29.52,2.65,3.5,2020-05-04
29002,CACHOEIRA,815.39,20.88,29.97,2.44,3.5,2020-05-05
29002,CACHOEIRA,815.44,21.19,30.42,2.83,3.5,2020-05-06
29002,CACHOEIRA,815.48,21.44,30.79,2.57,3.5,2020-05-07
29002,CACHOEIRA,815.51,21.63,31.06,2.91,4.02,2020-05-08
29002,CACHOEIRA,815.53,21.76,31.24,2.84,4.5,2020-05-09
29002,CACHOEIRA,815.54,21.82,31.33,2.49,4.5,2020-05-10
29002,CACHOEIRA,815.54,21.82,31.33,1.91,4.5,2020-05-11
29002,CACHOEIRA,815.54,21.82,31.33,2.34,4.5,2020-05-12
29002,CACHOEIRA,815.53,21.76,31.24,2.21,4.5,2020-05-13
29002,CACHOEIRA,815.52,21.7,31.15,2.77,4.5,2020-05-14
29002,CACHOEIRA,815.52,21.7,31.15,3.69,4.5,2020-05-15
29002,CACHOEIRA,815.51,21.63,31.06,3.04,4.5,2020-05-16
29002,CACHOEIRA,815.49,21.51,30.88,3.38,4.5,2020-05-17
29002,CACHOEIRA,815.46,21.32,30.61,2.84,4.5,2020-05-18
29002,CACHOEIRA,815.43,21.13,30.33,3.03,4.5,2020-05-19
29002,CACHOEIRA,815.43,21.13,30.33,3.14,4.5,2020-05-20
29002,CACHOEIRA,815.43,21.13,30.33,3.02,4.5,2020-05-21
29002,CACHOEIRA,815.51,21.63,31.06,3.35,4.5,2020-05-22
29002,CACHOEIRA,815.58,22.07,31.69,2.28,4.5,2020-05-23
29002,CACHOEIRA,815.65,22.52,32.33,2.39,4.5,2020-05-24
29002,CACHOEIRA,815.72,22.97,32.97,2.49,4.5,2020-05-25
29002,CACHOEIRA,815.76,23.22,33.34,1.67,4.5,2020-05-26
29002,CACHOEIRA,815.78,23.35,33.53,1.11,4.5,2020-05-27
29002,CACHOEIRA,815.79,23.41,33.62,1.39,4.5,2020-05-28
29002,CACHOEIRA,815.8,23.48,33.71,1.96,4.5,2020-05-29
29002,CACHOEIRA,815.74,23.09,33.16,2.07,4.5,2020-05-30
29002,CACHOEIRA,815.67,22.65,32.52,1.24,4.5,2020-05-31
29002,CACHOEIRA,815.61,22.27,31.97,1.9,4.5,2020-06-01
29002,CACHOEIRA,815.61,22.27,31.97,1.9,4.5,2020-06-01
29002,CACHOEIRA,815.54,21.82,31.33,1.26,4.5,2020-06-02
29002,CACHOEIRA,815.48,21.44,30.79,2.83,4.5,2020-06-03
29002,CACHOEIRA,815.4,20.94,30.06,1.85,4.5,2020-06-04
29002,CACHOEIRA,815.44,21.19,30.42,5.23,4.5,2020-06-05
29002,CACHOEIRA,815.48,21.44,30.79,4.09,4.5,2020-06-06
29002,CACHOEIRA,815.55,21.88,31.42,6.32,4.5,2020-06-07
29002,CACHOEIRA,815.65,22.52,32.33,7.58,3.45,2020-06-08
29002,CACHOEIRA,815.73,23.03,33.07,5.86,3.0,2020-06-09
29002,CACHOEIRA,815.79,23.41,33.62,4.6,3.0,2020-06-10
29002,CACHOEIRA,815.9,24.12,34.63,3.45,3.0,2020-06-11
29002,CACHOEIRA,816.03,24.97,35.84,2.89,3.92,2020-06-12
29002,CACHOEIRA,816.13,25.62,36.78,1.57,4.5,2020-06-13
29002,CACHOEIRA,816.23,26.27,37.72,2.05,4.5,2020-06-14
29002,CACHOEIRA,816.32,26.87,38.58,1.91,4.5,2020-06-15
29002,CACHOEIRA,816.4,27.4,39.34,1.83,4.51,2020-06-16
29002,CACHOEIRA,816.47,27.86,40.01,2.11,5.0,2020-06-17
29002,CACHOEIRA,816.53,28.27,40.58,2.03,5.0,2020-06-18
29002,CACHOEIRA,816.58,28.6,41.06,1.94,5.0,2020-06-19
29002,CACHOEIRA,816.63,28.94,41.55,2.55,5.0,2020-06-20
29002,CACHOEIRA,816.67,29.21,41.93,2.25,5.0,2020-06-21
29002,CACHOEIRA,816.71,29.48,42.32,2.8,5.0,2020-06-22
29002,CACHOEIRA,816.74,29.68,42.61,2.55,5.0,2020-06-23
29002,CACHOEIRA,816.75,29.75,42.71,2.95,5.0,2020-06-24
29002,CACHOEIRA,816.74,29.68,42.61,1.79,5.0,2020-06-25
29002,CACHOEIRA,816.74,29.68,42.61,2.98,5.0,2020-06-26
29002,CACHOEIRA,816.73,29.61,42.52,2.31,5.0,2020-06-27
29002,CACHOEIRA,816.77,29.88,42.9,5.7,4.45,2020-06-28
29002,CACHOEIRA,816.79,30.02,43.1,3.75,4.0,2020-06-29
29002,CACHOEIRA,816.8,30.09,43.2,3.04,4.0,2020-06-30
29002,CACHOEIRA,816.81,30.15,43.29,3.13,4.0,2020-07-01
29002,CACHOEIRA,816.81,30.15,43.29,3.13,4.0,2020-07-01
29002,CACHOEIRA,816.8,30.09,43.2,1.93,4.0,2020-07-02
29002,CACHOEIRA,816.83,30.29,43.49,3.44,4.56,2020-07-03
29002,CACHOEIRA,816.84,30.36,43.59,1.7,5.0,2020-07-04
29002,CACHOEIRA,816.85,30.43,43.69,0.9,5.0,2020-07-05
29002,CACHOEIRA,816.86,30.5,43.78,2.11,5.0,2020-07-06
29002,CACHOEIRA,816.86,30.53,43.83,2.23,5.0,2020-07-07
29002,CACHOEIRA,816.86,30.5,43.78,1.98,5.0,2020-07-08
29002,CACHOEIRA,816.85,30.43,43.69,1.77,5.0,2020-07-09
29002,CACHOEIRA,816.84,30.36,43.59,2.21,5.0,2020-07-10
29002,CACHOEIRA,816.83,30.29,43.49,2.28,5.0,2020-07-11
29002,CACHOEIRA,816.82,30.22,43.39,2.43,5.0,2020-07-12
29002,CACHOEIRA,816.8,30.09,43.2,2.15,5.0,2020-07-13
29002,CACHOEIRA,816.79,30.02,43.1,2.99,5.0,2020-07-14
29002,CACHOEIRA,816.76,29.81,42.81,1.8,5.0,2020-07-15
29002,CACHOEIRA,816.74,29.68,42.61,2.97,5.0,2020-07-16
29002,CACHOEIRA,816.72,29.52,42.38,2.95,5.0,2020-07-17
29002,CACHOEIRA,816.7,29.41,42.22,3.75,5.0,2020-07-18
29002,CACHOEIRA,816.67,29.21,41.93,2.64,5.0,2020-07-19
29002,CACHOEIRA,816.64,29.0,41.64,2.76,5.0,2020-07-20
29002,CACHOEIRA,816.6,28.73,41.26,2.39,5.0,2020-07-21
29002,CACHOEIRA,816.57,28.5,40.92,2.82,5.0,2020-07-22
29002,CACHOEIRA,816.53,28.27,40.58,2.85,5.0,2020-07-23
29002,CACHOEIRA,816.49,28.0,40.2,2.48,5.0,2020-07-24
29002,CACHOEIRA,816.45,27.73,39.81,2.45,5.0,2020-07-25
29002,CACHOEIRA,816.31,26.8,38.48,2.27,5.0,2020-07-26
29002,CACHOEIRA,816.16,25.81,37.06,2.16,5.0,2020-07-27
29002,CACHOEIRA,816.01,24.84,35.66,1.58,5.0,2020-07-28
29002,CACHOEIRA,816.15,25.75,36.97,3.15,5.0,2020-07-29
29002,CACHOEIRA,816.28,26.64,38.24,3.25,5.0,2020-07-30
29002,CACHOEIRA,816.41,27.5,39.48,3.18,5.0,2020-07-31
29002,CACHOEIRA,816.55,28.4,40.77,3.86,5.0,2020-08-01
29002,CACHOEIRA,816.55,28.4,40.77,3.86,5.0,2020-08-01
29002,CACHOEIRA,816.62,28.87,41.45,1.29,5.0,2020-08-02
29002,CACHOEIRA,816.58,28.6,41.06,2.88,5.0,2020-08-03
29002,CACHOEIRA,816.52,28.2,40.49,1.5,5.04,2020-08-04
29002,CACHOEIRA,816.39,27.33,39.24,1.39,5.5,2020-08-05
29002,CACHOEIRA,816.22,26.18,37.58,1.12,5.5,2020-08-06
29002,CACHOEIRA,816.04,25.03,35.94,1.55,5.5,2020-08-07
29002,CACHOEIRA,815.94,24.38,35.01,1.49,4.58,2020-08-08
29002,CACHOEIRA,815.88,23.99,34.45,2.35,5.5,2020-08-09
29002,CACHOEIRA,815.82,23.61,33.89,1.31,5.5,2020-08-10
29002,CACHOEIRA,815.78,23.32,33.48,1.24,5.5,2020-08-11
29002,CACHOEIRA,815.73,23.03,33.07,1.3,5.5,2020-08-12
29002,CACHOEIRA,815.67,22.65,32.52,1.35,5.5,2020-08-13
29002,CACHOEIRA,815.58,22.07,31.69,1.35,5.5,2020-08-14
29002,CACHOEIRA,815.5,21.57,30.97,1.85,5.5,2020-08-15
29002,CACHOEIRA,815.43,21.13,30.33,2.72,5.5,2020-08-16
29002,CACHOEIRA,815.37,20.75,29.79,1.84,5.5,2020-08-17
29002,CACHOEIRA,815.35,20.63,29.61,3.37,5.11,2020-08-18
29002,CACHOEIRA,815.47,21.38,30.7,1.89,4.09,2020-08-19
29002,CACHOEIRA,815.62,22.33,32.06,1.9,4.0,2020-08-20
29002,CACHOEIRA,815.73,23.06,33.11,1.74,4.0,2020-08-21
29002,CACHOEIRA,815.88,23.99,34.45,4.07,3.62,2020-08-22
29002,CACHOEIRA,816.02,24.9,35.75,3.91,3.5,2020-08-23
29002,CACHOEIRA,816.15,25.75,36.97,2.46,3.5,2020-08-24
29002,CACHOEIRA,816.26,26.47,38.01,1.82,3.57,2020-08-25
29002,CACHOEIRA,816.28,26.6,38.2,1.81,4.5,2020-08-26
29002,CACHOEIRA,816.4,27.4,39.34,1.71,4.58,2020-08-27
29002,CACHOEIRA,816.51,28.13,40.39,2.2,5.5,2020-08-28
29002,CACHOEIRA,816.51,28.13,40.39,2.42,5.5,2020-08-29
29002,CACHOEIRA,816.48,27.93,40.1,1.35,5.5,2020-08-30
29002,CACHOEIRA,816.45,27.73,39.81,1.7,5.5,2020-08-31
29002,CACHOEIRA,816.38,27.25,39.13,1.71,5.5,2020-09-01
29002,CACHOEIRA,816.38,27.25,39.13,1.71,5.5,2020-09-01
29002,CACHOEIRA,816.32,26.87,38.58,1.35,5.5,2020-09-02
29002,CACHOEIRA,816.25,26.41,37.91,1.15,5.5,2020-09-03
29002,CACHOEIRA,816.18,25.92,37.21,1.0,5.5,2020-09-04
29002,CACHOEIRA,816.09,25.39,36.45,0.76,5.5,2020-09-05
29002,CACHOEIRA,816.01,24.83,35.65,0.45,5.5,2020-09-06
29002,CACHOEIRA,815.91,24.22,34.77,0.35,5.5,2020-09-07
29002,CACHOEIRA,815.82,23.58,33.85,0.64,5.5,2020-09-08
29002,CACHOEIRA,815.7,22.83,32.78,0.63,5.5,2020-09-09
29002,CACHOEIRA,815.59,22.11,31.74,0.66,5.5,2020-09-10
29002,CACHOEIRA,815.47,21.38,30.7,0.51,5.5,2020-09-11
29002,CACHOEIRA,815.46,21.29,30.56,0.66,5.5,2020-09-12
29002,CACHOEIRA,815.43,21.16,30.38,0.42,5.5,2020-09-13
29002,CACHOEIRA,815.42,21.06,30.24,0.61,5.5,2020-09-14
29002,CACHOEIRA,815.38,20.81,29.88,0.55,5.5,2020-09-15
29002,CACHOEIRA,815.32,20.44,29.34,0.22,5.5,2020-09-16
29002,CACHOEIRA,815.27,20.13,28.9,0.62,5.5,2020-09-17
29002,CACHOEIRA,815.22,19.78,28.4,0.42,5.5,2020-09-18
29002,CACHOEIRA,815.14,19.31,27.73,0.5,5.5,2020-09-19
29002,CACHOEIRA,815.06,18.82,27.02,0.44,5.5,2020-09-20
29002,CACHOEIRA,814.97,18.3,26.28,0.43,5.5,2020-09-21
29002,CACHOEIRA,815.0,18.46,26.5,3.28,5.5,2020-09-22
29002,CACHOEIRA,815.08,18.94,27.2,1.9,5.06,2020-09-23
29002,CACHOEIRA,815.13,19.26,27.65,0.27,5.0,2020-09-24
29002,CACHOEIRA,815.14,19.32,27.74,0.22,5.0,2020-09-25
29002,CACHOEIRA,815.15,19.38,27.83,0.98,5.04,2020-09-26
29002,CACHOEIRA,815.13,19.26,27.65,1.39,5.5,2020-09-27
29002,CACHOEIRA,815.1,19.07,27.38,1.04,5.5,2020-09-28
29002,CACHOEIRA,815.14,19.32,27.74,0.36,5.5,2020-09-29
29002,CACHOEIRA,815.19,19.63,28.18,0.84,5.5,2020-09-30
29002,CACHOEIRA,815.22,19.81,28.45,0.8,5.5,2020-10-01
29002,CACHOEIRA,815.22,19.81,28.45,0.8,5.5,2020-10-01
29002,CACHOEIRA,815.25,20.0,28.72,1.06,5.5,2020-10-02
29002,CACHOEIRA,815.29,20.25,29.08,0.64,5.5,2020-10-03
29002,CACHOEIRA,815.32,20.44,29.34,0.49,5.5,2020-10-04
29002,CACHOEIRA,815.35,20.61,29.6,0.59,5.5,2020-10-05
29002,CACHOEIRA,815.35,20.63,29.61,0.73,5.5,2020-10-06
29002,CACHOEIRA,815.39,20.88,29.97,0.55,5.5,2020-10-07
29002,CACHOEIRA,815.45,21.25,30.52,0.44,5.5,2020-10-08
29002,CACHOEIRA,815.51,21.63,31.05,1.82,5.5,2020-10-09
29002,CACHOEIRA,815.56,21.94,31.5,2.13,5.5,2020-10-10
29002,CACHOEIRA,815.58,22.07,31.69,0.58,5.16,2020-10-11
29002,CACHOEIRA,815.6,22.2,31.88,0.99,5.0,2020-10-12
29002,CACHOEIRA,815.59,22.14,31.79,0.6,5.0,2020-10-13
29002,CACHOEIRA,815.57,22.01,31.6,0.42,5.0,2020-10-14
29002,CACHOEIRA,815.54,21.82,31.33,0.59,5.0,2020-10-15
29002,CACHOEIRA,815.51,21.63,31.06,1.21,5.0,2020-10-16
29002,CACHOEIRA,815.46,21.32,30.61,0.28,5.0,2020-10-17
29002,CACHOEIRA,815.41,21.0,30.14,0.21,5.0,2020-10-18
29002,CACHOEIRA,815.34,20.56,29.52,0.36,5.0,2020-10-19
29002,CACHOEIRA,815.36,20.71,29.73,0.73,5.0,2020-10-20
29002,CACHOEIRA,815.45,21.25,30.52,1.69,5.0,2020-10-21
29002,CACHOEIRA,815.54,21.82,31.33,0.65,5.0,2020-10-22
29002,CACHOEIRA,815.62,22.33,32.06,0.58,5.0,2020-10-23
29002,CACHOEIRA,815.71,22.9,32.88,1.95,5.0,2020-10-24
29002,CACHOEIRA,815.77,23.29,33.43,1.54,5.0,2020-10-25
29002,CACHOEIRA,815.83,23.67,33.99,2.36,5.0,2020-10-26
29002,CACHOEIRA,815.78,23.34,33.52,1.47,5.0,2020-10-27
29002,CACHOEIRA,815.71,22.9,32.87,1.01,5.0,2020-10-28
29002,CACHOEIRA,815.62,22.33,32.06,1.06,5.0,2020-10-29
29002,CACHOEIRA,815.57,22.01,31.6,4.16,5.0,2020-10-30
29002,CACHOEIRA,815.57,22.01,31.6,2.67,5.0,2020-10-31
29002,CACHOEIRA,815.6,22.2,31.88,1.01,5.0,2020-11-01
29002,CACHOEIRA,815.6,22.2,31.88,1.01,5.0,2020-11-01
29002,CACHOEIRA,815.63,22.39,32.15,1.04,5.0,2020-11-02
29002,CACHOEIRA,815.64,22.46,32.24,0.79,5.0,2020-11-03
29002,CACHOEIRA,815.65,22.52,32.33,1.81,5.0,2020-11-04
29002,CACHOEIRA,815.65,22.52,32.33,2.09,5.0,2020-11-05
29002,CACHOEIRA,815.73,23.03,33.07,1.13,5.0,2020-11-06
29002,CACHOEIRA,815.81,23.54,33.8,1.3,5.04,2020-11-07
29002,CACHOEIRA,815.72,22.93,32.93,0.55,5.5,2020-11-08
29002,CACHOEIRA,815.58,22.07,31.69,0.33,5.5,2020-11-09
29002,CACHOEIRA,815.58,22.07,31.69,1.82,5.5,2020-11-10
29002,CACHOEIRA,815.6,22.2,31.88,1.0,5.04,2020-11-11
29002,CACHOEIRA,815.63,22.39,32.15,2.54,5.0,2020-11-12
29002,CACHOEIRA,815.71,22.89,32.86,6.81,4.54,2020-11-13
29002,CACHOEIRA,815.75,23.17,33.27,5.07,4.04,2020-11-14
29002,CACHOEIRA,815.76,23.22,33.34,1.67,4.08,2020-11-15
29002,CACHOEIRA,815.73,23.03,33.07,1.34,5.0,2020-11-16
29002,CACHOEIRA,815.88,23.99,34.45,4.15,5.0,2020-11-17
29002,CACHOEIRA,816.11,25.49,36.59,5.21,5.0,2020-11-18
29002,CACHOEIRA,816.4,27.4,39.34,23.5,4.1,2020-11-19
29002,CACHOEIRA,816.56,28.47,40.87,15.43,3.07,2020-11-20
29002,CACHOEIRA,816.61,28.8,41.35,8.18,3.0,2020-11-21
29002,CACHOEIRA,816.61,28.8,41.35,4.3,3.0,2020-11-22
29002,CACHOEIRA,816.6,28.73,41.26,3.52,3.0,2020-11-23
29002,CACHOEIRA,816.41,27.46,39.43,2.31,3.17,2020-11-24
29002,CACHOEIRA,816.17,25.88,37.16,1.4,5.04,2020-11-25
29002,CACHOEIRA,816.07,25.23,36.22,1.13,5.5,2020-11-26
29002,CACHOEIRA,816.05,25.1,36.03,3.47,5.5,2020-11-27
29002,CACHOEIRA,816.02,24.9,35.75,1.88,5.5,2020-11-28
29002,CACHOEIRA,815.97,24.58,35.28,0.46,5.5,2020-11-29
29002,CACHOEIRA,815.94,24.38,35.01,3.11,5.5,2020-11-30
29002,CACHOEIRA,815.91,24.19,34.73,3.47,5.5,2020-12-01
29002,CACHOEIRA,815.91,24.19,34.73,3.47,5.5,2020-12-01
29002,CACHOEIRA,815.89,24.06,34.54,3.93,3.74,2020-12-02
29002,CACHOEIRA,815.87,23.93,34.36,4.26,3.5,2020-12-03
29002,CACHOEIRA,815.83,23.67,33.99,3.24,3.5,2020-12-04
29002,CACHOEIRA,815.76,23.22,33.34,2.78,4.94,2020-12-05
29002,CACHOEIRA,815.75,23.16,33.25,7.33,5.0,2020-12-06
29002,CACHOEIRA,815.76,23.22,33.34,8.48,5.0,2020-12-07
29002,CACHOEIRA,815.87,23.93,34.36,14.5,4.45,2020-12-08
29002,CACHOEIRA,815.96,24.51,35.19,10.39,2.16,2020-12-09
29002,CACHOEIRA,815.96,24.51,35.19,7.59,2.0,2020-12-10
29002,CACHOEIRA,815.94,24.38,35.01,6.09,2.0,2020-12-11
29002,CACHOEIRA,815.72,22.97,32.97,3.96,2.0,2020-12-12
29002,CACHOEIRA,815.52,21.7,31.15,6.07,2.0,2020-12-13
29002,CACHOEIRA,815.34,20.56,29.52,8.35,2.96,2020-12-14
29002,CACHOEIRA,815.26,20.06,28.81,5.78,2.14,2020-12-15
29002,CACHOEIRA,815.34,20.56,29.52,12.31,2.0,2020-12-16
29002,CACHOEIRA,815.43,21.13,30.33,13.09,2.0,2020-12-17
29002,CACHOEIRA,815.3,20.31,29.16,9.5,2.0,2020-12-18
29002,CACHOEIRA,815.35,20.63,29.61,7.44,3.92,2020-12-19
29002,CACHOEIRA,815.39,20.88,29.97,7.03,4.0,2020-12-20
29002,CACHOEIRA,815.45,21.25,30.52,9.4,4.96,2020-12-21
29002,CACHOEIRA,815.49,21.51,30.88,7.84,5.0,2020-12-22
29002,CACHOEIRA,815.59,22.14,31.79,12.11,5.0,2020-12-23
29002,CACHOEIRA,815.63,22.39,32.15,7.8,5.0,2020-12-24
29002,CACHOEIRA,815.65,22.52,32.33,6.38,5.0,2020-12-25
29002,CACHOEIRA,815.63,22.39,32.15,3.46,5.0,2020-12-26
29002,CACHOEIRA,815.72,22.97,32.97,6.04,5.0,2020-12-27
29002,CACHOEIRA,815.92,24.25,34.82,13.08,4.14,2020-12-28
29002,CACHOEIRA,815.97,24.58,35.28,9.18,3.1,2020-12-29
29002,CACHOEIRA,816.13,25.62,36.78,13.76,1.26,2020-12-30
29002,CACHOEIRA,816.2,26.08,37.44,7.08,0.5,2020-12-31
29002,CACHOEIRA,816.26,26.47,38.01,6.34,0.5,2021-01-01
29002,CACHOEIRA,816.26,26.47,38.01,6.34,0.5,2021-01-01
29002,CACHOEIRA,816.31,26.8,38.48,5.59,0.5,2021-01-02
29002,CACHOEIRA,816.32,26.87,38.58,4.46,2.42,2021-01-03
29002,CACHOEIRA,816.34,27.0,38.77,5.3,2.5,2021-01-04
29002,CACHOEIRA,816.34,27.0,38.77,3.77,2.5,2021-01-05
29002,CACHOEIRA,816.34,27.0,38.77,3.77,2.5,2021-01-06
29002,CACHOEIRA,816.24,26.34,37.82,4.91,2.5,2021-01-07
29002,CACHOEIRA,816.13,25.62,36.78,5.86,2.5,2021-01-08
29002,CACHOEIRA,816.03,24.97,35.84,6.66,2.5,2021-01-09
29002,CACHOEIRA,815.97,24.58,35.28,9.57,2.5,2021-01-10
29002,CACHOEIRA,815.93,24.32,34.91,11.05,2.5,2021-01-11
29002,CACHOEIRA,815.89,24.06,34.54,9.76,1.24,2021-01-12
29002,CACHOEIRA,815.97,24.58,35.28,8.83,0.54,2021-01-13
29002,CACHOEIRA,816.17,25.88,37.16,15.59,0.5,2021-01-14
29002,CACHOEIRA,816.42,27.53,39.53,20.88,0.5,2021-01-15
29002,CACHOEIRA,816.75,29.75,42.71,26.76,0.5,2021-01-16
29002,CACHOEIRA,816.95,31.11,44.67,16.3,0.5,2021-01-17
29002,CACHOEIRA,817.09,32.07,46.05,11.67,0.5,2021-01-18
29002,CACHOEIRA,817.22,32.98,47.35,10.96,0.5,2021-01-19
29002,CACHOEIRA,817.34,33.81,48.55,10.22,0.5,2021-01-20
29002,CACHOEIRA,817.46,34.66,49.76,10.29,0.5,2021-01-21
29002,CACHOEIRA,817.58,35.51,50.98,10.34,0.5,2021-01-22
29002,CACHOEIRA,817.67,36.15,51.9,10.32,2.9,2021-01-23
29002,CACHOEIRA,817.68,36.22,52.0,5.27,4.44,2021-01-24
29002,CACHOEIRA,817.69,36.29,52.11,5.33,4.5,2021-01-25
29002,CACHOEIRA,817.7,36.36,52.21,5.33,4.5,2021-01-26
29002,CACHOEIRA,817.74,36.65,52.62,6.5,3.16,2021-01-27
29002,CACHOEIRA,817.75,36.72,52.72,3.87,3.0,2021-01-28
29002,CACHOEIRA,817.77,36.87,52.93,3.83,2.13,2021-01-29
29002,CACHOEIRA,817.79,37.01,53.14,3.7,2.0,2021-01-30
29002,CACHOEIRA,817.81,37.15,53.34,3.67,2.0,2021-01-31
29002,CACHOEIRA,817.69,36.29,52.11,3.51,2.97,2021-02-01
29002,CACHOEIRA,817.69,36.29,52.11,3.51,2.97,2021-02-01
29002,CACHOEIRA,817.52,35.08,50.37,4.95,3.96,2021-02-02
29002,CACHOEIRA,817.39,34.17,49.05,8.23,4.0,2021-02-03
29002,CACHOEIRA,817.21,32.91,47.25,4.15,4.0,2021-02-04
29002,CACHOEIRA,817.06,31.87,45.75,6.54,4.0,2021-02-05
29002,CACHOEIRA,817.33,33.74,48.45,33.19,3.44,2021-02-06
29002,CACHOEIRA,817.64,35.94,51.59,29.75,3.0,2021-02-07
29002,CACHOEIRA,817.73,36.58,52.52,11.85,3.0,2021-02-08
29002,CACHOEIRA,817.77,36.87,52.93,7.73,3.0,2021-02-09
29002,CACHOEIRA,817.8,37.08,53.24,6.5,3.0,2021-02-10
29002,CACHOEIRA,817.86,37.51,53.86,9.41,3.0,2021-02-11
29002,CACHOEIRA,817.92,37.95,54.48,8.44,2.0,2021-02-12
29002,CACHOEIRA,818.13,39.48,56.68,20.64,1.5,2021-02-13
29002,CACHOEIRA,818.3,40.73,58.48,17.42,1.5,2021-02-14
29002,CACHOEIRA,818.38,41.32,59.33,9.81,1.5,2021-02-15
29002,CACHOEIRA,818.43,41.69,59.86,7.31,1.5,2021-02-16
29002,CACHOEIRA,818.37,41.25,59.22,5.87,1.5,2021-02-17
29002,CACHOEIRA,818.36,41.17,59.12,10.27,0.95,2021-02-18
29002,CACHOEIRA,818.35,41.1,59.01,9.57,0.25,2021-02-19
29002,CACHOEIRA,818.31,40.8,58.58,6.88,0.15,2021-02-20
29002,CACHOEIRA,818.24,40.29,57.84,4.6,0.45,2021-02-21
29002,CACHOEIRA,818.17,39.77,57.1,7.14,3.0,2021-02-22
29002,CACHOEIRA,818.09,39.18,56.26,7.1,3.83,2021-02-23
29002,CACHOEIRA,817.97,38.31,55.0,4.38,4.5,2021-02-24
29002,CACHOEIRA,817.86,37.51,53.86,5.22,4.5,2021-02-25
29002,CACHOEIRA,817.75,36.72,52.72,5.21,4.5,2021-02-26
29002,CACHOEIRA,817.71,36.44,52.31,10.18,3.66,2021-02-27
29002,CACHOEIRA,817.61,35.72,51.29,5.03,3.5,2021-02-28
29002,CACHOEIRA,817.51,35.01,50.27,5.03,3.5,2021-03-01
29002,CACHOEIRA,817.51,35.01,50.27,5.03,3.5,2021-03-01
29002,CACHOEIRA,817.41,34.31,49.26,5.02,3.5,2021-03-02
29002,CACHOEIRA,817.3,33.53,48.15,4.19,3.5,2021-03-03
29002,CACHOEIRA,817.18,32.7,46.95,3.38,3.5,2021-03-04
29002,CACHOEIRA,817.07,31.94,45.85,4.19,3.5,2021-03-05
29002,CACHOEIRA,817.04,31.73,45.56,4.75,3.5,2021-03-06
29002,CACHOEIRA,817.09,32.07,46.05,8.83,3.5,2021-03-07
29002,CACHOEIRA,817.3,33.53,48.15,19.21,0.96,2021-03-08
29002,CACHOEIRA,817.44,34.52,49.56,13.24,0.5,2021-03-09
29002,CACHOEIRA,817.52,35.08,50.37,8.42,0.5,2021-03-10
29002,CACHOEIRA,817.57,35.44,50.88,5.69,0.5,2021-03-11
29002,CACHOEIRA,817.63,35.86,51.49,6.82,0.5,2021-03-12
29002,CACHOEIRA,817.69,36.29,52.11,6.84,0.5,2021-03-13
29002,CACHOEIRA,817.73,36.58,52.52,5.2,0.5,2021-03-14
29002,CACHOEIRA,817.75,36.72,52.72,6.22,3.17,2021-03-15
29002,CACHOEIRA,817.76,36.79,52.83,6.23,4.0,2021-03-16
29002,CACHOEIRA,817.75,36.72,52.72,4.57,4.0,2021-03-17
29002,CACHOEIRA,817.76,36.79,52.83,6.23,4.0,2021-03-18
29002,CACHOEIRA,817.82,37.23,53.45,7.75,1.35,2021-03-19
29002,CACHOEIRA,817.89,37.73,54.17,8.26,1.0,2021-03-20
29002,CACHOEIRA,817.93,38.02,54.59,5.76,1.0,2021-03-21
29002,CACHOEIRA,817.97,38.31,55.0,5.77,1.0,2021-03-22
29002,CACHOEIRA,818.0,38.53,55.32,4.54,1.0,2021-03-23
29002,CACHOEIRA,817.92,37.95,54.48,3.85,1.71,2021-03-24
29002,CACHOEIRA,817.81,37.15,53.34,3.98,3.0,2021-03-25
29002,CACHOEIRA,817.7,36.36,52.21,4.4,3.43,2021-03-26
29002,CACHOEIRA,817.57,35.44,50.88,3.81,4.5,2021-03-27
29002,CACHOEIRA,817.44,34.52,49.56,3.82,4.5,2021-03-28
29002,CACHOEIRA,817.33,33.74,48.45,5.46,4.5,2021-03-29
29002,CACHOEIRA,817.17,32.63,46.85,7.31,4.5,2021-03-30
29002,CACHOEIRA,816.97,31.25,44.86,5.84,4.5,2021-03-31
29002,CACHOEIRA,816.76,29.81,42.81,5.02,4.5,2021-04-01
29002,CACHOEIRA,816.76,29.81,42.81,5.02,4.5,2021-04-01
29002,CACHOEIRA,816.54,28.33,40.68,4.21,4.5,2021-04-02
29002,CACHOEIRA,816.33,26.93,38.67,4.99,4.5,2021-04-03
29002,CACHOEIRA,816.11,25.49,36.59,4.15,4.5,2021-04-04
29002,CACHOEIRA,815.89,24.06,34.54,4.12,4.5,2021-04-05
29002,CACHOEIRA,815.71,22.9,32.88,5.08,4.5,2021-04-06
29002,CACHOEIRA,815.54,21.82,31.33,5.27,4.5,2021-04-07
29002,CACHOEIRA,815.5,21.57,30.97,4.71,4.5,2021-04-08
29002,CACHOEIRA,815.5,21.57,30.97,2.65,4.5,2021-04-09
29002,CACHOEIRA,815.5,21.57,30.97,2.67,4.5,2021-04-10
29002,CACHOEIRA,815.49,21.51,30.88,1.94,4.5,2021-04-11
29002,CACHOEIRA,815.49,21.51,30.88,2.66,4.5,2021-04-12
29002,CACHOEIRA,815.47,21.37,30.68,1.08,4.54,2021-04-13
29002,CACHOEIRA,815.44,21.18,30.42,1.0,5.0,2021-04-14
29002,CACHOEIRA,815.39,20.88,29.97,1.52,5.0,2021-04-15
29002,CACHOEIRA,815.36,20.69,29.7,2.87,5.0,2021-04-16
29002,CACHOEIRA,815.27,20.13,28.9,0.6,5.0,2021-04-17
29002,CACHOEIRA,815.19,19.63,28.18,1.71,5.0,2021-04-18
29002,CACHOEIRA,815.12,19.2,27.56,2.27,5.0,2021-04-19
29002,CACHOEIRA,815.1,19.07,27.38,5.18,5.0,2021-04-20
29002,CACHOEIRA,815.2,19.69,28.27,2.86,5.0,2021-04-21
29002,CACHOEIRA,815.29,20.25,29.08,2.28,5.0,2021-04-22
29002,CACHOEIRA,815.37,20.75,29.79,1.67,5.0,2021-04-23
29002,CACHOEIRA,815.44,21.19,30.42,1.05,5.0,2021-04-24
29002,CACHOEIRA,815.5,21.57,30.97,0.8,5.0,2021-04-25
29002,CACHOEIRA,815.57,22.01,31.6,1.08,5.0,2021-04-26
29002,CACHOEIRA,815.65,22.52,32.33,1.52,5.0,2021-04-27
29002,CACHOEIRA,815.72,22.97,32.97,0.88,5.0,2021-04-28
29002,CACHOEIRA,815.78,23.35,33.53,0.23,5.0,2021-04-29
29002,CACHOEIRA,815.84,23.74,34.08,0.31,5.0,2021-04-30
29002,CACHOEIRA,815.9,24.12,34.63,0.29,5.0,2021-05-01
29002,CACHOEIRA,815.9,24.12,34.63,0.29,5.0,2021-05-01
29002,CACHOEIRA,815.96,24.51,35.19,0.5,5.0,2021-05-02
29002,CACHOEIRA,815.98,24.66,35.41,0.08,5.0,2021-05-03
29002,CACHOEIRA,816.01,24.84,35.67,0.14,5.0,2021-05-04
29002,CACHOEIRA,816.03,24.99,35.88,0.26,5.0,2021-05-05
29002,CACHOEIRA,816.06,25.16,36.12,0.52,5.0,2021-05-06
29002,CACHOEIRA,816.08,25.29,36.31,0.48,5.0,2021-05-07
29002,CACHOEIRA,816.1,25.45,36.54,0.4,5.0,2021-05-08
29002,CACHOEIRA,816.12,25.55,36.69,0.31,5.0,2021-05-09
29002,CACHOEIRA,816.11,25.5,36.61,0.19,5.0,2021-05-10
29002,CACHOEIRA,816.11,25.49,36.59,0.46,5.0,2021-05-11
29002,CACHOEIRA,816.11,25.49,36.59,1.11,5.0,2021-05-12
29002,CACHOEIRA,816.12,25.55,36.69,1.86,5.0,2021-05-13
29002,CACHOEIRA,816.16,25.81,37.06,1.33,3.18,2021-05-14
29002,CACHOEIRA,816.18,25.95,37.25,1.66,3.0,2021-05-15
29002,CACHOEIRA,816.2,26.1,37.48,0.48,3.0,2021-05-16
29002,CACHOEIRA,816.22,26.21,37.63,0.41,3.0,2021-05-17
29002,CACHOEIRA,816.23,26.27,37.72,0.66,3.0,2021-05-18
29002,CACHOEIRA,816.22,26.21,37.63,0.44,3.0,2021-05-19
29002,CACHOEIRA,816.21,26.14,37.53,0.89,3.63,2021-05-20
29002,CACHOEIRA,816.18,25.95,37.25,1.32,5.0,2021-05-21
29002,CACHOEIRA,816.14,25.68,36.88,0.14,5.0,2021-05-22
29002,CACHOEIRA,816.12,25.55,36.69,1.6,5.0,2021-05-23
29002,CACHOEIRA,816.09,25.36,36.41,1.56,5.0,2021-05-24
29002,CACHOEIRA,816.05,25.1,36.03,1.18,5.0,2021-05-25
29002,CACHOEIRA,816.01,24.84,35.66,1.39,5.0,2021-05-26
29002,CACHOEIRA,815.97,24.58,35.28,1.27,5.0,2021-05-27
29002,CACHOEIRA,815.94,24.38,35.01,0.99,5.0,2021-05-28
29002,CACHOEIRA,815.9,24.12,34.63,0.41,5.0,2021-05-29
29002,CACHOEIRA,815.86,23.86,34.26,1.37,5.0,2021-05-30
29002,CACHOEIRA,815.86,23.86,34.25,3.78,5.0,2021-05-31
29002,CACHOEIRA,815.83,23.64,33.94,1.29,5.0,2021-06-01
29002,CACHOEIRA,815.83,23.64,33.94,1.29,5.0,2021-06-01
29002,CACHOEIRA,815.77,23.29,33.43,0.6,4.29,2021-06-02
29002,CACHOEIRA,815.73,23.03,33.07,1.44,4.0,2021-06-03
29002,CACHOEIRA,815.7,22.84,32.79,0.99,4.0,2021-06-04
29002,CACHOEIRA,815.66,22.61,32.46,0.51,4.0,2021-06-05
29002,CACHOEIRA,815.61,22.29,32.0,1.1,4.0,2021-06-06
29002,CACHOEIRA,815.56,21.95,31.51,0.8,4.0,2021-06-07
29002,CACHOEIRA,815.51,21.63,31.06,1.05,4.0,2021-06-08
29002,CACHOEIRA,815.46,21.32,30.61,1.32,4.0,2021-06-09
29002,CACHOEIRA,815.41,21.0,30.15,0.48,4.0,2021-06-10
29002,CACHOEIRA,815.38,20.81,29.88,3.4,4.0,2021-06-11
29002,CACHOEIRA,815.34,20.56,29.52,1.14,4.0,2021-06-12
29002,CACHOEIRA,815.29,20.25,29.08,0.38,4.0,2021-06-13
29002,CACHOEIRA,815.23,19.9,28.57,1.4,4.0,2021-06-14
29002,CACHOEIRA,815.18,19.57,28.09,0.52,4.0,2021-06-15
29002,CACHOEIRA,815.2,19.69,28.27,1.01,4.0,2021-06-16
29002,CACHOEIRA,815.25,20.03,28.75,1.29,4.0,2021-06-17
29002,CACHOEIRA,815.3,20.31,29.16,0.3,4.04,2021-06-18
29002,CACHOEIRA,815.32,20.44,29.34,0.42,4.5,2021-06-19
29002,CACHOEIRA,815.35,20.63,29.61,1.17,4.5,2021-06-20
29002,CACHOEIRA,815.38,20.81,29.87,0.53,4.5,2021-06-21
29002,CACHOEIRA,815.4,20.94,30.06,1.48,4.5,2021-06-22
29002,CACHOEIRA,815.43,21.13,30.33,1.66,4.5,2021-06-23
29002,CACHOEIRA,815.45,21.25,30.52,0.56,4.5,2021-06-24
29002,CACHOEIRA,815.47,21.38,30.7,1.38,4.5,2021-06-25
29002,CACHOEIRA,815.48,21.44,30.79,0.67,4.5,2021-06-26
29002,CACHOEIRA,815.49,21.51,30.88,0.38,4.5,2021-06-27
29002,CACHOEIRA,815.49,21.51,30.88,0.96,4.5,2021-06-28
29002,CACHOEIRA,815.5,21.57,30.97,0.76,4.5,2021-06-29
29002,CACHOEIRA,815.48,21.44,30.79,0.73,4.54,2021-06-30
29002,CACHOEIRA,815.47,21.38,30.7,0.21,5.0,2021-07-01
29002,CACHOEIRA,815.47,21.38,30.7,0.21,5.0,2021-07-01
29002,CACHOEIRA,815.45,21.25,30.52,0.46,5.0,2021-07-02
29002,CACHOEIRA,815.43,21.15,30.37,0.44,5.0,2021-07-03
29002,CACHOEIRA,815.41,21.0,30.15,0.63,5.0,2021-07-04
29002,CACHOEIRA,815.39,20.88,29.97,0.7,5.0,2021-07-05
29002,CACHOEIRA,815.37,20.75,29.79,0.88,5.0,2021-07-06
29002,CACHOEIRA,815.34,20.56,29.52,1.08,5.0,2021-07-07
29002,CACHOEIRA,815.31,20.38,29.25,0.61,5.0,2021-07-08
29002,CACHOEIRA,815.27,20.13,28.9,0.61,5.0,2021-07-09
29002,CACHOEIRA,815.22,19.81,28.45,0.32,5.0,2021-07-10
29002,CACHOEIRA,815.18,19.57,28.09,0.41,5.0,2021-07-11
29002,CACHOEIRA,815.13,19.26,27.65,0.76,5.0,2021-07-12
29002,CACHOEIRA,815.09,19.01,27.29,0.46,5.0,2021-07-13
29002,CACHOEIRA,815.05,18.76,26.94,0.45,5.0,2021-07-14
29002,CACHOEIRA,815.11,19.13,27.47,2.01,5.0,2021-07-15
29002,CACHOEIRA,815.13,19.26,27.65,1.18,5.0,2021-07-16
29002,CACHOEIRA,815.1,19.1,27.42,0.92,5.0,2021-07-17
29002,CACHOEIRA,815.06,18.82,27.03,0.29,5.0,2021-07-18
29002,CACHOEIRA,815.02,18.58,26.67,0.26,5.0,2021-07-19
29002,CACHOEIRA,814.98,18.33,26.31,0.18,5.0,2021-07-20
29002,CACHOEIRA,814.98,18.33,26.31,0.05,5.0,2021-07-21
29002,CACHOEIRA,815.03,18.63,26.75,0.16,5.0,2021-07-22
29002,CACHOEIRA,815.08,18.94,27.2,0.19,5.0,2021-07-23
29002,CACHOEIRA,815.13,19.25,27.64,0.23,5.0,2021-07-24
29002,CACHOEIRA,815.06,18.82,27.03,0.72,5.0,2021-07-25
29002,CACHOEIRA,815.06,18.82,27.03,1.4,5.0,2021-07-26
29002,CACHOEIRA,815.07,18.89,27.12,1.62,5.0,2021-07-27
29002,CACHOEIRA,815.14,19.32,27.74,0.07,5.0,2021-07-28
29002,CACHOEIRA,815.3,20.31,29.16,4.6,5.0,2021-07-29
29002,CACHOEIRA,815.6,22.2,31.88,2.66,5.0,2021-07-30
29002,CACHOEIRA,815.65,22.52,32.33,1.68,5.0,2021-07-31
29002,CACHOEIRA,815.6,22.2,31.88,1.32,5.0,2021-08-01
29002,CACHOEIRA,815.6,22.2,31.88,1.32,5.0,2021-08-01
29002,CACHOEIRA,815.57,22.01,31.6,2.8,5.0,2021-08-02
29002,CACHOEIRA,815.53,21.76,31.24,2.11,5.04,2021-08-03
29002,CACHOEIRA,815.53,21.76,31.24,2.99,5.5,2021-08-04
29002,CACHOEIRA,815.51,21.63,31.06,1.78,5.5,2021-08-05
29002,CACHOEIRA,815.49,21.51,30.88,1.75,5.5,2021-08-06
29002,CACHOEIRA,815.5,21.57,30.97,3.97,5.5,2021-08-07
29002,CACHOEIRA,815.51,21.63,31.06,3.95,5.5,2021-08-08
29002,CACHOEIRA,815.51,21.63,31.06,3.23,5.5,2021-08-09
29002,CACHOEIRA,815.5,21.57,30.97,2.51,5.5,2021-08-10
29002,CACHOEIRA,815.47,21.38,30.7,1.01,5.5,2021-08-11
29002,CACHOEIRA,815.44,21.19,30.42,0.95,5.5,2021-08-12
29002,CACHOEIRA,815.39,20.88,29.97,1.41,5.5,2021-08-13
29002,CACHOEIRA,815.4,20.94,30.06,1.49,5.5,2021-08-14
29002,CACHOEIRA,815.46,21.32,30.61,1.96,5.5,2021-08-15
29002,CACHOEIRA,815.69,22.77,32.7,1.62,5.5,2021-08-16
29002,CACHOEIRA,815.92,24.25,34.82,0.47,5.5,2021-08-17
29002,CACHOEIRA,816.14,25.68,36.88,0.26,5.5,2021-08-18
29002,CACHOEIRA,816.32,26.83,38.53,0.59,5.5,2021-08-19
29002,CACHOEIRA,816.28,26.6,38.19,0.4,5.5,2021-08-20
29002,CACHOEIRA,816.23,26.31,37.77,0.86,5.5,2021-08-21
29002,CACHOEIRA,816.19,26.01,37.35,0.15,5.5,2021-08-22
29002,CACHOEIRA,816.13,25.64,36.82,0.76,5.5,2021-08-23
29002,CACHOEIRA,816.08,25.29,36.31,0.87,5.5,2021-08-24
29002,CACHOEIRA,816.02,24.89,35.74,0.3,5.5,2021-08-25
29002,CACHOEIRA,815.95,24.47,35.14,0.2,5.5,2021-08-26
29002,CACHOEIRA,815.88,23.99,34.45,0.51,5.5,2021-08-27
29002,CACHOEIRA,815.81,23.54,33.8,0.48,5.5,2021-08-28
29002,CACHOEIRA,815.74,23.09,33.16,0.42,5.5,2021-08-29
29002,CACHOEIRA,815.67,22.63,32.49,0.11,5.5,2021-08-30
29002,CACHOEIRA,815.77,23.3,33.45,0.32,5.5,2021-08-31
29002,CACHOEIRA,815.91,24.18,34.72,0.61,5.5,2021-09-01
29002,CACHOEIRA,815.91,24.18,34.72,0.61,5.5,2021-09-01
29002,CACHOEIRA,816.16,25.83,37.08,0.48,5.5,2021-09-02
29002,CACHOEIRA,816.14,25.71,36.91,0.64,5.5,2021-09-03
29002,CACHOEIRA,816.09,25.36,36.41,1.0,5.5,2021-09-04
29002,CACHOEIRA,816.03,24.97,35.84,1.18,5.5,2021-09-05
29002,CACHOEIRA,815.97,24.58,35.28,0.38,5.5,2021-09-06
29002,CACHOEIRA,815.91,24.19,34.73,0.27,5.5,2021-09-07
29002,CACHOEIRA,815.81,23.54,33.8,0.18,5.5,2021-09-08
29002,CACHOEIRA,815.73,23.03,33.07,1.55,5.5,2021-09-09
29002,CACHOEIRA,815.65,22.52,32.33,2.42,5.5,2021-09-10
29002,CACHOEIRA,815.56,21.95,31.51,0.56,5.5,2021-09-11
29002,CACHOEIRA,815.47,21.38,30.7,0.41,5.5,2021-09-12
29002,CACHOEIRA,815.35,20.63,29.61,0.38,5.5,2021-09-13
29002,CACHOEIRA,815.23,19.9,28.57,0.52,5.5,2021-09-14
29002,CACHOEIRA,815.25,20.0,28.72,0.93,5.5,2021-09-15
29002,CACHOEIRA,815.32,20.44,29.34,1.12,5.5,2021-09-16
29002,CACHOEIRA,815.36,20.69,29.7,1.05,5.5,2021-09-17
29002,CACHOEIRA,815.31,20.38,29.25,0.38,5.5,2021-09-18
29002,CACHOEIRA,815.27,20.13,28.9,0.56,5.52,2021-09-19
29002,CACHOEIRA,815.22,19.81,28.45,1.2,5.75,2021-09-20
29002,CACHOEIRA,815.15,19.38,27.83,1.25,5.75,2021-09-21
29002,CACHOEIRA,815.07,18.89,27.12,0.2,5.75,2021-09-22
29002,CACHOEIRA,814.98,18.33,26.32,1.73,5.75,2021-09-23
29002,CACHOEIRA,814.94,18.09,25.97,1.55,5.77,2021-09-24
29002,CACHOEIRA,814.93,18.05,25.92,0.49,6.0,2021-09-25
29002,CACHOEIRA,814.92,17.97,25.79,1.18,6.0,2021-09-26
29002,CACHOEIRA,814.88,17.72,25.44,1.07,6.0,2021-09-27
29002,CACHOEIRA,814.86,17.6,25.27,0.38,6.0,2021-09-28
29002,CACHOEIRA,814.84,17.48,25.09,0.81,6.0,2021-09-29
29002,CACHOEIRA,814.85,17.54,25.18,1.03,6.0,2021-09-30
29002,CACHOEIRA,814.9,17.84,25.62,0.43,6.0,2021-10-01
29002,CACHOEIRA,814.9,17.84,25.62,0.43,6.0,2021-10-01
29002,CACHOEIRA,814.92,17.97,25.79,0.15,6.0,2021-10-02
29002,CACHOEIRA,814.94,18.08,25.96,1.1,6.0,2021-10-03
29002,CACHOEIRA,815.06,18.82,27.03,3.93,5.44,2021-10-04
29002,CACHOEIRA,815.15,19.38,27.83,2.52,5.0,2021-10-05
29002,CACHOEIRA,815.22,19.81,28.45,1.14,4.32,2021-10-06
29002,CACHOEIRA,815.18,19.57,28.09,0.82,4.0,2021-10-07
29002,CACHOEIRA,815.12,19.2,27.56,0.7,4.0,2021-10-08
29002,CACHOEIRA,815.11,19.13,27.47,1.19,4.0,2021-10-09
29002,CACHOEIRA,815.12,19.2,27.56,2.84,4.13,2021-10-10
29002,CACHOEIRA,815.09,19.01,27.29,2.04,5.5,2021-10-11
29002,CACHOEIRA,815.09,19.01,27.29,4.17,5.5,2021-10-12
29002,CACHOEIRA,815.09,19.01,27.29,3.19,5.5,2021-10-13
29002,CACHOEIRA,815.07,18.89,27.12,0.75,5.5,2021-10-14
29002,CACHOEIRA,815.02,18.6,26.71,1.36,5.5,2021-10-15
29002,CACHOEIRA,815.06,18.82,27.03,1.53,5.5,2021-10-16
29002,CACHOEIRA,814.97,18.27,26.23,2.06,4.54,2021-10-17
29002,CACHOEIRA,814.84,17.48,25.09,3.5,4.5,2021-10-18
29002,CACHOEIRA,814.85,17.54,25.18,7.73,4.05,2021-10-19
29002,CACHOEIRA,814.94,18.09,25.97,5.68,3.56,2021-10-20
29002,CACHOEIRA,815.04,18.7,26.85,6.46,3.5,2021-10-21
29002,CACHOEIRA,815.11,19.13,27.47,4.43,3.5,2021-10-22
29002,CACHOEIRA,815.15,19.38,27.83,2.35,3.5,2021-10-23
29002,CACHOEIRA,815.14,19.32,27.74,4.92,5.49,2021-10-24
29002,CACHOEIRA,815.15,19.38,27.83,6.47,5.5,2021-10-25
29002,CACHOEIRA,815.14,19.32,27.74,4.7,5.15,2021-10-26
29002,CACHOEIRA,815.12,19.2,27.56,3.82,5.0,2021-10-27
29002,CACHOEIRA,815.11,19.13,27.47,3.68,4.17,2021-10-28
29002,CACHOEIRA,815.14,19.32,27.74,5.52,3.14,2021-10-29
29002,CACHOEIRA,815.18,19.57,28.09,6.16,3.0,2021-10-30
29002,CACHOEIRA,815.2,19.69,28.27,4.76,3.0,2021-10-31
29002,CACHOEIRA,815.21,19.75,28.36,4.05,3.0,2021-11-01
29002,CACHOEIRA,815.21,19.75,28.36,4.05,3.0,2021-11-01
29002,CACHOEIRA,815.26,20.06,28.81,7.0,3.0,2021-11-02
29002,CACHOEIRA,815.28,20.19,28.99,4.88,3.0,2021-11-03
29002,CACHOEIRA,815.28,20.19,28.99,3.63,3.17,2021-11-04
29002,CACHOEIRA,815.25,20.0,28.72,3.27,5.0,2021-11-05
29002,CACHOEIRA,815.2,19.69,28.27,2.05,5.25,2021-11-06
29002,CACHOEIRA,815.14,19.32,27.74,1.52,5.5,2021-11-07
29002,CACHOEIRA,815.08,18.95,27.21,1.49,5.54,2021-11-08
29002,CACHOEIRA,815.0,18.46,26.5,0.46,6.0,2021-11-09
29002,CACHOEIRA,814.92,17.97,25.79,0.38,6.0,2021-11-10
29002,CACHOEIRA,814.84,17.48,25.09,1.35,6.0,2021-11-11
29002,CACHOEIRA,814.76,16.99,24.4,1.38,6.0,2021-11-12
29002,CACHOEIRA,814.75,16.93,24.31,1.8,6.0,2021-11-13
29002,CACHOEIRA,814.75,16.93,24.31,0.5,6.0,2021-11-14
29002,CACHOEIRA,814.74,16.9,24.27,0.92,6.0,2021-11-15
29002,CACHOEIRA,814.73,16.81,24.14,0.33,5.61,2021-11-16
29002,CACHOEIRA,814.72,16.77,24.08,1.01,5.5,2021-11-17
29002,CACHOEIRA,814.7,16.63,23.88,0.09,5.5,2021-11-18
29002,CACHOEIRA,814.69,16.57,23.79,2.5,5.5,2021-11-19
29002,CACHOEIRA,814.8,17.23,24.75,8.35,3.87,2021-11-20
29002,CACHOEIRA,814.89,17.78,25.53,6.76,3.5,2021-11-21
29002,CACHOEIRA,814.95,18.15,26.06,4.76,3.5,2021-11-22
29002,CACHOEIRA,814.98,18.33,26.32,2.61,3.71,2021-11-23
29002,CACHOEIRA,814.97,18.27,26.23,1.39,6.0,2021-11-24
29002,CACHOEIRA,814.95,18.15,26.06,1.66,6.0,2021-11-25
29002,CACHOEIRA,814.92,17.97,25.79,0.93,6.0,2021-11-26
29002,CACHOEIRA,814.89,17.78,25.53,1.28,6.0,2021-11-27
29002,CACHOEIRA,814.86,17.6,25.27,1.86,6.0,2021-11-28
29002,CACHOEIRA,814.81,17.3,24.83,0.4,6.0,2021-11-29
29002,CACHOEIRA,814.83,17.42,25.01,5.28,6.0,2021-11-30
29002,CACHOEIRA,814.82,17.36,24.92,2.51,6.0,2021-12-01
29002,CACHOEIRA,814.82,17.36,24.92,2.51,6.0,2021-12-01
29002,CACHOEIRA,814.79,17.17,24.66,1.78,6.0,2021-12-02
29002,CACHOEIRA,814.76,16.99,24.4,1.74,6.0,2021-12-03
29002,CACHOEIRA,814.7,16.65,23.91,0.36,6.0,2021-12-04
29002,CACHOEIRA,814.64,16.27,23.36,0.55,6.0,2021-12-05
29002,CACHOEIRA,814.6,16.03,23.01,0.97,6.0,2021-12-06
29002,CACHOEIRA,814.54,15.67,22.49,1.11,6.0,2021-12-07
29002,CACHOEIRA,814.49,15.37,22.07,1.34,6.0,2021-12-08
29002,CACHOEIRA,814.46,15.19,21.81,3.05,6.0,2021-12-09
29002,CACHOEIRA,814.4,14.83,21.3,0.64,6.0,2021-12-10
29002,CACHOEIRA,814.33,14.42,20.7,0.48,6.0,2021-12-11
29002,CACHOEIRA,814.26,14.0,20.11,1.41,6.0,2021-12-12
29002,CACHOEIRA,814.19,13.59,19.52,1.32,6.0,2021-12-13
29002,CACHOEIRA,814.14,13.3,19.09,2.6,6.0,2021-12-14
29002,CACHOEIRA,814.09,13.01,18.68,1.64,6.0,2021-12-15
29002,CACHOEIRA,814.18,13.53,19.43,1.66,6.0,2021-12-16
29002,CACHOEIRA,814.37,14.65,21.04,8.23,4.1,2021-12-17
29002,CACHOEIRA,814.53,15.61,22.41,4.46,1.57,2021-12-18
29002,CACHOEIRA,814.64,16.27,23.36,1.24,1.0,2021-12-19
29002,CACHOEIRA,814.73,16.81,24.14,0.71,1.0,2021-12-20
29002,CACHOEIRA,814.78,17.11,24.57,0.46,1.0,2021-12-21
29002,CACHOEIRA,814.79,17.17,24.66,0.99,4.43,2021-12-22
29002,CACHOEIRA,814.8,17.23,24.75,1.12,4.54,2021-12-23
29002,CACHOEIRA,814.8,17.23,24.75,0.79,5.0,2021-12-24
29002,CACHOEIRA,814.79,17.17,24.66,0.68,5.0,2021-12-25
29002,CACHOEIRA,814.78,17.11,24.57,0.53,5.0,2021-12-26
29002,CACHOEIRA,814.77,17.05,24.48,1.05,5.08,2021-12-27
29002,CACHOEIRA,814.77,17.05,24.48,2.86,6.0,2021-12-28
29002,CACHOEIRA,814.81,17.3,24.83,5.31,4.63,2021-12-29
29002,CACHOEIRA,814.83,17.42,25.01,1.67,3.34,2021-12-30
29002,CACHOEIRA,814.83,17.42,25.01,3.93,3.0,2021-12-31
29002,CACHOEIRA,814.83,17.42,25.01,2.72,1.79,2022-01-01
29002,CACHOEIRA,814.83,17.42,25.01,2.72,1.79,2022-01-01
29002,CACHOEIRA,814.85,17.54,25.18,3.17,0.75,2022-01-02
29002,CACHOEIRA,814.92,17.97,25.79,3.02,0.5,2022-01-03
29002,CACHOEIRA,814.97,18.27,26.23,4.93,0.5,2022-01-04
29002,CACHOEIRA,815.0,18.46,26.5,2.8,0.5,2022-01-05
29002,CACHOEIRA,815.12,19.2,27.56,10.32,0.5,2022-01-06
29002,CACHOEIRA,815.24,19.94,28.63,10.39,0.5,2022-01-07
29002,CACHOEIRA,815.36,20.69,29.7,10.45,0.5,2022-01-08
29002,CACHOEIRA,815.47,21.38,30.7,9.79,0.5,2022-01-09
29002,CACHOEIRA,815.61,22.27,31.97,12.08,0.5,2022-01-10
29002,CACHOEIRA,815.74,23.09,33.16,11.44,0.5,2022-01-11
29002,CACHOEIRA,815.84,23.74,34.08,9.28,0.5,2022-01-12
29002,CACHOEIRA,816.0,24.77,35.56,13.84,0.5,2022-01-13
29002,CACHOEIRA,816.14,25.68,36.88,15.88,3.93,2022-01-14
29002,CACHOEIRA,816.22,26.21,37.63,11.47,4.0,2022-01-15
29002,CACHOEIRA,816.26,26.47,38.01,8.44,4.0,2022-01-16
29002,CACHOEIRA,816.28,26.6,38.2,6.92,4.0,2022-01-17
29002,CACHOEIRA,816.3,26.74,38.39,6.92,4.0,2022-01-18
29002,CACHOEIRA,816.16,25.81,37.06,4.61,2.96,2022-01-19
29002,CACHOEIRA,816.0,24.77,35.56,4.12,1.0,2022-01-20
29002,CACHOEIRA,815.84,23.74,34.08,4.06,1.0,2022-01-21
29002,CACHOEIRA,815.68,22.71,32.61,4.26,1.25,2022-01-22
29002,CACHOEIRA,815.48,21.44,30.79,3.99,4.0,2022-01-23
29002,CACHOEIRA,815.27,20.13,28.9,3.2,4.0,2022-01-24
29002,CACHOEIRA,815.1,19.07,27.38,6.02,4.0,2022-01-25
29002,CACHOEIRA,815.01,18.52,26.59,11.67,4.0,2022-01-26
29002,CACHOEIRA,814.88,17.72,25.44,8.76,4.0,2022-01-27
29002,CACHOEIRA,814.72,16.75,24.05,6.55,4.0,2022-01-28
29002,CACHOEIRA,814.63,16.21,23.27,11.36,4.0,2022-01-29
29002,CACHOEIRA,814.87,17.66,25.36,22.63,2.39,2022-01-30
29002,CACHOEIRA,815.19,19.63,28.18,24.85,0.79,2022-01-31
29002,CACHOEIRA,815.47,21.38,30.7,22.08,0.5,2022-02-01
29002,CACHOEIRA,815.47,21.38,30.7,22.08,0.5,2022-02-01
29002,CACHOEIRA,815.69,22.77,32.7,18.01,0.5,2022-02-02
29002,CACHOEIRA,815.97,24.58,35.28,21.73,0.5,2022-02-03
29002,CACHOEIRA,816.24,26.34,37.82,21.33,0.5,2022-02-04
29002,CACHOEIRA,816.5,28.06,40.29,20.89,0.5,2022-02-05
29002,CACHOEIRA,816.8,30.09,43.2,24.36,0.5,2022-02-06
29002,CACHOEIRA,817.15,32.49,46.65,28.81,0.5,2022-02-07
29002,CACHOEIRA,817.64,35.94,51.59,40.9,0.5,2022-02-08
29002,CACHOEIRA,818.0,38.53,55.32,31.07,0.5,2022-02-09
29002,CACHOEIRA,818.3,40.73,58.48,26.56,0.5,2022-02-10
29002,CACHOEIRA,818.57,42.74,61.37,24.4,0.5,2022-02-11
29002,CACHOEIRA,818.84,44.78,64.3,25.76,0.5,2022-02-12
29002,CACHOEIRA,819.09,46.7,67.05,26.23,2.42,2022-02-13
29002,CACHOEIRA,819.34,48.64,69.83,25.6,2.5,2022-02-14
29002,CACHOEIRA,819.43,49.34,70.85,25.19,3.78,2022-02-15
29002,CACHOEIRA,819.24,47.86,68.71,8.23,5.0,2022-02-16
29002,CACHOEIRA,819.01,46.08,66.16,4.92,5.0,2022-02-17
29002,CACHOEIRA,818.8,44.48,63.86,6.69,5.0,2022-02-18
29002,CACHOEIRA,818.57,42.74,61.37,4.95,5.0,2022-02-19
29002,CACHOEIRA,818.35,41.1,59.01,5.82,5.0,2022-02-20
29002,CACHOEIRA,818.12,39.4,56.58,4.96,5.0,2022-02-21
29002,CACHOEIRA,817.91,37.88,54.38,5.65,5.0,2022-02-22
29002,CACHOEIRA,817.7,36.36,52.21,4.94,5.0,2022-02-23
29002,CACHOEIRA,817.5,34.94,50.17,5.76,5.0,2022-02-24
29002,CACHOEIRA,817.3,33.53,48.15,5.19,4.45,2022-02-25
29002,CACHOEIRA,817.1,32.14,46.15,4.72,4.0,2022-02-26
29002,CACHOEIRA,816.9,30.77,44.18,4.7,4.0,2022-02-27
29002,CACHOEIRA,816.7,29.41,42.22,4.75,4.08,2022-02-28
29002,CACHOEIRA,816.5,28.06,40.29,5.66,5.0,2022-03-01
29002,CACHOEIRA,816.5,28.06,40.29,5.66,5.0,2022-03-01
29002,CACHOEIRA,816.3,26.74,38.39,5.64,5.0,2022-03-02
29002,CACHOEIRA,816.09,25.36,36.41,4.84,5.0,2022-03-03
29002,CACHOEIRA,815.88,23.99,34.45,4.81,5.0,2022-03-04
29002,CACHOEIRA,815.67,22.65,32.52,4.77,5.0,2022-03-05
29002,CACHOEIRA,815.46,21.32,30.61,4.72,5.0,2022-03-06
29002,CACHOEIRA,815.25,20.0,28.72,4.64,5.0,2022-03-07
29002,CACHOEIRA,815.04,18.7,26.85,4.56,5.0,2022-03-08
29002,CACHOEIRA,814.82,17.36,24.92,3.77,5.0,2022-03-09
29002,CACHOEIRA,814.64,16.27,23.36,4.25,2.74,2022-03-10
29002,CACHOEIRA,814.45,15.13,21.72,3.24,2.5,2022-03-11
29002,CACHOEIRA,814.42,14.95,21.47,3.54,1.56,2022-03-12
29002,CACHOEIRA,814.49,15.37,22.07,4.61,1.0,2022-03-13
29002,CACHOEIRA,814.6,16.03,23.01,7.54,1.0,2022-03-14
29002,CACHOEIRA,814.7,16.63,23.88,6.98,1.0,2022-03-15
29002,CACHOEIRA,814.85,17.54,25.18,10.7,1.0,2022-03-16
29002,CACHOEIRA,814.96,18.21,26.15,7.77,0.67,2022-03-17
29002,CACHOEIRA,815.05,18.76,26.94,6.35,0.5,2022-03-18
29002,CACHOEIRA,815.12,19.2,27.56,5.04,0.5,2022-03-19
29002,CACHOEIRA,815.2,19.69,28.27,5.88,0.5,2022-03-20
29002,CACHOEIRA,815.28,20.19,28.99,5.97,0.5,2022-03-21
29002,CACHOEIRA,815.37,20.75,29.79,7.1,0.77,2022-03-22
29002,CACHOEIRA,815.41,21.0,30.15,4.28,4.0,2022-03-23
29002,CACHOEIRA,815.44,21.19,30.42,3.6,4.0,2022-03-24
29002,CACHOEIRA,815.46,21.32,30.61,2.91,4.0,2022-03-25
29002,CACHOEIRA,815.48,21.44,30.79,2.91,4.0,2022-03-26
29002,CACHOEIRA,815.54,21.82,31.33,5.91,4.0,2022-03-27
29002,CACHOEIRA,815.58,22.07,31.69,4.52,4.0,2022-03-28
29002,CACHOEIRA,815.61,22.27,31.97,3.82,4.0,2022-03-29
29002,CACHOEIRA,815.63,22.39,32.15,3.13,4.0,2022-03-30
29002,CACHOEIRA,815.66,22.58,32.42,3.9,4.0,2022-03-31
29002,CACHOEIRA,815.65,22.52,32.33,3.06,4.0,2022-04-01
29002,CACHOEIRA,815.65,22.52,32.33,3.06,4.0,2022-04-01
29002,CACHOEIRA,815.65,22.52,32.33,4.18,4.0,2022-04-02
29002,CACHOEIRA,815.66,22.58,32.42,4.92,4.0,2022-04-03
29002,CACHOEIRA,815.67,22.65,32.52,4.93,4.0,2022-04-04
29002,CACHOEIRA,815.68,22.71,32.61,4.96,4.0,2022-04-05
29002,CACHOEIRA,815.68,22.71,32.61,4.22,4.0,2022-04-06
29002,CACHOEIRA,815.68,22.71,32.61,4.3,4.08,2022-04-07
29002,CACHOEIRA,815.67,22.65,32.52,4.48,5.0,2022-04-08
29002,CACHOEIRA,815.67,22.65,32.52,5.21,5.0,2022-04-09
29002,CACHOEIRA,815.67,22.65,32.52,4.21,5.0,2022-04-10
29002,CACHOEIRA,815.66,22.58,32.42,3.46,5.0,2022-04-11
29002,CACHOEIRA,815.65,22.52,32.33,3.44,5.0,2022-04-12
29002,CACHOEIRA,815.63,22.39,32.15,3.59,5.0,2022-04-13
29002,CACHOEIRA,815.62,22.33,32.06,4.41,5.0,2022-04-14
29002,CACHOEIRA,815.6,22.2,31.88,3.53,5.0,2022-04-15
29002,CACHOEIRA,815.59,22.14,31.79,4.37,5.0,2022-04-16
29002,CACHOEIRA,815.57,22.01,31.6,3.61,5.0,2022-04-17
29002,CACHOEIRA,815.54,21.82,31.33,2.86,5.01,2022-04-18
29002,CACHOEIRA,815.51,21.63,31.06,3.31,5.5,2022-04-19
29002,CACHOEIRA,815.47,21.38,30.7,2.53,5.5,2022-04-20
29002,CACHOEIRA,815.43,21.13,30.33,2.5,5.5,2022-04-21
29002,CACHOEIRA,815.39,20.88,29.97,2.46,5.5,2022-04-22
29002,CACHOEIRA,815.35,20.63,29.61,2.43,5.5,2022-04-23
29002,CACHOEIRA,815.3,20.31,29.16,1.66,5.5,2022-04-24
29002,CACHOEIRA,815.25,20.0,28.72,1.82,5.5,2022-04-25
29002,CACHOEIRA,815.21,19.75,28.36,3.0,5.5,2022-04-26
29002,CACHOEIRA,815.17,19.5,28.0,2.97,5.5,2022-04-27
29002,CACHOEIRA,815.12,19.2,27.56,2.25,5.54,2022-04-28
29002,CACHOEIRA,815.05,18.76,26.94,1.23,6.0,2022-04-29
29002,CACHOEIRA,815.01,18.52,26.59,3.31,6.0,2022-04-30
29002,CACHOEIRA,814.95,18.15,26.06,2.63,6.0,2022-05-01
29002,CACHOEIRA,814.95,18.15,26.06,2.63,6.0,2022-05-01
29002,CACHOEIRA,814.9,17.84,25.62,3.3,6.0,2022-05-02
29002,CACHOEIRA,814.86,17.6,25.27,3.94,6.0,2022-05-03
29002,CACHOEIRA,814.8,17.23,24.75,3.08,6.09,2022-05-04
29002,CACHOEIRA,814.84,17.48,25.09,5.39,6.0,2022-05-05
29002,CACHOEIRA,814.87,17.66,25.36,5.05,6.0,2022-05-06
29002,CACHOEIRA,814.9,17.84,25.62,5.08,6.0,2022-05-07
29002,CACHOEIRA,814.91,17.9,25.71,3.71,6.0,2022-05-08
29002,CACHOEIRA,814.92,17.97,25.79,3.7,6.0,2022-05-09
29002,CACHOEIRA,814.92,17.97,25.79,3.34,6.0,2022-05-10
29002,CACHOEIRA,814.92,17.97,25.79,3.05,6.0,2022-05-11
29002,CACHOEIRA,814.94,18.09,25.97,4.76,6.0,2022-05-12
29002,CACHOEIRA,814.93,18.03,25.88,3.23,6.0,2022-05-13
29002,CACHOEIRA,814.92,17.97,25.79,3.22,6.0,2022-05-14
29002,CACHOEIRA,814.91,17.9,25.71,2.61,6.0,2022-05-15
29002,CACHOEIRA,814.91,17.9,25.71,3.3,6.0,2022-05-16
29002,CACHOEIRA,814.89,17.78,25.53,1.87,6.0,2022-05-17
29002,CACHOEIRA,814.86,17.6,25.27,1.14,6.0,2022-05-18
29002,CACHOEIRA,814.83,17.42,25.01,1.09,6.0,2022-05-19
29002,CACHOEIRA,814.79,17.17,24.66,3.34,6.0,2022-05-20
29002,CACHOEIRA,814.76,16.99,24.4,4.01,6.0,2022-05-21
29002,CACHOEIRA,814.72,16.75,24.05,3.27,6.0,2022-05-22
29002,CACHOEIRA,814.68,16.51,23.7,2.2,6.0,2022-05-23
29002,CACHOEIRA,814.64,16.27,23.36,1.11,6.0,2022-05-24
29002,CACHOEIRA,814.59,15.97,22.93,1.43,6.0,2022-05-25
29002,CACHOEIRA,814.55,15.73,22.58,2.04,6.0,2022-05-26
29002,CACHOEIRA,814.52,15.55,22.32,1.92,6.0,2022-05-27
29002,CACHOEIRA,814.51,15.49,22.24,4.08,6.0,2022-05-28
29002,CACHOEIRA,814.51,15.49,22.24,4.76,6.0,2022-05-29
29002,CACHOEIRA,814.5,15.43,22.15,1.81,6.0,2022-05-30
29002,CACHOEIRA,814.5,15.43,22.15,3.75,6.0,2022-05-31
29002,CACHOEIRA,814.51,15.49,22.24,4.14,5.69,2022-06-01
29002,CACHOEIRA,814.51,15.49,22.24,4.14,5.69,2022-06-01
29002,CACHOEIRA,814.53,15.61,22.41,3.98,4.82,2022-06-02
29002,CACHOEIRA,814.55,15.73,22.58,2.99,4.17,2022-06-03
29002,CACHOEIRA,814.57,15.85,22.75,2.36,4.0,2022-06-04
29002,CACHOEIRA,814.58,15.91,22.84,1.68,4.0,2022-06-05
29002,CACHOEIRA,814.59,15.97,22.93,2.69,4.0,2022-06-06
29002,CACHOEIRA,814.58,15.91,22.84,1.98,4.17,2022-06-07
29002,CACHOEIRA,814.56,15.79,22.67,1.6,6.0,2022-06-08
29002,CACHOEIRA,814.58,15.91,22.84,2.4,6.0,2022-06-09
29002,CACHOEIRA,814.6,16.03,23.01,3.88,6.0,2022-06-10
29002,CACHOEIRA,814.68,16.51,23.7,6.37,6.0,2022-06-11
29002,CACHOEIRA,814.74,16.87,24.22,4.81,6.0,2022-06-12
29002,CACHOEIRA,814.79,17.17,24.66,4.17,6.0,2022-06-13
29002,CACHOEIRA,814.83,17.42,25.01,3.53,6.0,2022-06-14
29002,CACHOEIRA,814.87,17.66,25.36,2.82,6.0,2022-06-15
29002,CACHOEIRA,814.9,17.84,25.62,2.89,6.0,2022-06-16
29002,CACHOEIRA,814.92,17.97,25.79,2.2,6.0,2022-06-17
29002,CACHOEIRA,814.94,18.09,25.97,2.23,6.0,2022-06-18
29002,CACHOEIRA,814.96,18.21,26.15,5.24,6.0,2022-06-19
29002,CACHOEIRA,814.97,18.27,26.23,2.54,6.0,2022-06-20
29002,CACHOEIRA,814.99,18.39,26.41,4.27,6.0,2022-06-21
29002,CACHOEIRA,814.99,18.39,26.41,2.86,6.0,2022-06-22
29002,CACHOEIRA,814.99,18.39,26.41,2.87,6.0,2022-06-23
29002,CACHOEIRA,814.99,18.39,26.41,2.85,6.0,2022-06-24
29002,CACHOEIRA,814.98,18.33,26.32,1.85,6.0,2022-06-25
29002,CACHOEIRA,814.98,18.33,26.32,2.26,6.0,2022-06-26
29002,CACHOEIRA,814.96,18.21,26.15,1.32,6.0,2022-06-27
29002,CACHOEIRA,814.95,18.15,26.06,2.01,6.0,2022-06-28
29002,CACHOEIRA,814.93,18.03,25.88,2.09,6.0,2022-06-29
29002,CACHOEIRA,814.92,17.97,25.79,2.09,6.0,2022-06-30
29002,CACHOEIRA,814.91,17.93,25.74,1.37,6.0,2022-07-01
29002,CACHOEIRA,814.91,17.93,25.74,1.37,6.0,2022-07-01
29002,CACHOEIRA,814.9,17.84,25.62,1.09,6.0,2022-07-02
29002,CACHOEIRA,814.88,17.72,25.44,0.96,6.0,2022-07-03
29002,CACHOEIRA,814.87,17.66,25.36,2.55,6.0,2022-07-04
29002,CACHOEIRA,814.85,17.54,25.18,0.73,6.0,2022-07-05
29002,CACHOEIRA,814.83,17.42,25.01,2.32,6.0,2022-07-06
29002,CACHOEIRA,814.8,17.23,24.75,0.69,6.0,2022-07-07
29002,CACHOEIRA,814.77,17.05,24.48,1.05,6.0,2022-07-08
29002,CACHOEIRA,814.74,16.87,24.22,0.84,6.0,2022-07-09
29002,CACHOEIRA,814.7,16.63,23.88,1.22,6.0,2022-07-10
29002,CACHOEIRA,814.67,16.45,23.62,1.3,6.0,2022-07-11
29002,CACHOEIRA,814.64,16.27,23.36,1.46,6.0,2022-07-12
29002,CACHOEIRA,814.59,15.97,22.93,0.94,6.0,2022-07-13
29002,CACHOEIRA,814.54,15.67,22.49,0.99,6.0,2022-07-14
29002,CACHOEIRA,814.5,15.43,22.15,0.75,6.0,2022-07-15
29002,CACHOEIRA,814.44,15.07,21.64,0.73,6.0,2022-07-16
29002,CACHOEIRA,814.38,14.72,21.13,0.56,6.0,2022-07-17
29002,CACHOEIRA,814.33,14.42,20.7,0.77,6.0,2022-07-18
29002,CACHOEIRA,814.35,14.54,20.87,1.81,6.0,2022-07-19
29002,CACHOEIRA,814.39,14.77,21.21,2.5,6.0,2022-07-20
29002,CACHOEIRA,814.42,14.95,21.47,1.88,6.0,2022-07-21
29002,CACHOEIRA,814.43,15.01,21.55,2.8,6.0,2022-07-22
29002,CACHOEIRA,814.44,15.07,21.64,2.82,6.0,2022-07-23
29002,CACHOEIRA,814.44,15.07,21.64,2.13,6.0,2022-07-24
29002,CACHOEIRA,814.43,15.01,21.55,1.43,6.0,2022-07-25
29002,CACHOEIRA,814.48,15.31,21.98,4.35,6.0,2022-07-26
29002,CACHOEIRA,814.52,15.55,22.32,3.28,6.0,2022-07-27
29002,CACHOEIRA,814.57,15.85,22.75,4.56,6.0,2022-07-28
29002,CACHOEIRA,814.61,16.09,23.1,4.35,6.0,2022-07-29
29002,CACHOEIRA,814.64,16.27,23.36,4.02,6.0,2022-07-30
29002,CACHOEIRA,814.67,16.45,23.62,5.52,6.0,2022-07-31
29002,CACHOEIRA,814.69,16.57,23.79,5.12,6.0,2022-08-01
29002,CACHOEIRA,814.69,16.57,23.79,5.12,6.0,2022-08-01
29002,CACHOEIRA,814.71,16.69,23.96,5.97,6.0,2022-08-02
29002,CACHOEIRA,814.72,16.75,24.05,3.75,6.0,2022-08-03
29002,CACHOEIRA,814.72,16.75,24.05,1.28,6.0,2022-08-04
29002,CACHOEIRA,814.72,16.75,24.05,1.99,6.0,2022-08-05
29002,CACHOEIRA,814.72,16.75,24.05,2.3,6.0,2022-08-06
29002,CACHOEIRA,814.71,16.69,23.96,2.08,6.0,2022-08-07
29002,CACHOEIRA,814.71,16.69,23.96,3.27,6.0,2022-08-08
29002,CACHOEIRA,814.73,16.81,24.14,2.65,6.0,2022-08-09
29002,CACHOEIRA,814.83,17.42,25.01,6.43,6.0,2022-08-10
29002,CACHOEIRA,814.94,18.09,25.97,5.64,5.19,2022-08-11
29002,CACHOEIRA,815.02,18.58,26.67,3.62,5.0,2022-08-12
29002,CACHOEIRA,815.08,18.95,27.21,2.61,5.0,2022-08-13
29002,CACHOEIRA,815.12,19.2,27.56,1.19,5.0,2022-08-14
29002,CACHOEIRA,815.12,19.2,27.56,2.64,5.0,2022-08-15
29002,CACHOEIRA,815.14,19.32,27.74,2.41,5.08,2022-08-16
29002,CACHOEIRA,815.15,19.38,27.83,2.17,6.0,2022-08-17
29002,CACHOEIRA,815.14,19.32,27.74,2.73,6.0,2022-08-18
29002,CACHOEIRA,815.11,19.13,27.47,1.29,6.0,2022-08-19
29002,CACHOEIRA,815.09,19.01,27.29,3.19,6.0,2022-08-20
29002,CACHOEIRA,815.06,18.82,27.03,2.73,6.0,2022-08-21
29002,CACHOEIRA,815.04,18.7,26.85,3.93,6.0,2022-08-22
29002,CACHOEIRA,815.0,18.46,26.5,2.64,6.0,2022-08-23
29002,CACHOEIRA,814.96,18.21,26.15,2.96,6.0,2022-08-24
29002,CACHOEIRA,814.92,17.97,25.79,3.13,6.0,2022-08-25
29002,CACHOEIRA,814.88,17.72,25.44,1.16,6.0,2022-08-26
29002,CACHOEIRA,814.84,17.48,25.09,2.27,6.0,2022-08-27
29002,CACHOEIRA,814.79,17.17,24.66,1.05,6.0,2022-08-28
29002,CACHOEIRA,814.73,16.81,24.14,1.5,6.0,2022-08-29
29002,CACHOEIRA,814.67,16.45,23.62,1.75,6.0,2022-08-30
29002,CACHOEIRA,814.62,16.15,23.18,0.4,6.0,2022-08-31
29002,CACHOEIRA,814.56,15.79,22.67,1.57,6.0,2022-09-01
29002,CACHOEIRA,814.56,15.79,22.67,1.57,6.0,2022-09-01
29002,CACHOEIRA,814.42,14.95,21.47,1.66,6.0,2022-09-02
29002,CACHOEIRA,814.41,14.89,21.38,0.85,6.0,2022-09-03
29002,CACHOEIRA,814.45,15.13,21.72,1.72,6.0,2022-09-04
29002,CACHOEIRA,814.48,15.31,21.98,0.77,6.0,2022-09-05
29002,CACHOEIRA,814.48,15.31,21.98,1.23,6.0,2022-09-06
29002,CACHOEIRA,814.48,15.31,21.98,1.93,6.0,2022-09-07
29002,CACHOEIRA,814.46,15.19,21.81,1.34,6.0,2022-09-08
29002,CACHOEIRA,814.44,15.07,21.64,1.01,6.0,2022-09-09
29002,CACHOEIRA,814.4,14.83,21.3,1.23,6.0,2022-09-10
29002,CACHOEIRA,814.36,14.6,20.96,1.8,6.0,2022-09-11
29002,CACHOEIRA,814.3,14.24,20.45,0.8,6.0,2022-09-12
29002,CACHOEIRA,814.24,13.89,19.94,1.46,6.0,2022-09-13
29002,CACHOEIRA,814.19,13.59,19.52,2.65,6.0,2022-09-14
29002,CACHOEIRA,814.14,13.3,19.09,2.8,6.0,2022-09-15
29002,CACHOEIRA,814.09,13.01,18.68,3.31,6.0,2022-09-16
29002,CACHOEIRA,814.09,13.01,18.68,2.68,6.0,2022-09-17
29002,CACHOEIRA,814.14,13.3,19.09,1.1,6.0,2022-09-18
29002,CACHOEIRA,814.17,13.48,19.35,3.2,6.0,2022-09-19
29002,CACHOEIRA,814.19,13.59,19.52,2.85,6.0,2022-09-20
29002,CACHOEIRA,814.19,13.59,19.52,1.72,6.0,2022-09-21
29002,CACHOEIRA,814.2,13.65,19.6,2.73,6.0,2022-09-22
29002,CACHOEIRA,814.3,14.24,20.45,2.65,5.54,2022-09-23
29002,CACHOEIRA,814.44,15.07,21.64,2.17,5.5,2022-09-24
29002,CACHOEIRA,814.57,15.85,22.75,1.86,5.5,2022-09-25
29002,CACHOEIRA,814.7,16.63,23.88,2.13,5.5,2022-09-26
29002,CACHOEIRA,814.78,17.11,24.57,7.1,5.21,2022-09-27
29002,CACHOEIRA,814.87,17.66,25.36,12.44,5.0,2022-09-28
29002,CACHOEIRA,815.11,19.13,27.47,20.37,2.21,2022-09-29
29002,CACHOEIRA,815.24,19.94,28.63,12.45,2.0,2022-09-30
29002,CACHOEIRA,815.34,20.56,29.52,9.91,1.56,2022-10-01
29002,CACHOEIRA,815.34,20.56,29.52,9.91,1.56,2022-10-01
29002,CACHOEIRA,815.4,20.94,30.06,6.49,1.0,2022-10-02
29002,CACHOEIRA,815.43,21.13,30.33,4.33,1.0,2022-10-03
29002,CACHOEIRA,815.44,21.19,30.42,2.88,1.0,2022-10-04
29002,CACHOEIRA,815.45,21.25,30.52,3.22,1.33,2022-10-05
29002,CACHOEIRA,815.41,21.0,30.15,2.5,5.26,2022-10-06
29002,CACHOEIRA,815.37,20.75,29.79,4.26,6.0,2022-10-07
29002,CACHOEIRA,815.34,20.56,29.52,4.97,6.0,2022-10-08
29002,CACHOEIRA,815.3,20.31,29.16,4.26,6.0,2022-10-09
29002,CACHOEIRA,815.27,20.13,28.9,3.98,6.0,2022-10-10
29002,CACHOEIRA,815.06,18.82,27.03,3.61,5.14,2022-10-11
29002,CACHOEIRA,814.82,17.36,24.92,2.88,5.0,2022-10-12
29002,CACHOEIRA,814.62,16.15,23.18,5.62,5.0,2022-10-13
29002,CACHOEIRA,814.65,16.33,23.44,2.18,5.0,2022-10-14
29002,CACHOEIRA,814.73,16.81,24.14,1.74,5.0,2022-10-15
29002,CACHOEIRA,814.79,17.17,24.66,1.04,5.0,2022-10-16
29002,CACHOEIRA,814.84,17.48,25.09,1.05,5.0,2022-10-17
29002,CACHOEIRA,814.89,17.78,25.53,1.72,5.0,2022-10-18
29002,CACHOEIRA,814.92,17.97,25.79,1.88,5.0,2022-10-19
29002,CACHOEIRA,814.99,18.39,26.41,4.19,5.0,2022-10-20
29002,CACHOEIRA,815.04,18.7,26.85,3.86,5.0,2022-10-21
29002,CACHOEIRA,815.07,18.89,27.12,2.9,5.0,2022-10-22
29002,CACHOEIRA,815.1,19.07,27.38,1.91,5.0,2022-10-23
29002,CACHOEIRA,815.11,19.13,27.47,1.3,5.0,2022-10-24
29002,CACHOEIRA,815.11,19.13,27.47,1.0,5.0,2022-10-25
29002,CACHOEIRA,815.1,19.07,27.38,0.29,5.0,2022-10-26
29002,CACHOEIRA,815.09,19.01,27.29,1.37,5.08,2022-10-27
29002,CACHOEIRA,815.06,18.82,27.03,1.25,6.0,2022-10-28
29002,CACHOEIRA,815.03,18.64,26.76,1.26,6.0,2022-10-29
29002,CACHOEIRA,815.02,18.58,26.67,3.92,6.0,2022-10-30
29002,CACHOEIRA,815.03,18.64,26.76,4.63,5.09,2022-10-31
29002,CACHOEIRA,815.27,20.13,28.9,11.21,3.21,2022-11-01
29002,CACHOEIRA,815.27,20.13,28.9,11.21,3.21,2022-11-01
29002,CACHOEIRA,815.47,21.38,30.7,5.93,1.71,2022-11-02
29002,CACHOEIRA,815.69,22.77,32.7,6.9,1.5,2022-11-03
29002,CACHOEIRA,815.77,23.29,33.43,7.15,1.5,2022-11-04
29002,CACHOEIRA,815.8,23.48,33.71,5.25,1.71,2022-11-05
29002,CACHOEIRA,815.78,23.35,33.53,3.83,4.0,2022-11-06
29002,CACHOEIRA,815.77,23.29,33.43,4.57,4.0,2022-11-07
29002,CACHOEIRA,815.74,23.09,33.16,3.03,5.25,2022-11-08
29002,CACHOEIRA,815.49,21.51,30.88,1.65,6.0,2022-11-09
29002,CACHOEIRA,815.23,19.88,28.54,3.96,6.0,2022-11-10
29002,CACHOEIRA,814.96,18.21,26.15,1.79,6.0,2022-11-11
29002,CACHOEIRA,814.7,16.63,23.88,4.31,6.0,2022-11-12
29002,CACHOEIRA,814.44,15.07,21.64,2.35,5.14,2022-11-13
29002,CACHOEIRA,814.18,13.53,19.43,3.11,5.0,2022-11-14
29002,CACHOEIRA,814.04,12.72,18.26,6.11,5.0,2022-11-15
29002,CACHOEIRA,813.88,11.79,16.92,4.14,5.0,2022-11-16
29002,CACHOEIRA,813.7,10.75,15.44,2.33,5.0,2022-11-17
29002,CACHOEIRA,813.77,11.15,16.01,2.13,5.0,2022-11-18
29002,CACHOEIRA,813.85,11.61,16.68,1.86,5.0,2022-11-19
29002,CACHOEIRA,813.92,12.02,17.26,1.79,5.0,2022-11-20
29002,CACHOEIRA,814.02,12.6,18.09,2.31,5.0,2022-11-21
29002,CACHOEIRA,814.08,12.95,18.59,1.02,5.0,2022-11-22
29002,CACHOEIRA,814.13,13.24,19.01,2.34,5.0,2022-11-23
29002,CACHOEIRA,814.49,15.37,22.07,21.04,4.11,2022-11-24
29002,CACHOEIRA,814.79,17.17,24.66,14.68,1.54,2022-11-25
29002,CACHOEIRA,814.97,18.27,26.23,6.23,1.05,2022-11-26
29002,CACHOEIRA,815.11,19.13,27.47,3.58,1.0,2022-11-27
29002,CACHOEIRA,815.25,20.0,28.72,4.29,1.0,2022-11-28
29002,CACHOEIRA,815.43,21.13,30.33,7.1,1.0,2022-11-29
29002,CACHOEIRA,815.41,21.0,30.15,5.13,0.79,2022-11-30
29002,CACHOEIRA,815.33,20.5,29.43,5.8,0.5,2022-12-01
29002,CACHOEIRA,815.33,20.5,29.43,5.8,0.5,2022-12-01
29002,CACHOEIRA,815.33,20.5,29.43,4.53,0.5,2022-12-02
29002,CACHOEIRA,815.33,20.5,29.43,3.32,0.5,2022-12-03
29002,CACHOEIRA,815.33,20.5,29.43,3.32,0.5,2022-12-04
29002,CACHOEIRA,815.34,20.56,29.52,4.05,0.5,2022-12-05
29002,CACHOEIRA,815.38,20.81,29.88,6.23,0.5,2022-12-06
29002,CACHOEIRA,815.48,21.44,30.79,10.63,0.5,2022-12-07
29002,CACHOEIRA,815.68,22.71,32.61,15.33,0.5,2022-12-08
29002,CACHOEIRA,815.76,23.22,33.34,7.64,0.5,2022-12-09
29002,CACHOEIRA,815.8,23.48,33.71,3.47,0.5,2022-12-10
29002,CACHOEIRA,815.83,23.67,33.99,3.97,0.5,2022-12-11
29002,CACHOEIRA,815.85,23.8,34.17,2.24,0.5,2022-12-12
29002,CACHOEIRA,815.88,23.99,34.45,3.99,0.5,2022-12-13
29002,CACHOEIRA,816.05,25.1,36.03,14.51,0.5,2022-12-14
29002,CACHOEIRA,816.12,25.55,36.69,6.04,0.5,2022-12-15
29002,CACHOEIRA,816.15,25.75,36.97,4.04,0.5,2022-12-16
29002,CACHOEIRA,816.18,25.95,37.25,4.05,0.5,2022-12-17
29002,CACHOEIRA,816.2,26.08,37.44,3.09,0.3,2022-12-18
29002,CACHOEIRA,816.21,26.14,37.53,2.28,0.25,2022-12-19
29002,CACHOEIRA,816.24,26.34,37.82,3.81,0.25,2022-12-20
29002,CACHOEIRA,816.26,26.47,38.01,2.24,0.44,2022-12-21
29002,CACHOEIRA,816.21,26.14,37.53,5.4,2.5,2022-12-22
29002,CACHOEIRA,816.14,25.68,36.88,7.3,2.5,2022-12-23
29002,CACHOEIRA,816.1,25.42,36.5,9.73,2.67,2022-12-24
29002,CACHOEIRA,816.02,24.9,35.75,8.53,4.5,2022-12-25
29002,CACHOEIRA,815.94,24.38,35.01,8.5,4.5,2022-12-26
29002,CACHOEIRA,815.91,24.19,34.73,9.95,2.23,2022-12-27
29002,CACHOEIRA,815.89,24.06,34.54,8.97,0.51,2022-12-28
29002,CACHOEIRA,815.98,24.64,35.38,16.95,0.25,2022-12-29
29002,CACHOEIRA,816.02,24.9,35.75,13.33,0.25,2022-12-30
29002,CACHOEIRA,816.04,25.03,35.94,11.77,0.25,2022-12-31
29002,CACHOEIRA,816.08,25.29,36.31,13.31,0.25,2023-01-01
29002,CACHOEIRA,816.08,25.29,36.31,13.31,0.25,2023-01-01
29002,CACHOEIRA,816.08,25.29,36.31,10.3,0.25,2023-01-02
29002,CACHOEIRA,816.08,25.29,36.31,10.3,0.25,2023-01-03
29002,CACHOEIRA,816.05,25.1,36.03,8.03,0.25,2023-01-04
29002,CACHOEIRA,816.15,25.75,36.97,13.1,0.25,2023-01-05
29002,CACHOEIRA,816.32,26.87,38.58,13.2,0.25,2023-01-06
29002,CACHOEIRA,816.46,27.8,39.91,11.01,0.25,2023-01-07
29002,CACHOEIRA,816.58,28.6,41.06,9.54,0.25,2023-01-08
29002,CACHOEIRA,816.68,29.27,42.03,8.04,0.25,2023-01-09
29002,CACHOEIRA,816.79,30.02,43.1,8.87,0.25,2023-01-10
29002,CACHOEIRA,816.89,30.7,44.08,8.14,0.25,2023-01-11
29002,CACHOEIRA,816.97,31.25,44.86,6.59,0.25,2023-01-12
29002,CACHOEIRA,816.97,31.25,44.86,7.29,0.25,2023-01-13
29002,CACHOEIRA,816.92,30.91,44.37,6.46,0.25,2023-01-14
29002,CACHOEIRA,816.89,30.7,44.08,8.03,0.25,2023-01-15
29002,CACHOEIRA,816.85,30.43,43.69,7.23,0.25,2023-01-16
29002,CACHOEIRA,816.84,30.36,43.59,9.59,0.25,2023-01-17
29002,CACHOEIRA,816.81,30.15,43.29,8.01,0.25,2023-01-18
29002,CACHOEIRA,816.95,31.11,44.67,21.48,0.25,2023-01-19
29002,CACHOEIRA,816.95,31.11,44.67,10.44,0.25,2023-01-20
29002,CACHOEIRA,816.92,30.91,44.37,8.04,0.25,2023-01-21
29002,CACHOEIRA,816.88,30.63,43.98,7.23,0.25,2023-01-22
29002,CACHOEIRA,816.82,30.22,43.39,4.64,0.25,2023-01-23
29002,CACHOEIRA,816.7,29.41,42.22,9.94,0.25,2023-01-24
29002,CACHOEIRA,816.5,28.06,40.29,6.71,0.25,2023-01-25
29002,CACHOEIRA,816.28,26.6,38.2,5.06,0.25,2023-01-26
29002,CACHOEIRA,816.06,25.16,36.12,4.95,0.25,2023-01-27
29002,CACHOEIRA,815.83,23.67,33.99,4.08,0.25,2023-01-28
29002,CACHOEIRA,815.62,22.33,32.06,6.66,0.25,2023-01-29
29002,CACHOEIRA,815.43,21.13,30.33,8.0,0.25,2023-01-30
29002,CACHOEIRA,815.23,19.88,28.54,7.06,0.25,2023-01-31
29002,CACHOEIRA,815.19,19.63,28.18,11.64,0.25,2023-02-01
29002,CACHOEIRA,815.19,19.63,28.18,11.64,0.25,2023-02-01
29002,CACHOEIRA,815.7,22.84,32.79,44.01,0.2,2023-02-02
29002,CACHOEIRA,816.05,25.1,36.03,26.12,0.0,2023-02-03
29002,CACHOEIRA,816.28,26.6,38.2,19.56,0.0,2023-02-04
29002,CACHOEIRA,816.49,28.0,40.2,18.27,0.0,2023-02-05
29002,CACHOEIRA,816.64,29.0,41.64,11.64,0.0,2023-02-06
29002,CACHOEIRA,816.73,29.61,42.52,7.03,0.0,2023-02-07
29002,CACHOEIRA,816.82,30.22,43.39,7.07,0.0,2023-02-08
29002,CACHOEIRA,816.9,30.77,44.18,8.52,0.0,2023-02-09
29002,CACHOEIRA,817.02,31.59,45.36,9.53,0.0,2023-02-10
29002,CACHOEIRA,817.27,33.32,47.85,20.06,0.0,2023-02-11
29002,CACHOEIRA,817.56,35.37,50.78,23.63,0.0,2023-02-12
29002,CACHOEIRA,817.72,36.51,52.42,13.2,0.0,2023-02-13
29002,CACHOEIRA,817.75,36.72,52.72,10.24,0.0,2023-02-14
29002,CACHOEIRA,817.69,36.29,52.11,8.38,0.0,2023-02-15
29002,CACHOEIRA,817.62,35.79,51.39,9.21,0.0,2023-02-16
29002,CACHOEIRA,817.54,35.22,50.57,12.83,0.0,2023-02-17
29002,CACHOEIRA,817.46,34.66,49.76,14.09,0.0,2023-02-18
29002,CACHOEIRA,817.42,34.38,49.36,17.26,0.0,2023-02-19
29002,CACHOEIRA,817.45,34.59,49.66,23.03,0.0,2023-02-20
29002,CACHOEIRA,817.37,34.02,48.85,14.03,0.0,2023-02-21
29002,CACHOEIRA,817.27,33.32,47.85,12.32,0.0,2023-02-22
29002,CACHOEIRA,817.21,32.91,47.25,11.15,0.0,2023-02-23
29002,CACHOEIRA,817.17,32.63,46.85,11.37,0.0,2023-02-24
29002,CACHOEIRA,817.13,32.35,46.45,11.33,0.0,2023-02-25
29002,CACHOEIRA,817.04,31.73,45.56,7.3,0.0,2023-02-26
29002,CACHOEIRA,816.98,31.32,44.96,9.68,0.0,2023-02-27
29002,CACHOEIRA,816.93,30.97,44.47,10.44,0.0,2023-02-28
29002,CACHOEIRA,816.94,31.04,44.57,15.17,0.0,2023-03-01
29002,CACHOEIRA,816.94,31.04,44.57,15.17,0.0,2023-03-01
29002,CACHOEIRA,816.89,30.7,44.08,10.41,0.0,2023-03-02
29002,CACHOEIRA,816.83,30.29,43.49,9.57,0.0,2023-03-03
29002,CACHOEIRA,816.76,29.81,42.81,8.75,0.0,2023-03-04
29002,CACHOEIRA,816.84,30.36,43.59,20.55,0.0,2023-03-05
29002,CACHOEIRA,816.85,30.43,43.69,15.09,0.0,2023-03-06
29002,CACHOEIRA,816.81,30.15,43.29,11.14,0.0,2023-03-07
29002,CACHOEIRA,816.86,30.5,43.78,9.81,0.0,2023-03-08
29002,CACHOEIRA,816.9,30.77,44.18,7.96,0.0,2023-03-09
29002,CACHOEIRA,816.94,31.04,44.57,7.98,0.0,2023-03-10
29002,CACHOEIRA,817.06,31.87,45.75,14.38,0.0,2023-03-11
29002,CACHOEIRA,817.22,32.98,47.35,17.7,0.0,2023-03-12
29002,CACHOEIRA,817.37,34.02,48.85,17.05,0.0,2023-03-13
29002,CACHOEIRA,817.48,34.8,49.96,13.93,0.0,2023-03-14
29002,CACHOEIRA,817.59,35.58,51.08,14.02,0.0,2023-03-15
29002,CACHOEIRA,817.66,36.08,51.8,10.79,0.0,2023-03-16
29002,CACHOEIRA,817.7,36.36,52.21,8.34,0.0,2023-03-17
29002,CACHOEIRA,817.74,36.65,52.62,8.37,0.0,2023-03-18
29002,CACHOEIRA,817.77,36.87,52.93,7.57,0.0,2023-03-19
29002,CACHOEIRA,817.79,37.01,53.14,6.75,0.0,2023-03-20
29002,CACHOEIRA,817.86,37.51,53.86,10.93,0.0,2023-03-21
29002,CACHOEIRA,817.89,37.73,54.17,7.61,0.0,2023-03-22
29002,CACHOEIRA,817.91,37.88,54.38,6.81,0.03,2023-03-23
29002,CACHOEIRA,817.91,37.88,54.38,5.61,0.5,2023-03-24
29002,CACHOEIRA,817.92,37.95,54.48,6.45,0.5,2023-03-25
29002,CACHOEIRA,817.92,37.95,54.48,5.61,0.5,2023-03-26
29002,CACHOEIRA,817.92,37.95,54.48,5.61,0.5,2023-03-27
29002,CACHOEIRA,817.93,38.02,54.59,6.45,0.5,2023-03-28
29002,CACHOEIRA,817.78,36.94,53.03,5.04,0.5,2023-03-29
29002,CACHOEIRA,817.6,35.65,51.19,6.05,0.5,2023-03-30
29002,CACHOEIRA,817.45,34.59,49.66,5.12,0.5,2023-03-31
29002,CACHOEIRA,817.48,34.8,49.96,3.69,0.5,2023-04-01
29002,CACHOEIRA,819.07,46.54,66.83,3.25,2.0,2023-05-01
29002,CACHOEIRA,819.12,46.93,67.38,3.99,2.0,2023-05-02
29002,CACHOEIRA,819.1,46.78,67.16,4.93,2.0,2023-05-03
29002,CACHOEIRA,819.08,46.62,66.94,4.84,2.0,2023-05-04
29002,CACHOEIRA,819.04,46.31,66.49,3.03,2.0,2023-05-05
29002,CACHOEIRA,819.04,46.31,66.49,3.8,2.0,2023-05-06
29002,CACHOEIRA,819.04,46.31,66.49,3.07,2.0,2023-05-07
29002,CACHOEIRA,819.04,46.31,66.49,3.06,2.0,2023-05-08
29002,CACHOEIRA,819.04,46.31,66.49,2.93,2.0,2023-05-09
29002,CACHOEIRA,819.04,46.31,66.49,2.99,2.0,2023-05-10
29002,CACHOEIRA,819.05,46.39,66.6,3.9,2.03,2023-05-11
29002,CACHOEIRA,819.04,46.31,66.49,3.58,3.5,2023-05-12
29002,CACHOEIRA,819.01,46.08,66.16,1.78,3.5,2023-05-13
29002,CACHOEIRA,819.0,46.01,66.05,3.64,3.5,2023-05-14
29002,CACHOEIRA,818.98,45.85,65.83,2.74,3.5,2023-05-15
29002,CACHOEIRA,818.95,45.62,65.5,1.85,3.5,2023-05-16
29002,CACHOEIRA,818.93,45.47,65.28,2.71,3.5,2023-05-17
29002,CACHOEIRA,818.91,45.32,65.06,2.68,3.5,2023-05-18
29002,CACHOEIRA,818.89,45.16,64.84,4.63,3.5,2023-05-19
29002,CACHOEIRA,818.86,44.93,64.51,3.79,3.5,2023-05-20
29002,CACHOEIRA,818.84,44.78,64.3,3.04,3.53,2023-05-21
29002,CACHOEIRA,818.79,44.4,63.75,1.84,5.0,2023-05-22
29002,CACHOEIRA,818.75,44.1,63.31,2.69,5.0,2023-05-23
29002,CACHOEIRA,818.71,43.8,62.88,2.65,5.0,2023-05-24
29002,CACHOEIRA,818.67,43.49,62.45,2.62,5.0,2023-05-25
29002,CACHOEIRA,818.63,43.19,62.01,2.59,5.0,2023-05-26
29002,CACHOEIRA,818.58,42.82,61.47,1.7,5.0,2023-05-27
29002,CACHOEIRA,818.54,42.52,61.04,2.54,5.0,2023-05-28
29002,CACHOEIRA,818.5,42.22,60.61,2.51,5.0,2023-05-29
29002,CACHOEIRA,818.46,41.92,60.18,2.88,5.0,2023-05-30
29002,CACHOEIRA,818.44,41.77,59.97,4.47,5.0,2023-05-31
29002,CACHOEIRA,818.47,41.99,60.29,8.29,5.0,2023-06-01
29002,CACHOEIRA,818.47,41.99,60.29,8.29,5.0,2023-06-01
29002,CACHOEIRA,818.49,42.14,60.51,5.97,3.93,2023-06-02
29002,CACHOEIRA,818.49,42.14,60.51,3.32,3.0,2023-06-03
29002,CACHOEIRA,818.49,42.14,60.51,3.33,3.0,2023-06-04
29002,CACHOEIRA,818.48,42.07,60.4,2.46,3.0,2023-06-05
29002,CACHOEIRA,818.47,41.99,60.29,2.45,3.0,2023-06-06
29002,CACHOEIRA,818.46,41.92,60.18,2.43,3.0,2023-06-07
29002,CACHOEIRA,818.44,41.77,59.97,1.83,3.17,2023-06-08
29002,CACHOEIRA,818.41,41.55,59.65,2.77,5.0,2023-06-09
29002,CACHOEIRA,818.37,41.25,59.22,1.97,5.0,2023-06-10
29002,CACHOEIRA,818.33,40.95,58.8,2.15,5.0,2023-06-11
29002,CACHOEIRA,818.29,40.66,58.37,2.13,5.0,2023-06-12
29002,CACHOEIRA,818.26,40.43,58.05,2.96,5.0,2023-06-13
29002,CACHOEIRA,818.22,40.14,57.63,2.06,5.0,2023-06-14
29002,CACHOEIRA,818.23,40.21,57.74,6.12,5.0,2023-06-15
29002,CACHOEIRA,818.24,40.29,57.84,4.69,4.06,2023-06-16
29002,CACHOEIRA,818.26,40.43,58.05,4.67,3.29,2023-06-17
29002,CACHOEIRA,818.26,40.43,58.05,2.69,3.0,2023-06-18
29002,CACHOEIRA,818.26,40.43,58.05,2.68,3.0,2023-06-19
29002,CACHOEIRA,818.25,40.36,57.95,1.82,3.0,2023-06-20
29002,CACHOEIRA,818.25,40.36,57.95,2.67,3.0,2023-06-21
29002,CACHOEIRA,818.24,40.29,57.84,1.96,3.04,2023-06-22
29002,CACHOEIRA,818.21,40.07,57.52,2.3,5.0,2023-06-23
29002,CACHOEIRA,818.17,39.77,57.1,1.42,5.0,2023-06-24
29002,CACHOEIRA,818.14,39.55,56.79,2.44,5.0,2023-06-25
29002,CACHOEIRA,818.11,39.33,56.47,2.45,5.0,2023-06-26
29002,CACHOEIRA,818.07,39.04,56.05,1.63,5.0,2023-06-27
29002,CACHOEIRA,818.03,38.75,55.63,1.61,5.0,2023-06-28
29002,CACHOEIRA,818.0,38.53,55.32,2.52,5.0,2023-06-29
29002,CACHOEIRA,817.95,38.17,54.8,1.02,5.0,2023-06-30
29002,CACHOEIRA,817.91,37.88,54.38,1.92,5.0,2023-07-01
29002,CACHOEIRA,817.91,37.88,54.38,1.92,5.0,2023-07-01
29002,CACHOEIRA,817.87,37.59,53.96,1.89,5.0,2023-07-02
29002,CACHOEIRA,817.83,37.3,53.55,1.96,5.0,2023-07-03
29002,CACHOEIRA,817.67,36.15,51.9,1.4,5.0,2023-07-04
29002,CACHOEIRA,817.5,34.94,50.17,1.81,5.0,2023-07-05
29002,CACHOEIRA,817.33,33.74,48.45,1.76,5.0,2023-07-06
29002,CACHOEIRA,817.16,32.56,46.75,1.82,5.0,2023-07-07
29002,CACHOEIRA,817.0,31.45,45.16,2.57,5.0,2023-07-08
29002,CACHOEIRA,816.84,30.36,43.59,2.5,5.0,2023-07-09
29002,CACHOEIRA,816.68,29.27,42.03,2.36,5.0,2023-07-10
29002,CACHOEIRA,816.53,28.27,40.58,2.99,5.0,2023-07-11
29002,CACHOEIRA,816.37,27.2,39.05,2.07,5.0,2023-07-12
29002,CACHOEIRA,816.21,26.14,37.53,1.92,5.0,2023-07-13
29002,CACHOEIRA,816.04,25.03,35.94,1.19,5.0,2023-07-14
29002,CACHOEIRA,815.88,23.99,34.45,1.3,5.0,2023-07-15
29002,CACHOEIRA,815.72,22.97,32.97,2.07,5.0,2023-07-16
29002,CACHOEIRA,815.56,21.95,31.51,1.89,5.0,2023-07-17
29002,CACHOEIRA,815.4,20.94,30.06,1.7,5.0,2023-07-18
29002,CACHOEIRA,815.24,19.94,28.63,1.69,5.0,2023-07-19
29002,CACHOEIRA,815.09,19.01,27.29,2.41,5.0,2023-07-20
29002,CACHOEIRA,814.93,18.03,25.88,1.61,5.0,2023-07-21
29002,CACHOEIRA,814.89,17.78,25.53,0.35,5.0,2023-07-22
29002,CACHOEIRA,814.85,17.56,25.22,0.26,5.0,2023-07-23
29002,CACHOEIRA,814.8,17.23,24.75,0.29,5.0,2023-07-24
29002,CACHOEIRA,814.75,16.93,24.31,0.71,5.0,2023-07-25
29002,CACHOEIRA,814.71,16.69,23.96,0.52,5.0,2023-07-26
29002,CACHOEIRA,814.61,16.09,23.1,0.5,5.0,2023-07-27
29002,CACHOEIRA,814.5,15.43,22.15,0.29,5.0,2023-07-28
29002,CACHOEIRA,814.39,14.77,21.2,0.55,5.0,2023-07-29
29002,CACHOEIRA,814.27,14.03,20.15,0.16,5.0,2023-07-30
29002,CACHOEIRA,814.15,13.35,19.17,0.47,5.0,2023-07-31
29002,CACHOEIRA,814.16,13.43,19.29,0.26,5.0,2023-08-01
29002,CACHOEIRA,814.16,13.43,19.29,0.26,5.0,2023-08-01
29002,CACHOEIRA,814.18,13.56,19.47,0.26,5.0,2023-08-02
29002,CACHOEIRA,814.21,13.71,19.68,0.33,5.0,2023-08-03
29002,CACHOEIRA,814.22,13.77,19.77,0.78,5.0,2023-08-04
29002,CACHOEIRA,814.26,13.98,20.06,0.58,5.0,2023-08-05
29002,CACHOEIRA,814.27,14.09,20.23,0.51,5.0,2023-08-06
29002,CACHOEIRA,814.29,14.17,20.34,0.19,5.0,2023-08-07
29002,CACHOEIRA,814.32,14.36,20.62,0.63,5.04,2023-08-08
29002,CACHOEIRA,814.35,14.54,20.87,1.02,5.5,2023-08-09
29002,CACHOEIRA,814.37,14.65,21.04,1.23,5.5,2023-08-10
29002,CACHOEIRA,814.38,14.71,21.13,0.8,5.5,2023-08-11
29002,CACHOEIRA,814.43,15.01,21.55,1.02,5.5,2023-08-12
29002,CACHOEIRA,814.46,15.19,21.81,1.33,5.5,2023-08-13
29002,CACHOEIRA,814.47,15.25,21.89,2.68,5.5,2023-08-14
29002,CACHOEIRA,814.48,15.31,21.98,3.51,5.5,2023-08-15
29002,CACHOEIRA,814.54,15.67,22.49,1.55,5.5,2023-08-16
29002,CACHOEIRA,814.59,15.97,22.93,1.61,5.5,2023-08-17
29002,CACHOEIRA,814.63,16.21,23.27,2.34,5.5,2023-08-18
29002,CACHOEIRA,814.64,16.27,23.36,1.11,5.5,2023-08-19
29002,CACHOEIRA,814.65,16.33,23.44,2.03,5.5,2023-08-20
29002,CACHOEIRA,814.65,16.33,23.44,1.16,5.5,2023-08-21
29002,CACHOEIRA,814.64,16.27,23.36,2.06,5.5,2023-08-22
29002,CACHOEIRA,814.66,16.39,23.53,0.35,5.5,2023-08-23
29002,CACHOEIRA,814.68,16.51,23.7,0.92,5.5,2023-08-24
29002,CACHOEIRA,814.69,16.57,23.79,0.77,5.5,2023-08-25
29002,CACHOEIRA,814.7,16.63,23.88,0.76,5.5,2023-08-26
29002,CACHOEIRA,814.71,16.69,23.96,1.66,5.5,2023-08-27
29002,CACHOEIRA,814.73,16.81,24.14,2.97,5.5,2023-08-28
29002,CACHOEIRA,814.73,16.81,24.14,2.41,5.5,2023-08-29
29002,CACHOEIRA,814.71,16.69,23.96,1.68,5.5,2023-08-30
29002,CACHOEIRA,814.68,16.51,23.7,1.55,5.5,2023-08-31
29002,CACHOEIRA,814.64,16.27,23.36,1.15,5.16,2023-09-01
29002,CACHOEIRA,814.64,16.27,23.36,1.15,5.16,2023-09-01
29002,CACHOEIRA,814.67,16.47,23.65,0.5,5.5,2023-09-02
29002,CACHOEIRA,814.72,16.77,24.08,3.03,5.5,2023-09-03
29002,CACHOEIRA,814.77,17.05,24.48,2.42,5.5,2023-09-04
29002,CACHOEIRA,814.81,17.3,24.83,1.76,4.64,2023-09-05
29002,CACHOEIRA,814.91,17.9,25.71,2.52,4.5,2023-09-06
29002,CACHOEIRA,815.0,18.46,26.5,0.46,4.5,2023-09-07
29002,CACHOEIRA,815.09,19.01,27.29,0.65,4.5,2023-09-08
29002,CACHOEIRA,815.15,19.38,27.83,0.1,4.5,2023-09-09
29002,CACHOEIRA,815.21,19.75,28.36,1.56,4.5,2023-09-10
29002,CACHOEIRA,815.26,20.06,28.81,1.62,4.5,2023-09-11
29002,CACHOEIRA,815.3,20.31,29.16,1.83,4.73,2023-09-12
29002,CACHOEIRA,815.32,20.44,29.34,1.02,5.5,2023-09-13
29002,CACHOEIRA,815.33,20.5,29.43,1.97,5.54,2023-09-14
29002,CACHOEIRA,815.31,20.38,29.25,3.11,4.91,2023-09-15
29002,CACHOEIRA,815.27,20.13,28.9,1.9,4.08,2023-09-16
29002,CACHOEIRA,815.22,19.81,28.45,2.63,5.0,2023-09-17
29002,CACHOEIRA,815.16,19.44,27.91,2.19,5.0,2023-09-18
29002,CACHOEIRA,815.09,19.01,27.29,0.61,5.0,2023-09-19
29002,CACHOEIRA,815.08,18.95,27.21,0.39,5.0,2023-09-20
29002,CACHOEIRA,815.07,18.89,27.12,0.49,5.0,2023-09-21
29002,CACHOEIRA,815.05,18.76,26.94,0.27,5.0,2023-09-22
29002,CACHOEIRA,815.06,18.82,27.03,0.75,5.0,2023-09-23
29002,CACHOEIRA,815.05,18.76,26.94,0.48,5.0,2023-09-24
29002,CACHOEIRA,815.04,18.7,26.85,1.47,5.0,2023-09-25
29002,CACHOEIRA,815.03,18.63,26.75,0.47,5.0,2023-09-26
29002,CACHOEIRA,815.02,18.58,26.67,0.31,5.0,2023-09-27
29002,CACHOEIRA,814.99,18.39,26.41,0.85,5.0,2023-09-28
29002,CACHOEIRA,815.0,18.46,26.5,2.33,5.0,2023-09-29
29002,CACHOEIRA,815.01,18.49,26.54,0.23,4.06,2023-09-30
29002,CACHOEIRA,815.04,18.7,26.85,2.3,4.0,2023-10-01
29002,CACHOEIRA,815.04,18.7,26.85,2.3,4.0,2023-10-01
29002,CACHOEIRA,815.18,19.57,28.09,10.18,4.0,2023-10-02
29002,CACHOEIRA,815.25,20.0,28.72,6.07,2.23,2023-10-03
29002,CACHOEIRA,815.26,20.06,28.81,3.27,2.0,2023-10-04
29002,CACHOEIRA,815.31,20.38,29.25,7.81,1.61,2023-10-05
29002,CACHOEIRA,815.41,21.0,30.15,9.47,1.5,2023-10-06
29002,CACHOEIRA,815.62,22.33,32.06,5.95,1.5,2023-10-07
29002,CACHOEIRA,815.91,24.19,34.73,12.18,1.5,2023-10-08
29002,CACHOEIRA,816.36,27.13,38.96,23.57,1.5,2023-10-09
29002,CACHOEIRA,816.63,28.94,41.55,20.86,0.46,2023-10-10
29002,CACHOEIRA,816.73,29.61,42.52,8.06,0.25,2023-10-11
29002,CACHOEIRA,816.78,29.95,43.0,4.17,0.25,2023-10-12
29002,CACHOEIRA,816.88,30.63,43.98,9.42,0.25,2023-10-13
29002,CACHOEIRA,816.97,31.25,44.86,8.68,0.25,2023-10-14
29002,CACHOEIRA,817.01,31.52,45.26,4.73,0.25,2023-10-15
29002,CACHOEIRA,817.05,31.8,45.65,4.75,0.25,2023-10-16
29002,CACHOEIRA,817.11,32.21,46.25,10.26,4.14,2023-10-17
29002,CACHOEIRA,817.3,33.53,48.15,17.71,0.94,2023-10-18
29002,CACHOEIRA,817.36,33.95,48.75,6.83,0.5,2023-10-19
29002,CACHOEIRA,817.26,33.25,47.75,5.22,0.5,2023-10-20
29002,CACHOEIRA,817.12,32.28,46.35,4.33,0.5,2023-10-21
29002,CACHOEIRA,816.97,31.25,44.86,3.48,0.5,2023-10-22
29002,CACHOEIRA,816.74,29.68,42.61,3.9,3.11,2023-10-23
29002,CACHOEIRA,816.39,27.33,39.24,3.85,4.5,2023-10-24
29002,CACHOEIRA,816.01,24.84,35.66,2.78,4.5,2023-10-25
29002,CACHOEIRA,815.62,22.33,32.06,3.15,4.5,2023-10-26
29002,CACHOEIRA,815.24,19.94,28.63,3.76,4.5,2023-10-27
29002,CACHOEIRA,815.28,20.19,28.99,8.56,4.5,2023-10-28
29002,CACHOEIRA,815.38,20.81,29.88,7.46,4.5,2023-10-29
29002,CACHOEIRA,815.48,21.44,30.79,7.88,4.5,2023-10-30
29002,CACHOEIRA,815.54,21.82,31.33,4.53,3.58,2023-10-31
29002,CACHOEIRA,815.83,23.67,33.99,21.72,3.5,2023-11-01
29002,CACHOEIRA,815.83,23.67,33.99,21.72,3.5,2023-11-01
29002,CACHOEIRA,816.0,24.77,35.56,13.41,3.5,2023-11-02
29002,CACHOEIRA,816.09,25.36,36.41,5.88,3.5,2023-11-03
29002,CACHOEIRA,816.19,26.01,37.35,6.25,3.5,2023-11-04
29002,CACHOEIRA,816.43,27.6,39.62,5.26,3.5,2023-11-05
29002,CACHOEIRA,816.64,29.0,41.64,2.65,3.5,2023-11-06
29002,CACHOEIRA,816.83,30.29,43.49,1.76,3.5,2023-11-07
29002,CACHOEIRA,817.0,31.45,45.16,2.2,3.5,2023-11-08
29002,CACHOEIRA,817.07,31.94,45.85,1.12,3.58,2023-11-09
29002,CACHOEIRA,817.08,32.01,45.95,1.2,4.5,2023-11-10
29002,CACHOEIRA,817.08,32.01,45.95,1.3,5.08,2023-11-11
29002,CACHOEIRA,817.08,32.01,45.95,1.83,5.5,2023-11-12
29002,CACHOEIRA,816.95,31.11,44.67,1.77,5.5,2023-11-13
29002,CACHOEIRA,816.77,29.88,42.9,0.48,5.5,2023-11-14
29002,CACHOEIRA,816.61,28.8,41.35,2.3,5.5,2023-11-15
29002,CACHOEIRA,816.44,27.66,39.72,1.8,5.5,2023-11-16
29002,CACHOEIRA,816.27,26.54,38.1,1.63,5.5,2023-11-17
29002,CACHOEIRA,816.11,25.49,36.59,0.46,3.21,2023-11-18
29002,CACHOEIRA,815.96,24.51,35.19,0.95,3.0,2023-11-19
29002,CACHOEIRA,815.86,23.86,34.26,4.59,3.0,2023-11-20
29002,CACHOEIRA,815.73,23.03,33.07,1.76,2.57,2023-11-21
29002,CACHOEIRA,815.59,22.14,31.79,1.92,2.5,2023-11-22
29002,CACHOEIRA,815.47,21.38,30.7,2.11,2.5,2023-11-23
29002,CACHOEIRA,815.37,20.75,29.79,3.09,2.5,2023-11-24
29002,CACHOEIRA,815.27,20.13,28.9,2.9,2.5,2023-11-25
29002,CACHOEIRA,815.16,19.44,27.91,2.1,2.5,2023-11-26
29002,CACHOEIRA,815.04,18.7,26.85,1.51,2.5,2023-11-27
29002,CACHOEIRA,815.05,18.76,26.94,9.34,1.95,2023-11-28
29002,CACHOEIRA,815.1,19.07,27.38,7.12,1.5,2023-11-29
29002,CACHOEIRA,815.27,20.13,28.9,13.3,1.5,2023-11-30
29002,CACHOEIRA,815.38,20.81,29.88,8.83,1.5,2023-12-01
29002,CACHOEIRA,815.38,20.81,29.88,8.83,1.5,2023-12-01
29002,CACHOEIRA,815.41,21.0,30.15,2.86,1.5,2023-12-02
29002,CACHOEIRA,815.43,21.13,30.33,2.39,1.5,2023-12-03
29002,CACHOEIRA,815.44,21.19,30.42,1.16,1.5,2023-12-04
29002,CACHOEIRA,815.62,22.33,32.06,3.03,1.5,2023-12-05
29002,CACHOEIRA,815.79,23.41,33.62,2.03,0.99,2023-12-06
29002,CACHOEIRA,815.95,24.45,35.1,0.84,0.5,2023-12-07
29002,CACHOEIRA,816.11,25.49,36.59,0.77,0.5,2023-12-08
29002,CACHOEIRA,816.26,26.47,38.01,0.23,0.5,2023-12-09
29002,CACHOEIRA,816.41,27.46,39.43,0.62,0.5,2023-12-10
29002,CACHOEIRA,816.58,28.6,41.06,2.38,0.5,2023-12-11
29002,CACHOEIRA,816.6,28.73,41.26,1.5,0.5,2023-12-12
29002,CACHOEIRA,816.55,28.4,40.77,1.33,0.5,2023-12-13
29002,CACHOEIRA,816.5,28.06,40.29,0.44,0.5,2023-12-14
29002,CACHOEIRA,816.39,27.33,39.24,0.58,1.36,2023-12-15
29002,CACHOEIRA,816.25,26.41,37.91,0.74,3.53,2023-12-16
29002,CACHOEIRA,816.09,25.36,36.41,1.09,5.5,2023-12-17
29002,CACHOEIRA,815.91,24.19,34.73,1.44,6.34,2023-12-18
29002,CACHOEIRA,815.76,23.22,33.34,1.27,4.96,2023-12-19
29002,CACHOEIRA,815.62,22.33,32.06,0.84,3.5,2023-12-20
29002,CACHOEIRA,815.46,21.32,30.61,0.5,3.5,2023-12-21
29002,CACHOEIRA,815.26,20.06,28.81,1.5,3.5,2023-12-22
29002,CACHOEIRA,815.09,19.01,27.29,2.2,2.76,2023-12-23
29002,CACHOEIRA,814.92,17.97,25.79,1.31,2.0,2023-12-24
29002,CACHOEIRA,814.75,16.93,24.31,1.06,2.0,2023-12-25
29002,CACHOEIRA,814.57,15.85,22.75,0.51,2.0,2023-12-26
29002,CACHOEIRA,814.57,15.85,22.75,1.03,2.0,2023-12-27
29002,CACHOEIRA,814.58,15.91,22.84,0.99,2.0,2023-12-28
29002,CACHOEIRA,814.63,16.21,23.27,1.89,3.17,2023-12-29
29002,CACHOEIRA,814.69,16.57,23.79,3.43,4.0,2023-12-30
29002,CACHOEIRA,814.73,16.81,24.14,4.7,4.0,2023-12-31
29002,CACHOEIRA,814.76,16.99,24.4,2.07,4.0,2024-01-01
29002,CACHOEIRA,814.76,16.99,24.4,2.07,4.0,2024-01-01
29002,CACHOEIRA,814.78,17.11,24.57,1.12,4.0,2024-01-02
29002,CACHOEIRA,814.79,17.17,24.66,1.47,4.0,2024-01-03
29002,CACHOEIRA,814.88,17.72,25.44,10.29,3.1,2024-01-04
29002,CACHOEIRA,814.98,18.33,26.32,5.91,1.5,2024-01-05
29002,CACHOEIRA,815.01,18.52,26.59,2.47,2.87,2024-01-06
29002,CACHOEIRA,815.01,18.52,26.59,2.31,4.0,2024-01-07
29002,CACHOEIRA,814.99,18.39,26.41,1.58,4.0,2024-01-08
29002,CACHOEIRA,814.97,18.27,26.23,2.55,4.0,2024-01-09
29002,CACHOEIRA,814.97,18.27,26.23,1.16,4.0,2024-01-10
29002,CACHOEIRA,814.97,18.27,26.23,1.77,4.0,2024-01-11
29002,CACHOEIRA,814.97,18.27,26.23,2.48,4.0,2024-01-12
29002,CACHOEIRA,815.03,18.64,26.76,4.46,2.85,2024-01-13
29002,CACHOEIRA,815.11,19.13,27.47,3.41,2.0,2024-01-14
29002,CACHOEIRA,815.18,19.57,28.09,3.05,2.0,2024-01-15
29002,CACHOEIRA,815.23,19.88,28.54,2.02,2.0,2024-01-16
29002,CACHOEIRA,815.38,20.81,29.88,1.36,2.0,2024-01-17
29002,CACHOEIRA,815.52,21.7,31.15,0.19,2.0,2024-01-18
29002,CACHOEIRA,815.68,22.71,32.61,3.0,2.0,2024-01-19
29002,CACHOEIRA,816.1,25.42,36.5,10.01,1.25,2024-01-20
29002,CACHOEIRA,816.49,28.0,40.2,5.66,0.25,2024-01-21
29002,CACHOEIRA,816.93,30.97,44.47,10.04,0.25,2024-01-22
29002,CACHOEIRA,817.05,31.8,45.65,9.65,0.25,2024-01-23
29002,CACHOEIRA,817.25,33.19,47.65,15.04,0.25,2024-01-24
29002,CACHOEIRA,817.27,33.32,47.85,10.66,0.25,2024-01-25
29002,CACHOEIRA,817.24,33.12,47.55,8.32,0.25,2024-01-26
29002,CACHOEIRA,817.18,32.7,46.95,5.88,0.25,2024-01-27
29002,CACHOEIRA,817.15,32.49,46.65,8.28,0.25,2024-01-28
29002,CACHOEIRA,817.12,32.28,46.35,8.25,0.25,2024-01-29
29002,CACHOEIRA,817.06,31.87,45.75,5.83,0.25,2024-01-30
29002,CACHOEIRA,816.98,31.32,44.96,4.21,0.25,2024-01-31
29002,CACHOEIRA,816.72,29.54,42.42,7.1,0.25,2024-02-01
29002,CACHOEIRA,816.72,29.54,42.42,7.1,0.25,2024-02-01
29002,CACHOEIRA,816.38,27.27,39.15,3.02,0.25,2024-02-02
29002,CACHOEIRA,816.09,25.36,36.41,6.67,0.25,2024-02-03
29002,CACHOEIRA,815.77,23.29,33.43,4.23,0.25,2024-02-04
29002,CACHOEIRA,815.44,21.19,30.42,3.4,0.25,2024-02-05
29002,CACHOEIRA,815.12,19.2,27.56,4.32,0.25,2024-02-06
29002,CACHOEIRA,815.15,19.38,27.83,1.67,0.25,2024-02-07
29002,CACHOEIRA,815.19,19.63,28.19,1.29,0.25,2024-02-08
29002,CACHOEIRA,815.19,19.65,28.22,1.46,0.96,2024-02-09
29002,CACHOEIRA,815.27,20.13,28.9,2.17,2.0,2024-02-10
29002,CACHOEIRA,815.37,20.75,29.79,2.41,2.0,2024-02-11
29002,CACHOEIRA,815.46,21.32,30.61,2.0,2.0,2024-02-12
29002,CACHOEIRA,815.54,21.82,31.33,2.31,2.0,2024-02-13
29002,CACHOEIRA,815.62,22.33,32.06,2.82,2.0,2024-02-14
29002,CACHOEIRA,815.75,23.16,33.25,5.93,1.14,2024-02-15
29002,CACHOEIRA,815.92,24.25,34.82,8.55,0.25,2024-02-16
29002,CACHOEIRA,816.04,25.03,35.94,5.34,0.25,2024-02-17
29002,CACHOEIRA,816.14,25.68,36.88,4.19,0.25,2024-02-18
29002,CACHOEIRA,816.25,26.41,37.91,5.41,0.25,2024-02-19
29002,CACHOEIRA,816.5,28.06,40.29,9.84,0.25,2024-02-20
29002,CACHOEIRA,816.83,30.29,43.49,16.4,0.25,2024-02-21
29002,CACHOEIRA,817.31,33.6,48.25,28.53,0.25,2024-02-22
29002,CACHOEIRA,817.63,35.86,51.49,16.06,0.25,2024-02-23
29002,CACHOEIRA,817.54,35.22,50.57,7.27,0.25,2024-02-24
29002,CACHOEIRA,817.46,34.66,49.76,8.88,0.25,2024-02-25
29002,CACHOEIRA,817.34,33.81,48.55,5.56,0.25,2024-02-26
29002,CACHOEIRA,817.22,32.98,47.35,5.51,0.25,2024-02-27
29002,CACHOEIRA,817.13,32.35,46.45,7.9,0.25,2024-02-28
29002,CACHOEIRA,816.86,30.5,43.78,4.58,0.25,2024-02-29
29002,CACHOEIRA,816.6,28.73,41.26,5.31,0.25,2024-03-01
29002,CACHOEIRA,816.6,28.73,41.26,5.31,0.25,2024-03-01
29002,CACHOEIRA,816.34,27.0,38.77,5.17,0.25,2024-03-02
29002,CACHOEIRA,816.1,25.42,36.5,7.63,0.25,2024-03-03
29002,CACHOEIRA,815.83,23.67,33.99,6.35,0.25,2024-03-04
29002,CACHOEIRA,815.52,21.7,31.15,5.25,2.7,2024-03-05
29002,CACHOEIRA,815.6,22.2,31.88,3.68,3.27,2024-03-06
29002,CACHOEIRA,815.7,22.84,32.79,2.62,1.5,2024-03-07
29002,CACHOEIRA,815.8,23.48,33.71,2.85,1.5,2024-03-08
29002,CACHOEIRA,816.05,25.1,36.03,8.34,1.5,2024-03-09
29002,CACHOEIRA,816.32,26.87,38.58,5.71,0.81,2024-03-10
29002,CACHOEIRA,816.56,28.47,40.87,4.65,0.25,2024-03-11
29002,CACHOEIRA,816.76,29.81,42.8,0.49,0.25,2024-03-12
29002,CACHOEIRA,816.93,30.97,44.47,1.15,0.25,2024-03-13
29002,CACHOEIRA,817.09,32.07,46.05,2.52,0.25,2024-03-14
29002,CACHOEIRA,817.24,33.12,47.55,1.31,0.25,2024-03-15
29002,CACHOEIRA,817.31,33.6,48.25,0.62,0.25,2024-03-16
29002,CACHOEIRA,817.33,33.74,48.45,1.36,2.94,2024-03-17
29002,CACHOEIRA,817.34,33.81,48.55,1.64,3.0,2024-03-18
29002,CACHOEIRA,817.38,34.1,48.95,5.11,3.0,2024-03-19
29002,CACHOEIRA,817.41,34.31,49.26,4.34,3.0,2024-03-20
29002,CACHOEIRA,817.43,34.45,49.46,2.39,3.0,2024-03-21
29002,CACHOEIRA,817.43,34.45,49.46,1.47,3.0,2024-03-22
29002,CACHOEIRA,817.18,32.7,46.95,7.8,1.26,2024-03-23
29002,CACHOEIRA,817.02,31.59,45.36,8.99,1.0,2024-03-24
29002,CACHOEIRA,817.0,31.45,45.16,9.58,1.0,2024-03-25
29002,CACHOEIRA,816.95,31.11,44.67,7.18,1.0,2024-03-26
29002,CACHOEIRA,816.88,30.63,43.98,5.57,1.0,2024-03-27
29002,CACHOEIRA,816.73,29.61,42.52,6.16,1.0,2024-03-28
29002,CACHOEIRA,816.51,28.13,40.39,12.64,1.0,2024-03-29
29002,CACHOEIRA,816.5,28.06,40.29,12.27,1.0,2024-03-30
29002,CACHOEIRA,816.48,27.93,40.1,9.25,1.0,2024-03-31
29002,CACHOEIRA,816.43,27.6,39.62,6.91,1.0,2024-04-01
29002,CACHOEIRA,816.43,27.6,39.62,6.91,1.0,2024-04-01
29002,CACHOEIRA,816.11,25.49,36.59,5.39,1.0,2024-04-02
29002,CACHOEIRA,816.1,25.42,36.5,3.61,2.06,2024-04-03
29002,CACHOEIRA,816.16,25.81,37.06,2.08,2.5,2024-04-04
29002,CACHOEIRA,816.22,26.21,37.63,2.33,2.48,2024-04-05
29002,CACHOEIRA,816.28,26.6,38.2,5.67,5.0,2024-04-06
29002,CACHOEIRA,816.33,26.93,38.67,5.72,5.0,2024-04-07
29002,CACHOEIRA,816.37,27.2,39.05,4.55,5.0,2024-04-08
29002,CACHOEIRA,816.4,27.4,39.34,3.56,5.0,2024-04-09
29002,CACHOEIRA,816.49,28.0,40.2,6.2,5.0,2024-04-10
29002,CACHOEIRA,816.58,28.6,41.06,4.89,5.0,2024-04-11
29002,CACHOEIRA,816.68,29.27,42.03,3.62,2.7,2024-04-12
29002,CACHOEIRA,816.82,30.22,43.39,6.49,2.5,2024-04-13
29002,CACHOEIRA,816.94,31.04,44.57,5.7,2.5,2024-04-14
29002,CACHOEIRA,817.03,31.66,45.46,4.23,2.5,2024-04-15
29002,CACHOEIRA,817.2,32.84,47.15,3.23,2.5,2024-04-16
29002,CACHOEIRA,817.31,33.6,48.25,4.26,2.5,2024-04-17
29002,CACHOEIRA,817.39,34.17,49.05,3.92,2.5,2024-04-18
29002,CACHOEIRA,817.45,34.59,49.66,4.87,2.5,2024-04-19
29002,CACHOEIRA,817.48,34.8,49.96,6.54,4.95,2024-04-20
29002,CACHOEIRA,817.5,34.94,50.17,6.5,5.0,2024-04-21
29002,CACHOEIRA,817.51,35.01,50.27,2.32,5.0,2024-04-22
29002,CACHOEIRA,817.52,35.08,50.37,2.84,5.0,2024-04-23
29002,CACHOEIRA,817.52,35.08,50.37,2.53,5.0,2024-04-24
29002,CACHOEIRA,817.52,35.08,50.37,3.25,5.0,2024-04-25
29002,CACHOEIRA,817.51,35.01,50.27,2.53,5.0,2024-04-26
29002,CACHOEIRA,817.5,34.94,50.17,1.67,4.07,2024-04-27
29002,CACHOEIRA,817.5,34.94,50.17,0.5,2.5,2024-04-28
29002,CACHOEIRA,817.49,34.87,50.07,2.62,2.5,2024-04-29
29002,CACHOEIRA,817.4,34.24,49.15,2.15,2.5,2024-04-30
29002,CACHOEIRA,817.28,33.39,47.95,2.73,2.5,2024-05-01
29002,CACHOEIRA,817.28,33.39,47.95,2.73,2.5,2024-05-01
29002,CACHOEIRA,817.16,32.56,46.75,1.98,2.5,2024-05-02
29002,CACHOEIRA,817.16,32.56,46.75,1.46,2.5,2024-05-03
29002,CACHOEIRA,817.14,32.42,46.55,1.89,3.61,2024-05-04
29002,CACHOEIRA,817.13,32.35,46.45,1.05,4.5,2024-05-05
29002,CACHOEIRA,817.11,32.21,46.25,0.77,4.5,2024-05-06
29002,CACHOEIRA,817.12,32.28,46.35,1.96,4.5,2024-05-07
29002,CACHOEIRA,817.13,32.35,46.45,1.92,4.5,2024-05-08
29002,CACHOEIRA,817.13,32.35,46.45,2.15,4.5,2024-05-09
29002,CACHOEIRA,817.14,32.42,46.55,1.76,4.5,2024-05-10
29002,CACHOEIRA,817.13,32.35,46.45,4.17,4.5,2024-05-11
29002,CACHOEIRA,817.12,32.28,46.35,2.97,4.5,2024-05-12
29002,CACHOEIRA,817.1,32.14,46.15,1.63,4.5,2024-05-13
29002,CACHOEIRA,817.1,32.14,46.15,3.23,4.5,2024-05-14
29002,CACHOEIRA,817.1,32.14,46.15,0.9,4.5,2024-05-15
29002,CACHOEIRA,817.09,32.07,46.05,1.1,4.5,2024-05-16
29002,CACHOEIRA,817.16,32.56,46.75,0.38,4.88,2024-05-17
29002,CACHOEIRA,817.24,33.12,47.55,2.38,4.77,2024-05-18
29002,CACHOEIRA,817.31,33.6,48.25,3.53,4.5,2024-05-19
29002,CACHOEIRA,817.37,34.02,48.85,3.41,4.5,2024-05-20
29002,CACHOEIRA,817.42,34.38,49.36,1.37,4.5,2024-05-21
29002,CACHOEIRA,817.47,34.73,49.86,1.53,4.5,2024-05-22
29002,CACHOEIRA,817.5,34.94,50.17,0.16,4.5,2024-05-23
29002,CACHOEIRA,817.52,35.08,50.37,0.71,4.5,2024-05-24
29002,CACHOEIRA,817.55,35.3,50.68,1.23,4.5,2024-05-25
29002,CACHOEIRA,817.58,35.51,50.98,1.36,4.5,2024-05-26
29002,CACHOEIRA,817.73,36.58,52.52,7.46,4.5,2024-05-27
29002,CACHOEIRA,817.86,37.51,53.86,14.39,2.95,2024-05-28
29002,CACHOEIRA,817.9,37.8,54.28,4.85,1.5,2024-05-29
29002,CACHOEIRA,817.91,37.88,54.38,2.34,1.5,2024-05-30
29002,CACHOEIRA,817.68,36.22,52.0,2.6,1.5,2024-05-31
29002,CACHOEIRA,817.42,34.38,49.36,2.78,1.5,2024-06-01
29002,CACHOEIRA,817.42,34.38,49.36,2.78,1.5,2024-06-01
29002,CACHOEIRA,817.17,32.63,46.85,3.54,1.5,2024-06-02
29002,CACHOEIRA,816.88,30.63,43.98,2.94,4.1,2024-06-03
29002,CACHOEIRA,816.59,28.67,41.16,3.73,4.5,2024-06-04
29002,CACHOEIRA,816.3,26.74,38.39,1.03,4.5,2024-06-05
29002,CACHOEIRA,816.02,24.9,35.75,2.34,4.5,2024-06-06
29002,CACHOEIRA,816.06,25.16,36.12,1.0,4.5,2024-06-07
29002,CACHOEIRA,816.12,25.55,36.69,0.7,4.5,2024-06-08
29002,CACHOEIRA,816.17,25.88,37.16,0.55,4.5,2024-06-09
29002,CACHOEIRA,816.21,26.14,37.53,1.15,4.5,2024-06-10
29002,CACHOEIRA,816.25,26.41,37.91,1.33,4.5,2024-06-11
29002,CACHOEIRA,816.24,26.34,37.82,1.65,4.5,2024-06-12
29002,CACHOEIRA,816.28,26.6,38.2,1.12,4.5,2024-06-13
29002,CACHOEIRA,816.33,26.93,38.67,0.52,4.5,2024-06-14
29002,CACHOEIRA,816.39,27.33,39.24,0.19,4.5,2024-06-15
29002,CACHOEIRA,816.5,28.06,40.28,1.92,4.5,2024-06-16
29002,CACHOEIRA,816.46,27.8,39.91,1.1,4.5,2024-06-17
29002,CACHOEIRA,816.49,28.0,40.2,0.86,4.5,2024-06-18
29002,CACHOEIRA,816.51,28.13,40.39,0.85,4.5,2024-06-19
29002,CACHOEIRA,816.52,28.2,40.49,1.27,4.5,2024-06-20
29002,CACHOEIRA,816.52,28.2,40.49,0.61,4.5,2024-06-21
29002,CACHOEIRA,816.54,28.33,40.68,1.58,4.5,2024-06-22
29002,CACHOEIRA,816.55,28.4,40.77,0.32,4.5,2024-06-23
29002,CACHOEIRA,816.56,28.47,40.87,1.05,4.5,2024-06-24
29002,CACHOEIRA,816.56,28.47,40.87,0.88,4.5,2024-06-25
29002,CACHOEIRA,816.56,28.47,40.87,0.96,4.5,2024-06-26
29002,CACHOEIRA,816.55,28.4,40.77,1.79,4.5,2024-06-27
29002,CACHOEIRA,816.54,28.33,40.68,1.27,4.5,2024-06-28
29002,CACHOEIRA,816.52,28.2,40.49,1.08,4.5,2024-06-29
29002,CACHOEIRA,816.5,28.06,40.29,1.46,4.5,2024-06-30
29002,CACHOEIRA,816.48,27.93,40.1,1.32,4.5,2024-07-01
29002,CACHOEIRA,816.48,27.93,40.1,1.32,4.5,2024-07-01
29002,CACHOEIRA,816.45,27.73,39.81,0.91,4.5,2024-07-02
29002,CACHOEIRA,816.42,27.53,39.53,0.58,4.5,2024-07-03
29002,CACHOEIRA,816.39,27.33,39.24,0.44,4.5,2024-07-04
29002,CACHOEIRA,816.35,27.07,38.86,1.13,4.5,2024-07-05
29002,CACHOEIRA,816.32,26.86,38.57,0.88,4.5,2024-07-06
29002,CACHOEIRA,816.27,26.54,38.1,0.94,4.5,2024-07-07
29002,CACHOEIRA,816.22,26.21,37.63,0.63,4.5,2024-07-08
29002,CACHOEIRA,816.17,25.88,37.16,1.86,4.5,2024-07-09
29002,CACHOEIRA,816.24,26.34,37.82,4.03,4.5,2024-07-10
29002,CACHOEIRA,816.39,27.33,39.24,3.55,4.5,2024-07-11
29002,CACHOEIRA,816.53,28.27,40.58,0.52,4.5,2024-07-12
29002,CACHOEIRA,816.39,27.33,39.24,0.93,4.5,2024-07-13
29002,CACHOEIRA,816.23,26.27,37.72,2.57,4.5,2024-07-14
29002,CACHOEIRA,816.07,25.23,36.22,2.59,4.5,2024-07-15
29002,CACHOEIRA,815.9,24.12,34.63,1.75,4.5,2024-07-16
29002,CACHOEIRA,815.74,23.09,33.16,2.39,4.5,2024-07-17
29002,CACHOEIRA,815.57,22.01,31.6,2.05,4.5,2024-07-18
29002,CACHOEIRA,815.44,21.19,30.42,2.07,4.5,2024-07-19
29002,CACHOEIRA,815.44,21.19,30.42,1.07,4.5,2024-07-20
29002,CACHOEIRA,815.45,21.25,30.52,1.67,4.5,2024-07-21
29002,CACHOEIRA,815.45,21.25,30.52,1.55,4.5,2024-07-22
29002,CACHOEIRA,815.44,21.19,30.42,1.22,4.5,2024-07-23
29002,CACHOEIRA,815.5,21.57,30.97,2.57,4.5,2024-07-24
29002,CACHOEIRA,815.55,21.88,31.42,1.22,4.5,2024-07-25
29002,CACHOEIRA,815.59,22.14,31.79,0.95,4.5,2024-07-26
29002,CACHOEIRA,815.63,22.39,32.15,1.11,4.5,2024-07-27
29002,CACHOEIRA,815.66,22.58,32.42,0.91,4.5,2024-07-28
29002,CACHOEIRA,815.69,22.77,32.7,1.35,4.5,2024-07-29
29002,CACHOEIRA,815.7,22.84,32.79,0.2,4.5,2024-07-30
29002,CACHOEIRA,815.72,22.97,32.97,1.25,4.5,2024-07-31
29002,CACHOEIRA,815.66,22.58,32.42,1.4,4.5,2024-08-01
29002,CACHOEIRA,815.66,22.58,32.42,1.4,4.5,2024-08-01
29002,CACHOEIRA,815.63,22.39,32.15,1.91,4.5,2024-08-02
29002,CACHOEIRA,815.59,22.14,31.79,0.77,4.5,2024-08-03
29002,CACHOEIRA,815.55,21.88,31.42,0.93,4.5,2024-08-04
29002,CACHOEIRA,815.52,21.7,31.15,1.42,4.5,2024-08-05
29002,CACHOEIRA,815.47,21.38,30.7,0.73,4.54,2024-08-06
29002,CACHOEIRA,815.41,21.0,30.15,0.57,5.0,2024-08-07
29002,CACHOEIRA,815.34,20.56,29.52,0.55,5.0,2024-08-08
29002,CACHOEIRA,815.27,20.13,28.9,0.74,5.0,2024-08-09
29002,CACHOEIRA,815.25,20.0,28.72,3.43,5.0,2024-08-10
29002,CACHOEIRA,815.38,20.81,29.88,3.26,4.03,2024-08-11
29002,CACHOEIRA,815.49,21.51,30.88,1.03,4.0,2024-08-12
29002,CACHOEIRA,815.58,22.07,31.69,1.49,4.0,2024-08-13
29002,CACHOEIRA,815.65,22.52,32.33,1.43,4.0,2024-08-14
29002,CACHOEIRA,815.71,22.9,32.88,0.96,4.0,2024-08-15
29002,CACHOEIRA,815.7,22.84,32.79,1.32,4.0,2024-08-16
29002,CACHOEIRA,815.68,22.71,32.61,0.8,4.0,2024-08-17
29002,CACHOEIRA,815.63,22.42,32.19,1.07,4.93,2024-08-18
29002,CACHOEIRA,815.54,21.82,31.33,0.63,5.0,2024-08-19
29002,CACHOEIRA,815.42,21.06,30.24,1.37,5.0,2024-08-20
29002,CACHOEIRA,815.28,20.19,28.99,0.82,5.0,2024-08-21
29002,CACHOEIRA,815.14,19.32,27.74,0.44,5.0,2024-08-22
29002,CACHOEIRA,814.99,18.39,26.41,0.9,5.0,2024-08-23
29002,CACHOEIRA,815.0,18.45,26.49,1.29,5.0,2024-08-24
29002,CACHOEIRA,814.98,18.33,26.32,1.31,5.0,2024-08-25
29002,CACHOEIRA,814.99,18.39,26.41,3.67,5.0,2024-08-26
29002,CACHOEIRA,815.0,18.46,26.5,0.58,5.0,2024-08-27
29002,CACHOEIRA,815.0,18.46,26.5,1.12,5.0,2024-08-28
29002,CACHOEIRA,814.99,18.39,26.41,1.21,5.0,2024-08-29
29002,CACHOEIRA,814.92,17.99,25.83,0.08,5.0,2024-08-30
29002,CACHOEIRA,814.93,18.03,25.88,0.2,5.0,2024-08-31
29002,CACHOEIRA,814.94,18.09,25.97,0.32,5.0,2024-09-01
29002,CACHOEIRA,814.94,18.09,25.97,0.32,5.0,2024-09-01
29002,CACHOEIRA,814.92,17.97,25.79,0.59,5.0,2024-09-02
29002,CACHOEIRA,814.9,17.84,25.62,0.47,5.0,2024-09-03
29002,CACHOEIRA,814.94,18.09,25.97,1.03,5.0,2024-09-04
29002,CACHOEIRA,814.98,18.33,26.32,0.55,5.0,2024-09-05
29002,CACHOEIRA,815.01,18.52,26.59,0.71,5.0,2024-09-06
29002,CACHOEIRA,815.03,18.64,26.76,0.1,5.04,2024-09-07
29002,CACHOEIRA,815.03,18.64,26.76,0.05,5.5,2024-09-08
29002,CACHOEIRA,815.03,18.64,26.76,1.05,5.5,2024-09-09
29002,CACHOEIRA,815.01,18.52,26.59,1.01,5.5,2024-09-10
29002,CACHOEIRA,814.99,18.39,26.41,0.68,5.5,2024-09-11
29002,CACHOEIRA,814.96,18.21,26.15,0.63,5.5,2024-09-12
29002,CACHOEIRA,814.94,18.09,25.97,0.41,5.5,2024-09-13
29002,CACHOEIRA,815.0,18.46,26.5,0.16,5.5,2024-09-14
29002,CACHOEIRA,815.06,18.82,27.03,1.31,5.5,2024-09-15
29002,CACHOEIRA,815.11,19.13,27.47,1.0,5.5,2024-09-16
29002,CACHOEIRA,815.15,19.38,27.83,0.66,5.5,2024-09-17
29002,CACHOEIRA,815.24,19.94,28.63,0.73,5.5,2024-09-18
29002,CACHOEIRA,815.32,20.44,29.34,0.37,5.5,2024-09-19
29002,CACHOEIRA,815.38,20.81,29.88,0.18,5.5,2024-09-20
29002,CACHOEIRA,815.43,21.13,30.33,0.67,5.5,2024-09-21
29002,CACHOEIRA,815.48,21.44,30.79,0.84,5.5,2024-09-22
29002,CACHOEIRA,815.51,21.63,31.06,0.16,5.5,2024-09-23
29002,CACHOEIRA,815.53,21.76,31.24,0.78,5.5,2024-09-24
29002,CACHOEIRA,815.48,21.44,30.79,0.71,5.5,2024-09-25
29002,CACHOEIRA,815.42,21.06,30.24,0.38,5.5,2024-09-26
29002,CACHOEIRA,815.36,20.69,29.7,0.45,5.5,2024-09-27
29002,CACHOEIRA,815.29,20.25,29.08,0.25,5.5,2024-09-28
29002,CACHOEIRA,815.21,19.75,28.36,0.77,5.5,2024-09-29
29002,CACHOEIRA,815.12,19.2,27.56,0.43,5.5,2024-09-30
29002,CACHOEIRA,815.15,19.38,27.83,0.58,5.5,2024-10-01
29002,CACHOEIRA,815.15,19.38,27.83,0.58,5.5,2024-10-01
29002,CACHOEIRA,815.17,19.5,28.0,0.45,5.5,2024-10-02
29002,CACHOEIRA,815.19,19.63,28.18,0.29,5.5,2024-10-03
29002,CACHOEIRA,815.22,19.81,28.45,0.63,5.5,2024-10-04
29002,CACHOEIRA,815.3,20.31,29.16,1.43,5.5,2024-10-05
29002,CACHOEIRA,815.35,20.63,29.61,0.77,5.5,2024-10-06
29002,CACHOEIRA,815.4,20.94,30.06,0.52,5.5,2024-10-07
29002,CACHOEIRA,815.43,21.13,30.33,0.51,5.5,2024-10-08
29002,CACHOEIRA,815.31,20.38,29.25,0.8,5.5,2024-10-09
29002,CACHOEIRA,815.37,20.75,29.79,0.37,5.5,2024-10-10
29002,CACHOEIRA,815.58,22.07,31.69,0.82,5.5,2024-10-11
29002,CACHOEIRA,815.66,22.58,32.42,0.34,4.57,2024-10-12
29002,CACHOEIRA,815.73,23.03,33.07,1.09,4.02,2024-10-13
29002,CACHOEIRA,815.78,23.35,33.53,0.37,4.0,2024-10-14
29002,CACHOEIRA,815.83,23.67,33.99,0.17,4.0,2024-10-15
29002,CACHOEIRA,815.88,24.02,34.49,0.59,4.0,2024-10-16
29002,CACHOEIRA,815.93,24.32,34.91,0.22,4.0,2024-10-17
29002,CACHOEIRA,815.96,24.51,35.19,0.14,4.0,2024-10-18
29002,CACHOEIRA,816.08,25.29,36.31,0.95,4.0,2024-10-19
29002,CACHOEIRA,816.21,26.14,37.53,1.28,4.0,2024-10-20
29002,CACHOEIRA,816.33,26.93,38.67,0.95,4.08,2024-10-21
29002,CACHOEIRA,816.43,27.59,39.61,0.81,5.0,2024-10-22
29002,CACHOEIRA,816.24,26.36,37.85,0.35,5.0,2024-10-23
29002,CACHOEIRA,816.24,26.34,37.82,3.47,5.0,2024-10-24
29002,CACHOEIRA,816.52,28.2,40.49,9.08,3.06,2024-10-25
29002,CACHOEIRA,816.64,29.0,41.64,6.97,1.02,2024-10-26
29002,CACHOEIRA,816.67,29.21,41.93,2.86,0.5,2024-10-27
29002,CACHOEIRA,816.69,29.34,42.13,2.08,0.5,2024-10-28
29002,CACHOEIRA,816.45,27.73,39.81,1.0,0.78,2024-10-29
29002,CACHOEIRA,816.13,25.62,36.78,1.88,4.0,2024-10-30
29002,CACHOEIRA,815.76,23.22,33.34,1.05,4.08,2024-10-31
29002,CACHOEIRA,815.36,20.69,29.7,1.08,5.0,2024-11-01
29002,CACHOEIRA,815.36,20.69,29.7,1.08,5.0,2024-11-01
29002,CACHOEIRA,815.29,20.25,29.08,2.24,5.0,2024-11-02
29002,CACHOEIRA,815.25,20.0,28.72,0.73,5.0,2024-11-03
29002,CACHOEIRA,815.23,19.88,28.54,1.11,5.0,2024-11-04
29002,CACHOEIRA,815.13,19.26,27.65,2.0,4.1,2024-11-05
29002,CACHOEIRA,815.16,19.44,27.91,4.83,4.0,2024-11-06
29002,CACHOEIRA,815.23,19.88,28.54,3.33,3.13,2024-11-07
29002,CACHOEIRA,815.6,22.2,31.88,4.38,1.75,2024-11-08
29002,CACHOEIRA,816.05,25.1,36.03,6.16,1.0,2024-11-09
29002,CACHOEIRA,816.45,27.73,39.81,2.5,1.0,2024-11-10
29002,CACHOEIRA,816.79,30.02,43.1,1.7,1.0,2024-11-11
29002,CACHOEIRA,816.95,31.11,44.67,1.09,1.0,2024-11-12
29002,CACHOEIRA,816.86,30.5,43.78,1.09,1.0,2024-11-13
29002,CACHOEIRA,816.62,28.87,41.45,1.19,4.5,2024-11-14
29002,CACHOEIRA,816.39,27.33,39.24,1.99,4.5,2024-11-15
29002,CACHOEIRA,816.15,25.75,36.97,1.24,4.5,2024-11-16
29002,CACHOEIRA,815.98,24.64,35.38,10.22,2.92,2024-11-17
29002,CACHOEIRA,815.75,23.16,33.25,6.23,2.0,2024-11-18
29002,CACHOEIRA,815.49,21.51,30.88,3.86,2.0,2024-11-19
29002,CACHOEIRA,815.56,21.95,31.51,0.62,2.0,2024-11-20
29002,CACHOEIRA,815.68,22.71,32.61,1.01,2.0,2024-11-21
29002,CACHOEIRA,815.78,23.35,33.53,0.74,2.21,2024-11-22
29002,CACHOEIRA,815.81,23.54,33.8,0.45,4.17,2024-11-23
29002,CACHOEIRA,815.84,23.74,34.08,0.58,4.5,2024-11-24
29002,CACHOEIRA,815.87,23.93,34.36,1.13,4.5,2024-11-25
29002,CACHOEIRA,815.89,24.06,34.54,0.76,4.5,2024-11-26
29002,CACHOEIRA,815.92,24.25,34.82,1.15,5.54,2024-11-27
29002,CACHOEIRA,815.93,24.32,34.91,1.14,5.0,2024-11-28
29002,CACHOEIRA,816.03,24.97,35.84,3.24,4.06,2024-11-29
29002,CACHOEIRA,816.14,25.68,36.88,2.71,3.5,2024-11-30
29002,CACHOEIRA,816.22,26.21,37.63,2.84,3.5,2024-12-01
29002,CACHOEIRA,816.22,26.21,37.63,2.84,3.5,2024-12-01
29002,CACHOEIRA,816.28,26.6,38.2,1.47,3.5,2024-12-02
29002,CACHOEIRA,816.36,27.13,38.96,2.93,3.32,2024-12-03
29002,CACHOEIRA,816.53,28.27,40.58,6.03,1.87,2024-12-04
29002,CACHOEIRA,816.8,30.09,43.2,4.83,1.17,2024-12-05
29002,CACHOEIRA,816.9,30.77,44.18,4.32,1.0,2024-12-06
29002,CACHOEIRA,816.9,30.77,44.18,2.01,1.0,2024-12-07
29002,CACHOEIRA,816.89,30.7,44.08,2.22,1.0,2024-12-08
29002,CACHOEIRA,816.61,28.8,41.35,1.58,1.0,2024-12-09
29002,CACHOEIRA,816.34,27.0,38.77,2.62,1.0,2024-12-10
29002,CACHOEIRA,816.07,25.23,36.22,2.32,1.29,2024-12-11
29002,CACHOEIRA,815.75,23.16,33.25,2.18,4.5,2024-12-12
29002,CACHOEIRA,815.44,21.19,30.42,0.56,2.64,2024-12-13
29002,CACHOEIRA,815.17,19.5,28.0,2.84,1.75,2024-12-14
29002,CACHOEIRA,814.92,17.97,25.79,4.11,1.75,2024-12-15
29002,CACHOEIRA,814.66,16.39,23.53,3.32,1.84,2024-12-16
29002,CACHOEIRA,814.84,17.51,25.14,1.65,4.0,2024-12-17
29002,CACHOEIRA,815.0,18.46,26.5,1.77,4.0,2024-12-18
29002,CACHOEIRA,815.13,19.26,27.65,1.16,4.08,2024-12-19
29002,CACHOEIRA,815.23,19.88,28.54,1.17,5.0,2024-12-20
29002,CACHOEIRA,815.35,20.63,29.61,7.63,5.0,2024-12-21
29002,CACHOEIRA,815.74,23.09,33.16,13.06,1.36,2024-12-22
29002,CACHOEIRA,816.26,26.47,38.01,9.72,0.25,2024-12-23
29002,CACHOEIRA,816.72,29.54,42.42,4.97,0.25,2024-12-24
29002,CACHOEIRA,817.02,31.59,45.36,4.88,0.25,2024-12-25
29002,CACHOEIRA,817.22,32.98,47.35,7.47,0.25,2024-12-26
29002,CACHOEIRA,817.42,34.38,49.36,17.34,0.25,2024-12-27
29002,CACHOEIRA,817.78,36.94,53.03,30.96,0.25,2024-12-28
29002,CACHOEIRA,817.91,37.88,54.38,12.44,0.25,2024-12-29
29002,CACHOEIRA,818.02,38.67,55.53,10.83,0.25,2024-12-30
29002,CACHOEIRA,818.1,39.26,56.37,8.35,0.25,2024-12-31
29002,CACHOEIRA,818.14,39.55,56.79,4.99,0.25,2025-01-01
29002,CACHOEIRA,818.14,39.55,56.79,4.99,0.25,2025-01-01
29002,CACHOEIRA,818.17,39.77,57.1,4.15,0.25,2025-01-02
29002,CACHOEIRA,818.15,39.62,56.89,3.82,0.25,2025-01-03
29002,CACHOEIRA,818.02,38.67,55.53,2.87,0.25,2025-01-04
29002,CACHOEIRA,817.86,37.51,53.86,2.7,0.25,2025-01-05
29002,CACHOEIRA,817.69,36.29,52.11,1.85,0.25,2025-01-06
29002,CACHOEIRA,817.51,35.01,50.27,1.02,0.25,2025-01-07
29002,CACHOEIRA,817.35,33.88,48.65,2.63,0.25,2025-01-08
29002,CACHOEIRA,817.17,32.63,46.85,1.58,0.25,2025-01-09
29002,CACHOEIRA,817.07,31.94,45.85,4.68,0.25,2025-01-10
29002,CACHOEIRA,816.87,30.56,43.88,0.23,0.25,2025-01-11
29002,CACHOEIRA,816.63,28.93,41.54,0.16,3.4,2025-01-12
29002,CACHOEIRA,816.45,27.73,39.81,5.07,3.5,2025-01-13
29002,CACHOEIRA,816.21,26.14,37.53,0.57,3.5,2025-01-14
29002,CACHOEIRA,815.97,24.58,35.28,0.67,3.5,2025-01-15
29002,CACHOEIRA,815.73,23.03,33.07,1.0,3.5,2025-01-16
29002,CACHOEIRA,815.58,22.07,31.69,6.21,2.68,2025-01-17
29002,CACHOEIRA,815.42,21.06,30.24,3.01,1.0,2025-01-18
29002,CACHOEIRA,815.28,20.19,28.99,5.08,1.0,2025-01-19
29002,CACHOEIRA,815.13,19.26,27.65,4.29,1.0,2025-01-20
29002,CACHOEIRA,814.95,18.15,26.06,2.08,1.0,2025-01-21
29002,CACHOEIRA,815.07,18.89,27.12,1.91,1.0,2025-01-22
29002,CACHOEIRA,815.32,20.41,29.3,1.35,1.21,2025-01-23
29002,CACHOEIRA,815.45,21.25,30.52,1.24,1.83,2025-01-24
29002,CACHOEIRA,815.64,22.46,32.24,3.32,1.0,2025-01-25
29002,CACHOEIRA,815.77,23.29,33.43,0.28,1.0,2025-01-26
29002,CACHOEIRA,815.99,24.71,35.47,7.05,0.67,2025-01-27
29002,CACHOEIRA,816.2,26.08,37.44,3.32,0.25,2025-01-28
29002,CACHOEIRA,816.46,27.8,39.91,1.5,0.25,2025-01-29
29002,CACHOEIRA,816.91,30.84,44.27,7.06,0.25,2025-01-30
29002,CACHOEIRA,817.01,31.52,45.26,10.92,0.25,2025-01-31
29002,CACHOEIRA,817.07,31.94,45.85,7.69,0.15,2025-02-01
29002,CACHOEIRA,817.07,31.94,45.85,7.69,0.15,2025-02-01
29002,CACHOEIRA,817.16,32.56,46.75,9.76,0.15,2025-02-02
29002,CACHOEIRA,817.38,34.1,48.95,14.33,0.13,2025-02-03
29002,CACHOEIRA,817.62,35.79,51.39,14.24,0.13,2025-02-04
29002,CACHOEIRA,817.82,37.23,53.45,13.2,0.13,2025-02-05
29002,CACHOEIRA,817.94,38.09,54.69,5.68,0.13,2025-02-06
29002,CACHOEIRA,818.04,38.82,55.74,6.08,0.13,2025-02-07
29002,CACHOEIRA,818.15,39.62,56.89,5.99,0.13,2025-02-08
29002,CACHOEIRA,818.25,40.36,57.95,5.2,0.13,2025-02-09
29002,CACHOEIRA,818.34,41.03,58.9,3.4,0.13,2025-02-10
29002,CACHOEIRA,818.42,41.62,59.76,3.58,0.13,2025-02-11
29002,CACHOEIRA,818.5,42.22,60.61,3.47,1.97,2025-02-12
29002,CACHOEIRA,818.41,41.55,59.65,2.39,2.0,2025-02-13
29002,CACHOEIRA,818.28,40.58,58.26,3.6,2.0,2025-02-14
29002,CACHOEIRA,818.18,39.84,57.21,6.08,2.0,2025-02-15
29002,CACHOEIRA,818.2,39.99,57.42,9.61,1.39,2025-02-16
29002,CACHOEIRA,818.16,39.7,57.0,6.41,0.25,2025-02-17
29002,CACHOEIRA,818.19,39.92,57.31,4.08,0.25,2025-02-18
29002,CACHOEIRA,818.41,41.55,59.65,14.36,0.25,2025-02-19
29002,CACHOEIRA,818.7,43.72,62.77,15.88,0.25,2025-02-20
29002,CACHOEIRA,818.94,45.55,65.39,7.58,0.25,2025-02-21
29002,CACHOEIRA,818.89,45.16,64.84,6.33,0.25,2025-02-22
29002,CACHOEIRA,818.82,44.63,64.08,5.37,0.25,2025-02-23
29002,CACHOEIRA,818.74,44.02,63.21,4.49,0.25,2025-02-24
29002,CACHOEIRA,818.66,43.42,62.34,4.48,0.25,2025-02-25
29002,CACHOEIRA,818.44,41.77,59.97,4.31,0.32,2025-02-26
29002,CACHOEIRA,818.21,40.07,57.52,5.37,1.5,2025-02-27
29002,CACHOEIRA,817.96,38.24,54.9,3.62,1.5,2025-02-28
29002,CACHOEIRA,817.73,36.58,52.52,6.24,3.0,2025-03-01
29002,CACHOEIRA,817.73,36.58,52.52,6.24,3.0,2025-03-01
29002,CACHOEIRA,817.54,35.22,50.57,9.45,3.0,2025-03-02
29002,CACHOEIRA,817.33,33.74,48.45,5.87,3.0,2025-03-03
29002,CACHOEIRA,817.07,31.94,45.85,3.22,3.0,2025-03-04
29002,CACHOEIRA,816.73,29.62,42.52,0.68,3.0,2025-03-05
29002,CACHOEIRA,816.48,27.93,40.1,4.82,3.0,2025-03-06
29002,CACHOEIRA,816.2,26.08,37.44,2.44,3.0,2025-03-07
29002,CACHOEIRA,815.94,24.38,35.01,2.44,3.0,2025-03-08
29002,CACHOEIRA,815.68,22.71,32.61,2.9,3.0,2025-03-09
29002,CACHOEIRA,815.43,21.13,30.33,2.51,3.0,2025-03-10
29002,CACHOEIRA,815.41,21.0,30.15,1.17,3.04,2025-03-11
29002,CACHOEIRA,815.41,21.0,30.15,3.1,3.5,2025-03-12
29002,CACHOEIRA,815.39,20.88,29.97,3.63,3.5,2025-03-13
29002,CACHOEIRA,815.39,20.88,29.97,1.41,2.81,2025-03-14
29002,CACHOEIRA,815.39,20.88,29.97,1.64,2.09,2025-03-15
29002,CACHOEIRA,815.37,20.75,29.79,1.18,2.0,2025-03-16
29002,CACHOEIRA,815.35,20.63,29.61,1.15,2.0,2025-03-17
29002,CACHOEIRA,815.32,20.44,29.34,1.71,3.31,2025-03-18
29002,CACHOEIRA,815.52,21.7,31.15,12.93,4.0,2025-03-19
29002,CACHOEIRA,815.72,22.97,32.97,11.39,4.0,2025-03-20
29002,CACHOEIRA,815.92,24.25,34.82,8.3,4.0,2025-03-21
29002,CACHOEIRA,816.08,25.29,36.31,7.97,4.0,2025-03-22
29002,CACHOEIRA,816.22,26.21,37.63,6.85,4.0,2025-03-23
29002,CACHOEIRA,816.38,27.27,39.15,7.57,2.88,2025-03-24
29002,CACHOEIRA,816.52,28.2,40.49,5.45,2.0,2025-03-25
29002,CACHOEIRA,816.65,29.07,41.74,4.08,1.18,2025-03-26
29002,CACHOEIRA,816.79,30.02,43.1,4.91,1.0,2025-03-27
29002,CACHOEIRA,816.92,30.91,44.37,4.52,1.14,2025-03-28
29002,CACHOEIRA,816.95,31.11,44.67,3.35,3.5,2025-03-29
29002,CACHOEIRA,817.02,31.59,45.36,2.68,3.5,2025-03-30
29002,CACHOEIRA,817.09,32.07,46.05,0.93,3.5,2025-03-31
29002,CACHOEIRA,817.18,32.7,46.95,3.12,1.72,2025-04-01
29002,CACHOEIRA,817.18,32.7,46.95,3.12,1.72,2025-04-01
29002,CACHOEIRA,817.15,32.49,46.65,1.83,0.5,2025-04-02
29002,CACHOEIRA,817.11,32.21,46.25,2.37,0.5,2025-04-03
29002,CACHOEIRA,817.12,32.28,46.35,5.43,0.27,2025-04-04
29002,CACHOEIRA,817.2,32.84,47.15,6.8,0.27,2025-04-05
29002,CACHOEIRA,817.34,33.81,48.55,11.59,0.25,2025-04-06
29002,CACHOEIRA,817.47,34.73,49.86,10.86,0.25,2025-04-07
29002,CACHOEIRA,817.38,34.1,48.95,4.92,0.25,2025-04-08
29002,CACHOEIRA,817.18,32.7,46.95,2.46,0.48,2025-04-09
29002,CACHOEIRA,817.09,32.07,46.05,4.99,3.0,2025-04-10
29002,CACHOEIRA,817.03,31.66,45.46,4.33,3.0,2025-04-11
29002,CACHOEIRA,816.96,31.18,44.77,2.81,3.0,2025-04-12
29002,CACHOEIRA,816.88,30.63,43.98,1.94,3.0,2025-04-13
29002,CACHOEIRA,816.8,30.09,43.2,1.86,3.0,2025-04-14
29002,CACHOEIRA,816.72,29.54,42.42,1.04,2.27,2025-04-15
29002,CACHOEIRA,816.65,29.07,41.74,0.64,0.34,2025-04-16
29002,CACHOEIRA,816.45,27.73,39.81,2.9,1.96,2025-04-17
29002,CACHOEIRA,816.38,27.27,39.15,0.3,3.0,2025-04-18
29002,CACHOEIRA,816.34,27.0,38.77,0.74,3.0,2025-04-19
29002,CACHOEIRA,816.3,26.74,38.39,0.97,3.0,2025-04-20
29002,CACHOEIRA,816.25,26.41,37.91,0.17,1.34,2025-04-21
29002,CACHOEIRA,816.2,26.08,37.44,0.14,1.0,2025-04-22
29002,CACHOEIRA,816.25,26.41,37.91,0.69,1.0,2025-04-23
29002,CACHOEIRA,816.3,26.74,38.39,0.59,1.08,2025-04-24
29002,CACHOEIRA,816.51,28.13,40.39,5.59,2.0,2025-04-25
29002,CACHOEIRA,816.8,30.09,43.2,6.13,0.39,2025-04-26
29002,CACHOEIRA,817.04,31.73,45.56,2.63,0.25,2025-04-27
29002,CACHOEIRA,817.25,33.19,47.65,1.69,0.25,2025-04-28
29002,CACHOEIRA,817.44,34.52,49.56,0.74,0.25,2025-04-29
29002,CACHOEIRA,817.62,35.79,51.39,1.34,0.25,2025-04-30
29002,CACHOEIRA,817.63,35.86,51.49,1.98,3.23,2025-05-01
29002,CACHOEIRA,817.63,35.86,51.49,1.98,3.23,2025-05-01
29002,CACHOEIRA,817.59,35.58,51.08,1.32,4.0,2025-05-02
29002,CACHOEIRA,817.55,35.3,50.68,1.38,4.0,2025-05-03
29002,CACHOEIRA,817.5,34.94,50.17,1.39,4.0,2025-05-04
29002,CACHOEIRA,817.45,34.59,49.66,0.39,4.0,2025-05-05
29002,CACHOEIRA,817.39,34.17,49.05,1.18,3.59,2025-05-06
29002,CACHOEIRA,817.34,33.81,48.55,0.6,3.5,2025-05-07
29002,CACHOEIRA,817.27,33.32,47.85,1.33,3.5,2025-05-08
29002,CACHOEIRA,817.21,32.91,47.25,1.14,3.5,2025-05-09
29002,CACHOEIRA,817.16,32.56,46.75,0.27,3.5,2025-05-10
29002,CACHOEIRA,817.16,32.56,46.75,3.63,3.5,2025-05-11
29002,CACHOEIRA,817.14,32.42,46.55,0.92,2.46,2025-05-12
29002,CACHOEIRA,817.1,32.14,46.15,1.98,2.0,2025-05-13
29002,CACHOEIRA,817.07,31.94,45.85,1.28,2.0,2025-05-14
29002,CACHOEIRA,817.02,31.59,45.36,0.49,2.07,2025-05-15
29002,CACHOEIRA,816.98,31.32,44.96,1.87,3.5,2025-05-16
29002,CACHOEIRA,816.92,30.91,44.37,0.85,3.5,2025-05-17
29002,CACHOEIRA,816.85,30.43,43.69,0.58,3.5,2025-05-18
29002,CACHOEIRA,816.78,29.95,43.0,0.51,3.5,2025-05-19
29002,CACHOEIRA,816.71,29.48,42.32,0.63,3.5,2025-05-20
29002,CACHOEIRA,816.62,28.87,41.45,0.19,3.62,2025-05-21
29002,CACHOEIRA,816.45,27.73,39.81,0.13,5.0,2025-05-22
29002,CACHOEIRA,816.3,26.74,38.39,1.13,5.0,2025-05-23
29002,CACHOEIRA,816.15,25.75,36.97,0.58,5.0,2025-05-24
29002,CACHOEIRA,816.0,24.77,35.56,0.18,5.0,2025-05-25
29002,CACHOEIRA,815.86,23.86,34.26,0.37,5.0,2025-05-26
29002,CACHOEIRA,815.71,22.9,32.88,0.61,5.0,2025-05-27
29002,CACHOEIRA,815.77,23.29,33.43,1.73,4.17,2025-05-28
29002,CACHOEIRA,815.91,24.19,34.73,4.79,4.0,2025-05-29
29002,CACHOEIRA,816.05,25.1,36.03,2.18,4.0,2025-05-30
29002,CACHOEIRA,816.14,25.68,36.88,2.07,4.0,2025-05-31
29002,CACHOEIRA,816.17,25.88,37.16,1.7,4.0,2025-06-01
29002,CACHOEIRA,816.17,25.88,37.16,1.7,4.0,2025-06-01
29002,CACHOEIRA,816.2,26.08,37.44,1.37,4.0,2025-06-02
29002,CACHOEIRA,816.26,26.47,38.01,1.42,4.0,2025-06-03
29002,CACHOEIRA,816.27,26.54,38.1,2.52,4.0,2025-06-04
29002,CACHOEIRA,816.29,26.67,38.29,2.13,4.0,2025-06-05
29002,CACHOEIRA,816.31,26.8,38.48,4.85,4.0,2025-06-06
29002,CACHOEIRA,816.34,27.0,38.77,4.17,3.52,2025-06-07
29002,CACHOEIRA,816.37,27.2,39.05,4.18,3.5,2025-06-08
29002,CACHOEIRA,816.37,27.2,39.05,3.1,3.5,2025-06-09
29002,CACHOEIRA,816.37,27.2,39.05,1.93,3.07,2025-06-10
29002,CACHOEIRA,816.4,27.4,39.34,1.26,3.0,2025-06-11
29002,CACHOEIRA,816.44,27.66,39.72,0.68,3.0,2025-06-12
29002,CACHOEIRA,816.48,27.93,40.1,0.29,3.0,2025-06-13
29002,CACHOEIRA,816.51,28.13,40.39,0.17,3.0,2025-06-14
29002,CACHOEIRA,816.54,28.33,40.68,0.21,3.0,2025-06-15
29002,CACHOEIRA,816.55,28.4,40.77,0.47,3.0,2025-06-16
29002,CACHOEIRA,816.56,28.47,40.87,1.31,3.04,2025-06-17
29002,CACHOEIRA,816.54,28.33,40.68,1.17,5.0,2025-06-18
29002,CACHOEIRA,816.51,28.13,40.39,0.36,5.0,2025-06-19
29002,CACHOEIRA,816.48,27.93,40.1,0.28,5.0,2025-06-20
29002,CACHOEIRA,816.45,27.72,39.81,0.79,5.0,2025-06-21
29002,CACHOEIRA,816.41,27.46,39.43,0.33,5.0,2025-06-22
29002,CACHOEIRA,816.37,27.2,39.05,0.18,5.0,2025-06-23
29002,CACHOEIRA,816.4,27.4,39.34,1.2,5.0,2025-06-24
29002,CACHOEIRA,816.41,27.46,39.43,1.45,5.0,2025-06-25
29002,CACHOEIRA,816.41,27.46,39.43,1.16,4.56,2025-06-26
29002,CACHOEIRA,816.41,27.46,39.43,0.91,4.5,2025-06-27
29002,CACHOEIRA,816.4,27.4,39.34,0.33,4.5,2025-06-28
29002,CACHOEIRA,816.4,27.4,39.34,1.08,4.5,2025-06-29
29002,CACHOEIRA,816.37,27.19,39.04,1.35,4.5,2025-06-30
29002,CACHOEIRA,816.33,26.93,38.67,0.69,4.5,2025-07-01
29002,CACHOEIRA,816.33,26.93,38.67,0.69,4.5,2025-07-01
29002,CACHOEIRA,816.33,26.93,38.67,0.29,4.54,2025-07-02
29002,CACHOEIRA,816.32,26.87,38.58,0.27,5.0,2025-07-03
29002,CACHOEIRA,816.31,26.8,38.47,0.27,5.0,2025-07-04
29002,CACHOEIRA,816.32,26.87,38.58,1.06,5.0,2025-07-05
29002,CACHOEIRA,816.33,26.93,38.67,1.11,5.0,2025-07-06
29002,CACHOEIRA,816.33,26.93,38.67,1.04,5.0,2025-07-07
29002,CACHOEIRA,816.32,26.87,38.58,0.97,5.0,2025-07-08
29002,CACHOEIRA,816.33,26.93,38.67,1.97,5.0,2025-07-09
29002,CACHOEIRA,816.33,26.93,38.67,0.5,5.0,2025-07-10
29002,CACHOEIRA,816.33,26.93,38.67,0.95,5.0,2025-07-11
29002,CACHOEIRA,816.32,26.87,38.58,0.29,5.0,2025-07-12
29002,CACHOEIRA,816.3,26.74,38.39,0.97,5.0,2025-07-13
29002,CACHOEIRA,816.28,26.6,38.2,0.66,5.0,2025-07-14
29002,CACHOEIRA,816.26,26.47,38.01,0.77,5.0,2025-07-15
29002,CACHOEIRA,816.24,26.34,37.82,0.28,5.0,2025-07-16
29002,CACHOEIRA,816.27,26.54,38.1,0.9,5.0,2025-07-17
29002,CACHOEIRA,816.3,26.74,38.39,1.15,5.0,2025-07-18
29002,CACHOEIRA,816.35,27.07,38.86,2.75,5.0,2025-07-19
29002,CACHOEIRA,816.4,27.4,39.34,3.04,5.0,2025-07-20
29002,CACHOEIRA,816.46,27.8,39.91,3.89,5.0,2025-07-21
29002,CACHOEIRA,816.49,28.0,40.2,1.64,5.0,2025-07-22
29002,CACHOEIRA,816.51,28.13,40.39,0.12,5.0,2025-07-23
29002,CACHOEIRA,816.52,28.2,40.49,0.97,5.0,2025-07-24
29002,CACHOEIRA,816.51,28.13,40.39,1.36,5.0,2025-07-25
29002,CACHOEIRA,816.56,28.47,40.87,2.46,5.0,2025-07-26
29002,CACHOEIRA,816.59,28.67,41.16,1.28,5.0,2025-07-27
29002,CACHOEIRA,816.6,28.73,41.26,0.47,5.0,2025-07-28
29002,CACHOEIRA,816.6,28.73,41.26,1.2,5.0,2025-07-29
29002,CACHOEIRA,816.58,28.6,41.06,0.72,5.0,2025-07-30
29002,CACHOEIRA,816.54,28.33,40.68,0.47,4.55,2025-07-31
29002,CACHOEIRA,816.56,28.47,40.87,0.92,4.5,2025-08-01
29002,CACHOEIRA,816.56,28.47,40.87,0.92,4.5,2025-08-01
29002,CACHOEIRA,816.58,28.6,41.06,1.75,4.5,2025-08-02
29002,CACHOEIRA,816.58,28.6,41.06,0.23,4.5,2025-08-03
29002,CACHOEIRA,816.58,28.6,41.06,0.33,4.5,2025-08-04
29002,CACHOEIRA,816.57,28.53,40.97,0.14,4.5,2025-08-05
29002,CACHOEIRA,816.55,28.4,40.77,0.29,4.54,2025-08-06
29002,CACHOEIRA,816.59,28.66,41.15,0.74,5.0,2025-08-07
29002,CACHOEIRA,816.61,28.82,41.38,0.14,5.0,2025-08-08
29002,CACHOEIRA,816.62,28.87,41.45,0.13,5.04,2025-08-09
29002,CACHOEIRA,816.62,28.87,41.45,0.14,5.5,2025-08-10
29002,CACHOEIRA,816.62,28.87,41.45,0.5,5.5,2025-08-11
29002,CACHOEIRA,816.65,29.07,41.74,0.28,5.5,2025-08-12
29002,CACHOEIRA,816.63,28.94,41.55,0.39,5.5,2025-08-13
29002,CACHOEIRA,816.61,28.8,41.35,0.36,5.5,2025-08-14
29002,CACHOEIRA,816.59,28.67,41.16,0.76,5.5,2025-08-15
29002,CACHOEIRA,816.57,28.53,40.97,0.53,5.5,2025-08-16
29002,CACHOEIRA,816.54,28.33,40.67,0.59,5.5,2025-08-17
29002,CACHOEIRA,816.5,28.06,40.29,0.57,5.5,2025-08-18
29002,CACHOEIRA,816.44,27.66,39.72,0.37,5.5,2025-08-19
29002,CACHOEIRA,816.46,27.8,39.91,0.6,5.5,2025-08-20
29002,CACHOEIRA,816.48,27.93,40.1,1.08,5.5,2025-08-21
29002,CACHOEIRA,816.48,27.93,40.1,1.36,5.5,2025-08-22
29002,CACHOEIRA,816.52,28.2,40.49,0.53,5.5,2025-08-23
29002,CACHOEIRA,816.56,28.47,40.87,2.29,5.5,2025-08-24
29002,CACHOEIRA,816.58,28.6,41.06,0.55,5.5,2025-08-25
29002,CACHOEIRA,816.58,28.6,41.06,1.25,5.5,2025-08-26
29002,CACHOEIRA,816.59,28.67,41.16,0.76,5.5,2025-08-27
29002,CACHOEIRA,816.57,28.53,40.97,0.15,5.5,2025-08-28
29002,CACHOEIRA,816.59,28.67,41.16,0.65,5.5,2025-08-29
29002,CACHOEIRA,816.69,29.34,42.13,0.62,5.5,2025-08-30
29002,CACHOEIRA,816.79,30.02,43.1,0.81,5.5,2025-08-31
29002,CACHOEIRA,816.86,30.53,43.83,0.56,5.5,2025-09-01
29002,CACHOEIRA,816.86,30.53,43.83,0.56,5.5,2025-09-01
29002,CACHOEIRA,816.92,30.91,44.37,0.49,5.5,2025-09-02
29002,CACHOEIRA,816.97,31.25,44.86,0.85,5.5,2025-09-03
29002,CACHOEIRA,817.0,31.45,45.16,0.59,5.5,2025-09-04
29002,CACHOEIRA,817.01,31.52,45.26,0.28,5.5,2025-09-05
29002,CACHOEIRA,817.02,31.59,45.36,0.58,5.5,2025-09-06
29002,CACHOEIRA,817.01,31.54,45.28,0.29,5.5,2025-09-07
29002,CACHOEIRA,817.0,31.45,45.16,0.36,5.5,2025-09-08
29002,CACHOEIRA,816.98,31.32,44.96,0.22,5.5,2025-09-09
29002,CACHOEIRA,817.04,31.73,45.56,0.32,5.5,2025-09-10
29002,CACHOEIRA,817.11,32.21,46.25,0.63,5.5,2025-09-11
29002,CACHOEIRA,817.17,32.63,46.85,0.21,5.5,2025-09-12
29002,CACHOEIRA,817.21,32.91,47.25,0.56,5.5,2025-09-13
29002,CACHOEIRA,817.23,33.05,47.45,0.1,5.5,2025-09-14
29002,CACHOEIRA,817.25,33.17,47.63,0.15,5.5,2025-09-15
29002,CACHOEIRA,817.24,33.12,47.55,0.16,5.5,2025-09-16
