Data;Atibainha_Nivel;Atibainha_Volume;Atibainha_Chuva;Atibainha_ChuvaAcumuladaMensal;Atibainha_QJusante;Atibainha_VolumeMaximo;Atibainha_VolumeMinimo;Atibainha_VolumePorcentagem;Atibainha_VolumeOperacional;Atibainha_VolumeTotal;Cachoeira_Nivel;Cachoeira_Volume;Cachoeira_Chuva;Cachoeira_ChuvaAcumuladaMensal;Cachoeira_QJusante;Cachoeira_VolumeMaximo;Cachoeira_VolumeMinimo;Cachoeira_VolumePorcentagem;Cachoeira_VolumeOperacional;Cachoeira_VolumeTotal;Jaguari_PBS_Nivel;Jaguari_PBS_Volume;Jaguari_PBS_Chuva;Jaguari_PBS_ChuvaAcumuladaMensal;Jaguari_PBS_QJusante;Jaguari_PBS_VolumeMaximo;Jaguari_PBS_VolumeMinimo;Jaguari_PBS_VolumePorcentagem;Jaguari_PBS_VolumeOperacional;Jaguari_PBS_VolumeTotal;Jaguari_Jacareí_Nivel;Jaguari_Jacareí_Volume;Jaguari_Jacareí_Chuva;Jaguari_Jacareí_ChuvaAcumuladaMensal;Jaguari_Jacareí_QJusante;Jaguari_Jacareí_VolumeMaximo;Jaguari_Jacareí_VolumeMinimo;Jaguari_Jacareí_VolumePorcentagem;Jaguari_Jacareí_VolumeOperacional;Jaguari_Jacareí_VolumeTotal;PaivaCastro_Nivel;PaivaCastro_Volume;PaivaCastro_Chuva;PaivaCastro_ChuvaAcumuladaMensal;PaivaCastro_QJusante;PaivaCastro_VolumeMaximo;PaivaCastro_VolumeMinimo;PaivaCastro_VolumePorcentagem;PaivaCastro_VolumeOperacional;PaivaCastro_VolumeTotal;ÁguasClaras_Nivel;ÁguasClaras_Volume;ÁguasClaras_Chuva;ÁguasClaras_ChuvaAcumuladaMensal;ÁguasClaras_QJusante;ÁguasClaras_VolumeMaximo;ÁguasClaras_VolumeMinimo;ÁguasClaras_VolumePorcentagem;ÁguasClaras_VolumeOperacional;ÁguasClaras_VolumeTotal;Atibainha_VazaoNatural;Atibainha_VazaoAfluente;Cachoeira_VazaoNatural;Cachoeira_VazaoAfluente;Jaguari_PBS_VazaoNatural;Jaguari_PBS_VazaoAfluente;Jaguari_Jacareí_VazaoNatural;Jaguari_Jacareí_VazaoAfluente;PaivaCastro_VazaoNatural;PaivaCastro_VazaoAfluente;ÁguasClaras_VazaoNatural;ÁguasClaras_VazaoAfluente;SE_QJusante;SE_VUtil;SE_VArmaz;SE_VolumePorcentagem;SE_VazaoNatural;SC_VolumeTotalHm3;SC_VolumeOperacionalHm3;SC_VolumePorcentagem;SC_VariacaoVolumePorcentagem;SC_VolumeUtil;SC_VolumeMeta;SC_LimiteVolumePorcentagem;SC_Precipitacao;SC_PrecipitacaoAcumuladaNoMes;SC_PMLTMensal;SC_ParcelaPMLT;SC_VazaoJusante;SC_VazaoJusanteMediaNoMes;SC_VazaoJusanteMLT;SC_ParcelaQJusMLT;SC_VazaoNatural;SC_VazaoAfluente;SC_VazaoNaturalMediaNoMes;SC_QMLTMensal;SC_ParcelaQMLT;SC_VazaoProduzida;SC_VazaoProduzidaMediaNoMes;SC_VazaoRetirada;SC_VazaoRetiradaMediaNoMes;F_25bT_Unidade;F_25bT_Valor;QESI_Unidade;QESI_Valor;QPS_SC_Unidade;QPS_SC_Valor;QSC_PS_Unidade;QSC_PS_Valor;QT5_Unidade;QT5_Valor;QT6_Unidade;QT6_Valor;QT7_Unidade;QT7_Valor
01/07/2025;783,1;221,72650569161607;0,0;0,0;2,0;295,4563270203307;199,2041470748436;23,399323142112845;22,522358616772465;221,72650569161607;816,33;73,85693325349818;0,0;0,0;4,5;116,57235880689602;46,92300215469965;38,67075360551688;26,93393109879853;73,85693325349818;620,13;1083,4594167780597;0,0;0,0;31,0;1235,61353974347;442,7348943334073;80,80991033795355;640,7245224446524;1083,4594167780597;834,965;651,1801408221439;0,0;0,0;0,25;1047,4930108105;239,44946264289018;50,954020870896166;411,73067817925374;651,1801408221439;744,14;26,650059510825603;0,0;0,0;0,1;32,93083367229882;25,31875306973936;17,4893897029757;1,331306441086244;26,650059510825603;859,06;0,8380726848362221;0,0;0,0;0,0;1,028139080949925;0,513304113506291;63,08207325981369;0,32476857132993103;0,8380726848362221;0,937204880250288;28,05420488025029;0,686414125392737;25,28641412539274;5,111449995852354;5,111449995852354;7,296629295043612;7,296629295043612;2,539831454142774;32,979831454142776;-2,231344735104716;29,268655264895283;6,75;973,9450847652932;461,18696789482476;47,352461150924555;8,920248300686637;974,25171;462,84304;47,12924;-0,2101;982,072;65,0;;0,0;0,0;42,835;0,0;6,85;6,85;8,817423;77,68709746600565;11,46;14,8;11,46;26,9;42,60223048327138;29,58;29,58;29,5994;29,5994;m3/s;7,66;m3/s;31,5;m3/s;3,34;m3/s;0,0;m3/s;30,44;m3/s;23,777;m3/s;24,6
02/07/2025;783,09;221,53715662157236;0,0;0,0;2,13;295,4563270203307;199,2041470748436;23,202601291084697;22,33300954672876;221,53715662157236;816,33;73,85693325349818;0,2;0,2;4,54;116,57235880689602;46,92300215469965;38,67075360551688;26,93393109879853;73,85693325349818;620,08;1080,9384115750436;0,0;0,0;32,0;1235,61353974347;442,7348943334073;80,49195434082712;638,2035172416363;1080,9384115750436;834,92;649,4764913253874;0,0;0,0;0,25;1047,4930108105;239,44946264289018;50,743184524189374;410,02702868249725;649,4764913253874;744,17;26,76961919029514;0,0;0,0;0,1;32,93083367229882;25,31875306973936;19,060046737654694;1,45086612055578;26,76961919029514;859,62;0,919555761254024;0,0;0,0;0,0;1,028139080949925;0,513304113506291;78,909101641821;0,40625164774773304;0,919555761254024;3,496459837457131;30,09045983745713;0,28599999999999803;27,785999999999998;6,169699039165483;6,169699039165484;8,031834528281276;8,031834528281276;2,831792586452956;32,98379258645296;-1,409208837756921;30,09079116224308;6,92;973,9450847652932;459,29396932802456;47,15809715685436;11,814294365738405;972,55976;461,15109;46,95695;-0,17228000000000002;982,072;65,0;;0,05;0,05;42,835;0,116726975604062;7,02;6,9350000000000005;8,817423;78,65109794551084;14,646;17,994;13,053;26,9;48,52416356877323;29,16;29,37;29,1477;29,37355;m3/s;7,541;m3/s;31,5;m3/s;3,348;m3/s;0,0;m3/s;30,152;m3/s;23,246;m3/s;27,5
03/07/2025;783,07;221,15869304886658;0,0;0,0;3,5;295,4563270203307;199,2041470748436;22,8094012898794;21,954545974022977;221,15869304886658;816,32;73,79077286822606;0,0;0,2;5,0;116,57235880689602;46,92300215469965;38,575762943072554;26,867770713526404;73,79077286822606;620,03;1078,4217424374074;0,2;0,2;32,0;1235,61353974347;442,7348943334073;80,17454521999822;635,6868481040001;1078,4217424374074;834,864;647,3601460853045;0,0;0,0;0,25;1047,4930108105;239,44946264289018;50,4812747242928;407,91068344241427;647,3601460853045;744,21;26,929566064388336;0,0;0,0;0,1;32,93083367229882;25,31875306973936;21,161270863413655;1,610812994648977;26,929566064388336;860,14;0,9994647977247951;0,2;0,2;0,0;1,028139080949925;0,513304113506291;94,4303932253262;0,48616068421850306;0,9994647977247951;0,506634575164546;29,092634575164546;0,272254800091122;29,47225480009112;6,219884981062507;6,219884981062507;4,95526342496553;4,95526342496553;3,478236968671268;33,45123696867127;-0,030026892699414002;31,469973107300586;8,75;973,9450847652932;456,73300012996367;46,895149148992296;5,734152800221198;970,23864;458,82997;46,7206;-0,23635000000000003;982,072;65,0;;0,0;0,05;42,835;0,116726975604062;8,85;7,573333;8,817423;85,89054874649884;9,212;12,56;11,773;26,9;43,765799256505574;30,54;29,76;30,5451;29,764066;m3/s;7,502;m3/s;31,5;m3/s;3,348;m3/s;0,0;m3/s;29,973;m3/s;25,238;m3/s;29,2
04/07/2025;783,05;220,780542245639;0,0;0,0;3,5;295,4563270203307;199,2041470748436;22,416526236616445;21,576395170795394;220,780542245639;816,309;73,71804004027092;1,2;1,4;5,0;116,57235880689602;46,92300215469965;38,47133580770311;26,79503788557127;73,71804004027092;619,98;1075,9094039173797;0,2;0,4;33,0;1235,61353974347;442,7348943334073;79,85768228837917;633,1745095839724;1075,9094039173797;834,82;645,7002211523302;0,0;0,0;0,25;1047,4930108105;239,44946264289018;50,27584954185821;406,25075850944;645,7002211523302;744,23;27,009768963977454;0,0;0,0;0,1;32,93083367229882;25,31875306973936;22,21489737864197;1,691015894238095;27,009768963977454;860,21;1,010551842025765;0,0;0,2;0,0;1,028139080949925;0,513304113506291;96,58390745844491;0,497247728519474;1,010551842025765;0,8472545922733361;27,423254592273338;0,27418486163037203;27,374184861630376;7,282007870049803;7,282007870049803;8,137905868353435;8,137905868353435;4,228274300799973;32,52827430079997;-1,016477727998024;30,483522272001977;8,75;973,9450847652932;454,6221915658067;46,67842147130545;9,259345322257143;968,21912;456,81046;46,51497;-0,20564000000000002;982,072;65,0;;0,30000000000000004;0,35000000000000003;42,835;0,8170888292284341;8,85;7,8925;8,817423;89,51027981758389;13,488;16,848;12,202;26,9;45,360594795539036;30,35;29,9075;30,3552;29,91185;m3/s;7,46;m3/s;31,5;m3/s;3,36;m3/s;0,0;m3/s;28,3;m3/s;23,216;m3/s;27,1
05/07/2025;783,05;220,780542245639;0,0;0,0;3,5;295,4563270203307;199,2041470748436;22,416526236616445;21,576395170795394;220,780542245639;816,32;73,79077286822606;0,0;1,4;5,0;116,57235880689602;46,92300215469965;38,575762943072554;26,867770713526404;73,79077286822606;619,93;1073,4013905669563;0,0;0,4;33,0;1235,61353974347;442,7348943334073;79,54136485885296;630,666496233549;1073,4013905669563;834,76;643,4408234848734;0,0;0,0;0,25;1047,4930108105;239,44946264289018;49,99623618777841;403,9913608419832;643,4408234848734;744,23;27,009768963977454;0,0;0,0;0,1;32,93083367229882;25,31875306973936;22,21489737864197;1,691015894238095;27,009768963977454;859,75;0,9391377263168471;0,0;0,2;0,0;1,028139080949925;0,513304113506291;82,71264380603242;0,42583361281055504;0,9391377263168471;0,9600000000000021;31,53;1,058815138369624;33,058815138369624;7,325067703432579;7,325067703432579;6,099564034064539;6,099564034064539;3,199999999999999;31,23;-0,5231522651495191;30,60684773485048;8,75;973,9450847652932;452,43552672630494;46,45390523587224;8,118379172434166;965,96105;454,55238;46,28504;-0,22993000000000002;982,072;65,0;;0,0;0,35000000000000003;42,835;0,8170888292284341;8,85;8,084;8,817423;91,6821161919985;11,318;14,671;12,025;26,9;44,70260223048327;31,52;30,23;31,4334;30,21616;m3/s;7,462;m3/s;31,13;m3/s;3,3529999999999998;m3/s;0,0;m3/s;28,03;m3/s;27,217;m3/s;32,0
06/07/2025;783,03;220,4027042284223;0,0;0,0;3,5;295,4563270203307;199,2041470748436;22,02397614847227;21,19855715357869;220,4027042284223;816,33;73,85693325349818;0,0;1,4;5,0;116,57235880689602;46,92300215469965;38,67075360551688;26,93393109879853;73,85693325349818;619,88;1070,8976969381329;0,0;0,4;33,0;1235,61353974347;442,7348943334073;79,22559224430252;628,1628026047256;1070,8976969381329;834,71;641,5616365371461;0,0;0,0;0,25;1047,4930108105;239,44946264289018;49,763676079849986;402,11217389425593;641,5616365371461;744,18;26,8095486293958;0,0;0,0;0,1;32,93083367229882;25,31875306973936;19,584600288588387;1,4907955596564402;26,8095486293958;859,33;0,876787079444137;0,0;0,2;0,0;1,028139080949925;0,513304113506291;70,6018411575048;0,363482965937845;0,876787079444137;0,580874800732601;27,1768748007326;1,114745199908878;29,014745199908877;7,3690644812108275;7,369064481210826;6,40015106797166;6,40015106797166;2,732635016416033;30,782635016416034;-2,33775100547118;30,66224899452882;8,75;973,9450847652932;450,2446621466332;46,228957791304595;8,09577106861314;963,50761;452,09894;46,03521;-0,24982000000000001;982,072;65,0;;0,0;0,35000000000000003;42,835;0,8170888292284341;8,85;8,211666;8,817423;93,12999954748683;10,828;14,175;11,825;26,9;43,95910780669145;31,32;30,411666;31,3839;30,410783;m3/s;7,456;m3/s;33,0;m3/s;3,347;m3/s;0,0;m3/s;28,05;m3/s;23,249;m3/s;27,9
07/07/2025;783,01;220,02517901483674;0,0;0,0;3,5;295,4563270203307;199,2041470748436;21,631751043753216;20,821031939993134;220,02517901483674;816,33;73,85693325349818;0,0;1,4;5,0;116,57235880689602;46,92300215469965;38,67075360551688;26,93393109879853;73,85693325349818;619,83;1068,3983175803442;0,0;0,4;32,0;1235,61353974347;442,7348943334073;78,91036375728784;625,6634232469369;1068,3983175803442;834,66;639,6857614060164;0,0;0,0;0,25;1047,4930108105;239,44946264289018;49,53152582812363;400,2362987631262;639,6857614060164;744,17;26,76961919029514;0,0;0,0;0,1;32,93083367229882;25,31875306973936;19,060046737654694;1,45086612055578;26,76961919029514;860,12;0,9963118634948441;0,0;0,2;0,0;1,028139080949925;0,513304113506291;93,81797673667809;0,48300774998855206;0,9963118634948441;0,7354952131301321;28,130495213130132;1,042999999999999;29,043;6,423998173741765;6,423998173741765;6,538482278590742;6,538482278590742;3,637853714112722;32,63785371411272;-0,559711295709412;32,44028870429059;8,75;973,9450847652932;447,99126180191786;45,99758947496278;8,316977491720873;961,3338;449,92514;45,81386;-0,22135000000000002;982,072;65,0;;0,0;0,35000000000000003;42,835;0,8170888292284341;8,85;8,302857;8,817423;94,16421328544632;11,955;15,307;11,844;26,9;44,02973977695167;31,05;30,502857;31,0569;30,503085;m3/s;7,407;m3/s;33,0;m3/s;3,352;m3/s;0,0;m3/s;29,0;m3/s;24,043;m3/s;28,0
08/07/2025;783,01;220,02517901483674;0,0;0,0;3,5;295,4563270203307;199,2041470748436;21,631751043753216;20,821031939993134;220,02517901483674;816,32;73,79077286822606;0,0;1,4;5,0;116,57235880689602;46,92300215469965;38,575762943072554;26,867770713526404;73,79077286822606;619,78;1065,9032470446546;0,0;0,4;32,0;1235,61353974347;442,7348943334073;78,59567871057439;623,1683527112473;1065,9032470446546;834,61;637,8131968378975;0,0;0,0;0,25;1047,4930108105;239,44946264289018;49,29978527746082;398,36373419500734;637,8131968378975;744,16;26,729727880272787;0,0;0,0;0,1;32,93083367229882;25,31875306973936;18,53599408890924;1,410974810533428;26,729727880272787;859,37;0,882612321821817;0,0;0,2;0,0;1,028139080949925;0,513304113506291;71,73331876606842;0,369308208315526;0,882612321821817;1,2850000000000001;32,204;0,9742548000911231;29,174254800091123;9,100868799888978;9,100868799888978;6,776798980106104;6,776798980106104;2,434295022889447;31,138295022889448;-1,4226669175118771;30,077333082488124;8,75;973,9450847652932;446,05253684852687;45,798530515303035;9,036053780197228;959,24149;447,83282;45,60081;-0,21305000000000002;982,072;65,0;;0,0;0,35000000000000003;42,835;0,8170888292284341;8,85;8,37125;8,817423;94,93987075362041;11,47;17,449;11,797;26,9;43,8550185873606;31,38;30,6125;31,3933;30,614362;m3/s;7,302;m3/s;31,5;m3/s;5,979;m3/s;0,0;m3/s;28,704;m3/s;24,94;m3/s;28,2
09/07/2025;783,02;220,21390252003164;0,0;0,0;3,5;295,4563270203307;199,2041470748436;21,827822971996074;21,009755445188034;220,21390252003164;816,33;73,85693325349818;0,0;1,4;5,0;116,57235880689602;46,92300215469965;38,67075360551688;26,93393109879853;73,85693325349818;619,72;1062,9148423748557;0,0;0,4;32,0;1235,61353974347;442,7348943334073;78,21877302808456;620,1799480414484;1062,9148423748557;834,56;635,9439415571683;0,0;0,0;0,25;1047,4930108105;239,44946264289018;49,068454269996174;396,4944789142781;635,9439415571683;744,15;26,68987466514623;0,0;0,0;0,1;32,93083367229882;25,31875306973936;18,012441893295925;1,371121595406872;26,68987466514623;858,94;0,821200551913972;0,0;0,2;0,0;1,028139080949925;0,513304113506291;59,80488076334692;0,30789643840768105;0,821200551913972;2,152299828644681;33,79429982864468;1,967745199908879;31,05774519990888;3,761982988438538;3,761982988438538;7,705100917485549;7,705100917485549;3,028735936035236;31,138735936035236;-1,192184373933393;30,307815626066606;8,75;973,9450847652932;444,4381654582647;45,63277462048775;11,82514594603911;957,52585;446,11718;45,42612;-0,17470000000000002;982,072;65,0;;0,0;0,35000000000000003;42,835;0,8170888292284341;8,85;8,424444;8,817423;95,54315359487687;14,854;21,204;12,137;26,9;45,11895910780669;31,03;30,658888;31,0186;30,659277;m3/s;7,26;m3/s;31,5;m3/s;6,35;m3/s;0,0;m3/s;28,11;m3/s;25,292;m3/s;29,09
10/07/2025;783,03;220,4027042284223;0,0;0,0;3,5;295,4563270203307;199,2041470748436;22,02397614847227;21,19855715357869;220,4027042284223;816,33;73,85693325349818;0,0;1,4;5,0;116,57235880689602;46,92300215469965;38,67075360551688;26,93393109879853;73,85693325349818;619,66;1059,9326251486782;0,0;0,4;32,0;1235,61353974347;442,7348943334073;77,84264772272523;617,1977308152709;1059,9326251486782;834,5;633,7052016512844;0,0;0,0;0,25;1047,4930108105;239,44946264289018;48,79139743178978;394,2557390083942;633,7052016512844;744,14;26,650059510825603;0,0;0,0;0,1;32,93083367229882;25,31875306973936;17,4893897029757;1,331306441086244;26,650059510825603;858,64;0,7799036364781221;0,0;0,2;0,0;1,028139080949925;0,513304113506291;51,78349176544995;0,26659952297183104;0,7799036364781221;1,058204958225184;33,719204958225184;0,5;31,3;3,844596919242427;3,84459691924243;5,138658496714079;5,138658496714079;3,10517645462236;31,13917645462236;-1,692773558285302;29,807226441714697;8,75;973,9450847652932;442,38822726077143;45,422296819474234;6,696863454939264;955,3948;443,98613;45,20912;-0,217;982,072;65,0;;0,0;0,35000000000000003;42,835;0,8170888292284341;8,85;8,467;8,817423;96,02578894082772;9,802;16,163;11,903;26,9;44,24907063197026;30,27;30,62;30,2852;30,62187;m3/s;7,17;m3/s;31,5;m3/s;6,361;m3/s;0,0;m3/s;28,034;m3/s;26,3;m3/s;30,8
11/07/2025;783,03;220,4027042284223;0,0;0,0;3,5;295,4563270203307;199,2041470748436;22,02397614847227;21,19855715357869;220,4027042284223;816,33;73,85693325349818;0,0;1,4;5,0;116,57235880689602;46,92300215469965;38,67075360551688;26,93393109879853;73,85693325349818;619,61;1057,4521638527513;0,0;0,4;32,0;1235,61353974347;442,7348943334073;77,52980523285794;614,717269519344;1057,4521638527513;834,45;631,8432222051705;0,0;0,0;0,25;1047,4930108105;239,44946264289018;48,56096685037666;392,3937595622803;631,8432222051705;744,14;26,650059510825603;0,0;0,0;0,1;32,93083367229882;25,31875306973936;17,4893897029757;1,331306441086244;26,650059510825603;858,61;0,7758426582907321;0,0;0,2;0,0;1,028139080949925;0,513304113506291;50,99469954188465;0,26253854478444;0,7758426582907321;1,147999999999999;31,75;0,9499999999999991;29,25;9,642957223067786;9,642957223067786;6,999311966274561;6,999311966274561;3,350000000000001;31,6;-1,292702062354056;30,207297937645944;8,75;973,9450847652932;440,52624781465755;45,23111771962154;9,09731196627456;953,52876;442,12009;45,01911;-0,19001;982,072;65,0;;0,0;0,35000000000000003;42,835;0,8170888292284341;8,85;8,501818;8,817423;96,42066621959727;12,447;18,799;11,953;26,9;44,43494423791822;30,26;30,587272;30,2543;30,588454;m3/s;7,098;m3/s;31,5;m3/s;6,352;m3/s;0,0;m3/s;28,25;m3/s;24,25;m3/s;28,3
12/07/2025;783,02;220,21390252003164;0,0;0,0;3,5;295,4563270203307;199,2041470748436;21,827822971996074;21,009755445188034;220,21390252003164;816,32;73,79077286822606;0,0;1,4;5,0;116,57235880689602;46,92300215469965;38,575762943072554;26,867770713526404;73,79077286822606;619,55;1054,4812658154406;0,0;0,4;32,0;1235,61353974347;442,7348943334073;77,1551075342241;611,7463714820333;1054,4812658154406;834,4;629,9845478183586;0,0;0,0;0,25;1047,4930108105;239,44946264289018;48,33094528891171;390,5350851754684;629,9845478183586;744,13;26,610282383313603;0,0;0,0;0,1;32,93083367229882;25,31875306973936;16,966837071325614;1,291529313574244;26,610282383313603;858,8;0,8017725667773311;0,0;0,2;0,0;1,028139080949925;0,513304113506291;56,0312471981855;0,28846845327104004;0,8017725667773311;0,6817950417748101;29,466795041774816;0,28725480009112203;27,587254800091124;3,046606049644801;3,046606049644799;6,037564967454713;6,037564967454713;2,987616579722221;31,139616579722222;-1,202685318442134;30,297314681557864;8,75;973,9450847652932;438,4126113341828;45,01409968507967;7,006614809320647;951,40128;439,99261;44,80248;-0,21663000000000002;982,072;65,0;;0,0;0,35000000000000003;42,835;0,8170888292284341;8,85;8,530833;8,817423;96,74973061857189;9,994;15,426;11,79;26,9;43,82899628252788;29,97;30,535833;29,9972;30,539183;m3/s;7,07;m3/s;31,5;m3/s;5,432;m3/s;0,0;m3/s;28,152;m3/s;23,353;m3/s;27,3
13/07/2025;783,02;220,21390252003164;0,0;0,0;3,5;295,4563270203307;199,2041470748436;21,827822971996074;21,009755445188034;220,21390252003164;816,3;73,65856531184306;0,0;1,4;5,0;116,57235880689602;46,92300215469965;38,385944166937705;26,73556315714341;73,65856531184306;619,5;1052,0102239912376;0,0;0,4;33,0;1235,61353974347;442,7348943334073;76,84345305361629;609,2753296578303;1052,0102239912376;834,36;628,4999870341269;0,0;0,0;0,25;1047,4930108105;239,44946264289018;48,1472224205591;389,0505243912367;628,4999870341269;744,1;26,491178823040002;0,0;0,0;0,1;32,93083367229882;25,31875306973936;15,402172080343334;1,172425753300643;26,491178823040002;859,95;0,9697733457552951;0,0;0,2;0,0;1,028139080949925;0,513304113506291;88,66321464440543;0,45646923224900304;0,9697733457552951;3,341999999999996;32,004999999999995;0,9698199492709031;27,169819949270902;9,362978886539533;9,362978886539533;9,267583515836929;9,267583515836929;3,216486570907399;31,7214865709074;-1,463546539606902;31,536453460393098;8,75;973,9450847652932;436,79584299356816;44,848097682923225;13,579403465107827;949,83341;438,42474;44,642830000000004;-0,15965000000000001;982,072;65,0;;0,0;0,35000000000000003;42,835;0,8170888292284341;8,85;8,555384;8,817423;97,02816798059932;16,796;21,759;12,175;26,9;45,260223048327134;29,57;30,461538;29,592;30,466323;m3/s;7,019;m3/s;33,0;m3/s;4,963;m3/s;0,0;m3/s;28,505;m3/s;23,7;m3/s;26,2
14/07/2025;783,0;219,83653371520987;0,0;0,0;3,5;295,4563270203307;199,2041470748436;21,435760366208346;20,632386640366263;219,83653371520987;816,28;73,52650854586146;0,0;1,4;5,0;116,57235880689602;46,92300215469965;38,1963418901485;26,603506391161808;73,52650854586146;619,45;1049,5434550263453;0,0;0,4;32,0;1235,61353974347;442,7348943334073;76,53233747758554;606,808560692938;1049,5434550263453;834,31;626,647258296568;0,0;0,0;0,25;1047,4930108105;239,44946264289018;47,91793666711669;387,1977956536778;626,647258296568;744,11;26,530842073187667;0,0;0,0;0,1;32,93083367229882;25,31875306973936;15,923228703605167;1,212089003448309;26,530842073187667;860,25;1,016923744326781;0,0;0,2;0,0;1,028139080949925;0,513304113506291;97,82156665099255;0,50361963082049;1,016923744326781;0,801305499748025;28,972305499748025;0,6625652085462711;26,66256520854627;8,429433276710036;8,429433276710032;4,8063803523276505;4,8063803523276505;2,5190653952276083;32,35906539522761;-0,24497779431150302;31,5550222056885;8,75;973,9450847652932;434,4336886852059;44,60556303232416;6,270251060621947;947,55807;436,1494;44,41114;-0,23169;982,072;65,0;;0,0;0,35000000000000003;42,835;0,8170888292284341;8,85;8,576428;8,817423;97,26683181696058;8,789;13,769;11,933;26,9;44,360594795539036;31,02;30,501428;31,0093;30,505107;m3/s;6,99;m3/s;31,8;m3/s;4,98;m3/s;0,0;m3/s;29,84;m3/s;23,191;m3/s;26,0
15/07/2025;783,0;219,83653371520987;0,0;0,0;3,5;295,4563270203307;199,2041470748436;21,435760366208346;20,632386640366263;219,83653371520987;816,26;73,39460237511003;0,0;1,4;5,0;116,57235880689602;46,92300215469965;38,00695583248521;26,471600220410373;73,39460237511003;619,39;1046,588964771945;0,0;0,4;32,0;1235,61353974347;442,7348943334073;76,15970917292584;603,8540704385377;1046,588964771945;834,25;624,428341244252;0,0;0,0;0,25;1047,4930108105;239,44946264289018;47,643333020153875;384,9788786013618;624,428341244252;744,14;26,650059510825603;0,0;0,0;0,1;32,93083367229882;25,31875306973936;17,4893897029757;1,331306441086244;26,650059510825603;859,31;0,8738832204638911;0,0;0,2;0,0;1,028139080949925;0,513304113506291;70,03780429834103;0,36057910695760004;0,8738832204638911;0,800000000000002;33,17;0,7733082088954291;30,673308208895428;2,974510944440998;2,974510944440998;4,468089672268665;4,468089672268665;3,309831454142774;32,979831454142776;-1,9131616187834481;29,586838381216552;8,75;973,9450847652932;432,08286546213844;44,364191803099885;6,041397881164096;945,18342;433,77475;44,16934;-0,24180000000000001;982,072;65,0;;0,0;0,35000000000000003;42,835;0,8170888292284341;8,85;8,594666;8,817423;97,47367229631605;9,351;14,521;11,761;26,9;43,721189591078065;31,25;30,551333;31,2424;30,55426;m3/s;6,94;m3/s;31,5;m3/s;5,17;m3/s;0,0;m3/s;29,67;m3/s;27,2;m3/s;29,9
16/07/2025;782,994;219,72338407511907;0,0;0,0;3,5;295,4563270203307;199,2041470748436;21,318204961068552;20,519237000275467;219,72338407511907;816,24;73,26284660329947;0,0;1,4;5,0;116,57235880689602;46,92300215469965;37,81778571212286;26,339844448599813;73,26284660329947;619,33;1043,6406101738103;0,2;0,6000000000000001;33,0;1235,61353974347;442,7348943334073;75,78785471383522;600,905715840403;1043,6406101738103;834,2;622,5828732197867;0,0;0,0;0,25;1047,4930108105;239,44946264289018;47,414945821388386;383,13341057689655;622,5828732197867;744,17;26,76961919029514;0,0;0,0;0,1;32,93083367229882;25,31875306973936;19,060046737654694;1,45086612055578;26,76961919029514;858,92;0,818408294812618;0,0;0,2;0,0;1,028139080949925;0,513304113506291;59,26252111842627;0,30510418130632605;0,818408294812618;0,9273976841343001;31,8023976841343;0,28204893737777104;29,382048937377775;3,843525484551442;3,843525484551438;7,990416383503749;7,990416383503749;3,371792586452958;32,98379258645296;-1,259870898741591;30,240129101258407;8,75;973,9450847652932;429,99249202577187;44,14956230611235;9,199863005015821;943,15713;431,74846;43,96302;-0,20633;982,072;65,0;;0,0;0,35000000000000003;42,835;0,8170888292284341;8,85;8,610625;8,817423;97,65466622163868;12,572;17,54;11,811;26,9;43,90706319702602;30,85;30,57;30,8822;30,574756;m3/s;6,803;m3/s;31,5;m3/s;4,968;m3/s;0,0;m3/s;29,612;m3/s;25,907;m3/s;29,1
17/07/2025;782,99;219,64796662359112;0,0;0,0;3,5;295,4563270203307;199,2041470748436;21,239850941896556;20,443819548747513;219,64796662359112;816,27;73,46053664832405;0,0;1,4;5,0;116,57235880689602;46,92300215469965;38,10162185150285;26,5375344936244;73,46053664832405;619,28;1041,1883281734772;0,2;0,8;33,0;1235,61353974347;442,7348943334073;75,47856627297112;598,4534338400699;1041,1883281734772;834,14;620,3726648438558;0,0;0,0;0,25;1047,4930108105;239,44946264289018;47,14141992282227;380,9232022009656;620,3726648438558;744,19;26,8495162318507;0,0;0,0;0,1;32,93083367229882;25,31875306973936;20,109655191993674;1,5307631621113411;26,8495162318507;858,04;0,70102200834726;0,0;0,2;0,0;1,028139080949925;0,513304113506291;36,461760896518875;0,187717894840968;0,70102200834726;1,351112829537561;32,23911282953756;0,8980792248216071;33,198079224821605;9,595106477626496;9,595106477626496;6,9688845378361;6,9688845378361;2,912734277263443;32,52473427726344;-2,349237574830532;29,150762425169468;8,75;973,9450847652932;427,9045562433375;43,935183095713896;9,218076592195269;941,03171;429,62304;43,74659;-0,21642000000000003;982,072;65,0;;0,0;0,35000000000000003;42,835;0,8170888292284341;8,85;8,624705;8,817423;97,81435006577318;12,131;17,109;11,83;26,9;43,97769516728624;30,54;30,568235;30,5094;30,570911;m3/s;6,663;m3/s;31,5;m3/s;4,978;m3/s;0,0;m3/s;29,612;m3/s;25,91;m3/s;32,3
18/07/2025;782,99;219,64796662359112;0,0;0,0;3,5;295,4563270203307;199,2041470748436;21,239850941896556;20,443819548747513;219,64796662359112;816,3;73,65856531184306;0,0;1,4;5,0;116,57235880689602;46,92300215469965;38,385944166937705;26,73556315714341;73,65856531184306;619,22;1038,2511978240218;0,0;0,8;33,0;1235,61353974347;442,7348943334073;75,10812744649266;595,5163034906145;1038,2511978240218;834,08;618,16720306633;0,0;0,0;0,25;1047,4930108105;239,44946264289018;46,86848144289417;378,7177404234398;618,16720306633;744,21;26,929566064388336;0,0;0,0;0,1;32,93083367229882;25,31875306973936;21,161270863413655;1,610812994648977;26,929566064388336;857,86;0,6783088712926431;0,0;0,2;0,0;1,028139080949925;0,513304113506291;32,05002927553046;0,165004757786352;0,6783088712926431;2,182000000000002;33,120000000000005;1,149998420358922;33,24999842035892;3,985435770192119;3,9854357701921153;6,823822019377506;6,823822019377506;2,906502691407823;32,52650269140782;-2,044983530724724;29,455016469275275;8,75;973,9450847652932;425,89712312933074;43,72906951237049;10,15582043973643;939,08161;427,67294;43,54802;-0,19857000000000002;982,072;65,0;;0,0;0,35000000000000003;42,835;0,8170888292284341;8,85;8,637222;8,817423;97,9563076422669;13,062;18,042;11,899000000000001;26,9;44,234200743494426;29,69;30,519444;29,7179;30,523522;m3/s;6,53;m3/s;31,5;m3/s;4,98;m3/s;0,0;m3/s;29,62;m3/s;25,958;m3/s;32,1
19/07/2025;782,99;219,64796662359112;0,0;0,0;3,5;295,4563270203307;199,2041470748436;21,239850941896556;20,443819548747513;219,64796662359112;816,35;73,98936735893749;0,0;1,4;5,0;116,57235880689602;46,92300215469965;38,860897652504455;27,066365204237833;73,98936735893749;619,16;1035,3201764519326;0,0;0,8;33,0;1235,61353974347;442,7348943334073;74,73845910076828;592,5852821185254;1035,3201764519326;834,02;615,9664852998695;0,0;0,0;0,61;1047,4930108105;239,44946264289018;46,59613006140601;376,51702265697935;615,9664852998695;744,23;27,009768963977454;0,0;0,0;0,1;32,93083367229882;25,31875306973936;22,21489737864197;1,691015894238095;27,009768963977454;858,62;0,7771949383659621;0,0;0,2;0,0;1,028139080949925;0,513304113506291;51,25736236798314;0,263890824859671;0,7771949383659621;2,117999999999998;33,122;2,75272739692619;34,85272739692619;4,056141526745808;4,056141526745808;7,238729554855826;7,238729554855826;2,906274300799971;32,52827430079997;-1,2093853347995491;30,29061466520045;9,11;973,9450847652932;424,0272074099647;43,537075554126254;12,109456951782015;937,39078;425,98211;43,37585;-0,17217000000000002;982,072;65,0;;0,0;0,35000000000000003;42,835;0,8170888292284341;9,21;8,667368;8,817423;98,29819891821;15,016;19,996;12,063;26,9;44,84386617100372;29,12;30,445789;29,1461;30,451026;m3/s;6,53;m3/s;31,5;m3/s;4,98;m3/s;0,0;m3/s;29,622;m3/s;26,024;m3/s;32,1
20/07/2025;782,99;219,64796662359112;0,0;0,0;3,5;295,4563270203307;199,2041470748436;21,239850941896556;20,443819548747513;219,64796662359112;816,4;74,32111486107328;0,0;1,4;5,0;116,57235880689602;46,92300215469965;39,33720858785513;27,39811270637363;74,32111486107328;619,11;1032,8823184291832;0,0;0,8;33,0;1235,61353974347;442,7348943334073;74,43098985098308;590,1474240957759;1032,8823184291832;833,95;613,4049736319246;0,0;0,0;0,75;1047,4930108105;239,44946264289018;46,279128375821905;373,9555109890344;613,4049736319246;744,23;27,009768963977454;0,0;0,0;0,1;32,93083367229882;25,31875306973936;22,21489737864197;1,691015894238095;27,009768963977454;860,13;0,9978875127450381;0,0;0,2;0,0;1,028139080949925;0,513304113506291;94,12402612139992;0,48458339923874605;0,9978875127450381;1,975000000000001;33,07;3,044670163608773;34,94467016360877;9,774050662622411;9,77405066262241;3,002874213600051;3,002874213600051;3,5300000000000002;33,1;-2,43818779653848;30,56181220346152;9,25;973,9450847652932;421,79744324415555;43,30813408702634;8,022544377208826;935,38171;423,97304;43,17128;-0,20457000000000003;982,072;65,0;;0,0;0,35000000000000003;42,835;0,8170888292284341;9,35;8,7015;8,817423;98,68529614605083;11,553;16,543;12,037;26,9;44,74721189591078;27,93;30,32;28,0075;30,32885;m3/s;6,51;m3/s;33,0;m3/s;4,99;m3/s;0,0;m3/s;29,57;m3/s;26,105;m3/s;31,9
21/07/2025;783,0;219,83653371520987;0,0;0,0;3,5;295,4563270203307;199,2041470748436;21,435760366208346;20,632386640366263;219,83653371520987;816,46;74,7204640457258;0,0;1,4;5,0;116,57235880689602;46,92300215469965;39,91057954754213;27,797461891026153;74,7204640457258;619,05;1029,96247239667;0,0;0,8;33,0;1235,61353974347;442,7348943334073;74,06273096932242;587,2275780632626;1029,96247239667;833,88;610,8499112633713;0,0;0,0;0,75;1047,4930108105;239,44946264289018;45,962924827838954;371,4004486204811;610,8499112633713;744,29;27,251298848260024;0,0;0,0;0,1;32,93083367229882;25,31875306973936;25,387878550193932;1,9325457785206661;27,251298848260024;860,16;1,002624286629547;0,0;0,2;0,0;1,028139080949925;0,513304113506291;95,04408287434917;0,48932017312325504;1,002624286629547;4,142489486328132;35,29148948632813;3,8880970445893723;35,78809704458937;4,188485734799708;4,188485734799708;3,07751888248486;3,07751888248486;3,08648477178901;32,69548477178901;1,08182377181145;30,88182377181145;9,25;973,9450847652932;419,83029715187354;43,10615698143254;11,108105413402363;933,66083;422,25216;42,99605;-0,17523000000000002;982,072;65,0;;0,0;0,35000000000000003;42,835;0,8170888292284341;9,35;8,73238;8,817423;99,03551184966402;14,195;19,178;12,14;26,9;45,13011152416357;30,27;30,317619;30,827;30,352571;m3/s;6,45;m3/s;29,8;m3/s;4,983;m3/s;0,0;m3/s;29,609;m3/s;26,166;m3/s;31,9
22/07/2025;783,02;220,21390252003164;0,0;0,0;3,5;295,4563270203307;199,2041470748436;21,827822971996074;21,009755445188034;220,21390252003164;816,49;74,92065236830767;0,2;1,6;5,0;116,57235880689602;46,92300215469965;40,19800262250538;27,99765021360802;74,92065236830767;618,99;1027,048708664719;0,0;0,8;33,0;1235,61353974347;442,7348943334073;73,69523920386519;584,3138143313117;1027,048708664719;833,81;608,3012938717397;0,0;0,0;0,75;1047,4930108105;239,44946264289018;45,647518882526846;368,85183122884956;608,3012938717397;744,25;27,090125208185643;0,2;0,2;0,1;32,93083367229882;25,31875306973936;23,270538384087594;1,771372138446285;27,090125208185643;859,54;0,9076325357681381;0,0;0,2;0,0;1,028139080949925;0,513304113506291;76,59317008319158;0,39432842226184606;0,9076325357681381;1,265694500251974;34,469694500251975;1,636994474327151;35,53699447432715;4,259882732049839;4,259882732049837;5,152113522783289;5,152113522783289;3,132564350990962;29,73456435099096;-0,7682415608959431;30,731758439104055;9,25;973,9450847652932;417,85923688764564;42,90377798747696;8,054802497362415;931,43361;420,02494;42,76926;-0,22679000000000002;982,072;65,0;;0,1;0,45;42,835;1,050542780436558;9,35;8,760454;8,817423;99,3539041962714;11,187;16,171;12,097;26,9;44,97026022304833;31,78;30,38409;31,8312;30,419781;m3/s;6,458;m3/s;31,5;m3/s;4,984;m3/s;0,0;m3/s;26,602;m3/s;28,22;m3/s;33,9
23/07/2025;783,04;220,59158413770368;0,0;0,0;3,5;295,4563270203307;199,2041470748436;22,22021057078702;21,387437062860073;220,59158413770368;816,51;75,05430194366683;0,0;1,6;5,0;116,57235880689602;46,92300215469965;40,38989179676805;28,131299788967176;75,05430194366683;618,93;1024,1410178174265;0,2;1,0;33,0;1235,61353974347;442,7348943334073;73,32851336705207;581,4061234840192;1024,1410178174265;833,74;605,7591170593485;0,0;0,0;0,75;1047,4930108105;239,44946264289018;45,332909995647405;366,3096544164583;605,7591170593485;744,19;26,8495162318507;0,0;0,2;0,1;32,93083367229882;25,31875306973936;20,109655191993674;1,5307631621113411;26,8495162318507;858,86;0,8100652332910371;0,0;0,2;0,0;1,028139080949925;0,513304113506291;57,64198987071255;0,296761119784745;0,8100652332910371;0,9313150193522971;33,1813150193523;0,11687008517543501;33,81687008517544;4,326170748928906;4,326170748928906;5,026657263989705;5,026657263989705;3,50517388501223;28,81517388501223;-1,8175511860775582;29,68244881392244;9,25;973,9450847652932;415,8283912682855;42,69526052061695;6,074842368517437;929,06458;417,65592;42,52803;-0,24123000000000003;982,072;65,0;;0,0;0,45;42,835;1,050542780436558;9,35;8,786086;8,817423;99,64460137616172;9,58;14,56;11,987;26,9;44,561338289962826;30,81;30,402608;30,811700000000002;30,436821;m3/s;6,45;m3/s;31,5;m3/s;4,98;m3/s;0,0;m3/s;25,31;m3/s;27,27;m3/s;33,7
24/07/2025;783,06;220,96957855005937;0,0;0,0;3,5;295,4563270203307;199,2041470748436;22,61292314370721;21,765431475215763;220,96957855005937;816,52;75,121184007962;0,0;1,6;5,0;116,57235880689602;46,92300215469965;40,48591861957009;28,198181853262348;75,121184007962;618,88;1021,7225743273739;0,0;1,0;33,0;1235,61353974347;442,7348943334073;73,02349273065923;578,9876799939666;1021,7225743273739;833,68;603,5852311504104;0,0;0,0;0,75;1047,4930108105;239,44946264289018;45,06387920963745;364,13576850752025;603,5852311504104;744,14;26,650059510825603;0,0;0,2;0,1;32,93083367229882;25,31875306973936;17,4893897029757;1,331306441086244;26,650059510825603;858,4;0,7477621045178361;0,0;0,2;0,0;1,028139080949925;0,513304113506291;45,540416995318886;0,23445799101154502;0,7477621045178361;0,9449353281908551;33,034935328190855;0,9740979663793021;32,8740979663793;9,998755902169034;9,998755902169032;7,4892834613655275;7,4892834613655275;4,131473136283599;29,2914731362836;-2,750801027467598;28,7491989725324;9,25;973,9450847652932;414,0993818359983;42,5177341426586;9,408316755935685;927,07382;415,66515;42,32532;-0,20271000000000003;982,072;65,0;;0,0;0,45;42,835;1,050542780436558;9,35;8,809583;8,817423;99,91108513224329;13,54;18,53;12,052;26,9;44,80297397769517;29,45;30,362916;29,4703;30,39655;m3/s;6,38;m3/s;31,5;m3/s;4,99;m3/s;0,0;m3/s;25,16;m3/s;27,1;m3/s;31,9
25/07/2025;783,06;220,96957855005937;0,0;0,0;3,5;295,4563270203307;199,2041470748436;22,61292314370721;21,765431475215763;220,96957855005937;816,51;75,05430194366683;0,0;1,6;5,0;116,57235880689602;46,92300215469965;40,38989179676805;28,131299788967176;75,05430194366683;618,82;1018,82599264686;0,2;1,2;34,0;1235,61353974347;442,7348943334073;72,6581680120176;576,0910983134527;1018,82599264686;833,62;601,4160709519289;0,0;0,0;0,75;1047,4930108105;239,44946264289018;44,795433257262665;361,9666083090387;601,4160709519289;744,16;26,729727880272787;0,0;0,2;0,1;32,93083367229882;25,31875306973936;18,53599408890924;1,410974810533428;26,729727880272787;858,96;0,823998441364659;0,0;0,2;0,0;1,028139080949925;0,513304113506291;60,34833441890941;0,31069432785836704;0,823998441364659;1,416999999999998;33,528;1,359902033620699;31,3599020336207;5,451749068125945;5,451749068125945;5,643979184241164;5,643979184241164;2,494087609342408;32,52208760934241;-0,24133499019881202;31,258665009801188;9,25;973,9450847652932;411,86333957322165;42,28814807073797;8,420881217861862;924,99368;413,58501;42,11351;-0,21181000000000003;982,072;65,0;;0,0;0,45;42,835;1,050542780436558;9,35;8,8312;8,817423;100,15624746595462;10,915;15,892;12,006;26,9;44,63197026022305;30,31;30,3608;30,3763;30,39574;m3/s;6,313;m3/s;31,5;m3/s;4,977;m3/s;0,0;m3/s;30,028;m3/s;27,134;m3/s;30,0
26/07/2025;783,07;221,15869304886658;7,0;7,0;3,5;295,4563270203307;199,2041470748436;22,8094012898794;21,954545974022977;221,15869304886658;816,56;75,38909463743285;16,2;17,8;5,0;116,57235880689602;46,92300215469965;40,87057490693351;28,466092482733195;75,38909463743285;618,78;1016,8982977792621;8,4;9,6;32,0;1235,61353974347;442,7348943334073;72,41504191967583;574,1634034458548;1016,8982977792621;833,59;600,3332620898228;23,2;23,2;0,75;1047,4930108105;239,44946264289018;44,661429481777844;360,88379944693264;600,3332620898228;744,21;26,929566064388336;4,8;5,0;0,1;32,93083367229882;25,31875306973936;21,161270863413655;1,610812994648977;26,929566064388336;858,88;0,8128406437548321;3,8;4,0;0,0;1,028139080949925;0,513304113506291;58,18107727527947;0,29953653024854004;0,8128406437548321;3,50282521767609;35,62182521767609;2,462915437106703;34,9629154371067;15,719716810209572;15,719716810209572;20,71749002192073;20,71749002192073;3,9799419457818193;33,91294194578182;-0,8290411760396641;30,670958823960337;9,25;973,9450847652932;411,30443790368884;42,230762733692245;26,683230676703523;924,62346;413,21479;42,07581;-0,037700000000000004;982,072;65,0;;12,8;13,25;42,835;30,932648535076456;9,35;8,851153;8,817423;100,38253807263187;30,663;36,694;12,724;26,9;47,301115241635685;30,75;30,375769;30,8001;30,411292;m3/s;8,072;m3/s;31,5;m3/s;6,031;m3/s;0,0;m3/s;29,933;m3/s;26,088;m3/s;32,5
27/07/2025;783,08;221,34788574002454;0,0;7,0;3,5;295,4563270203307;199,2041470748436;23,005960673017636;22,143738665180933;221,34788574002454;816,59;75,59042972843352;0,4;18,2;5,0;116,57235880689602;46,92300215469965;41,15964447006827;28,667427573733868;75,59042972843352;618,73;1014,4924538244959;0,4;10,0;34,0;1235,61353974347;442,7348943334073;72,11161037076307;571,7575594910886;1014,4924538244959;833,54;598,531203443568;0,0;23,2;0,75;1047,4930108105;239,44946264289018;44,438414441271505;359,0817408006778;598,531203443568;744,21;26,929566064388336;0,0;5,0;0,1;32,93083367229882;25,31875306973936;21,161270863413655;1,610812994648977;26,929566064388336;859,34;0,8782411971185781;0,0;4,0;0,0;1,028139080949925;0,513304113506291;70,88428461344591;0,36493708361228705;0,8782411971185781;3,219730221735603;35,7347302217356;1,284267256952219;33,48426725695222;12,515583856873043;12,515583856873043;12,092839742420566;12,092839742420566;3,054999999999999;33,1;-1,691149150882562;31,308850849117437;9,25;973,9450847652932;409,89290703959256;42,08583352914306;16,596837221108387;923,27733;411,86866;41,93874;-0,13707;982,072;65,0;;0,1;13,35;42,835;31,16610248628458;9,35;8,869629;8,817423;100,59207775332997;19,652;26,013;12,981;26,9;48,25650557620818;30,53;30,381481;30,5519;30,4165;m3/s;8,488;m3/s;33,0;m3/s;6,361;m3/s;0,0;m3/s;30,045;m3/s;26,154;m3/s;32,2
28/07/2025;783,09;221,53715662157236;3,0;10,0;3,5;295,4563270203307;199,2041470748436;23,202601291084697;22,33300954672876;221,53715662157236;816,6;75,657618138113;3,4;21,6;5,0;116,57235880689602;46,92300215469965;41,256111132373555;28,73461598341334;75,657618138113;618,69;1012,5707949632779;2,6;12,6;32,0;1235,61353974347;442,7348943334073;71,86924555587717;569,8359006298706;1012,5707949632779;833,49;596,7324218025562;2,8;26,0;0,75;1047,4930108105;239,44946264289018;44,21580494886348;357,28295915966606;596,7324218025562;744,23;27,009768963977454;5,2;10,2;0,1;32,93083367229882;25,31875306973936;22,21489737864197;1,691015894238095;27,009768963977454;859,92;0,9651380382699961;5,0;9,0;0,0;1,028139080949925;0,513304113506291;87,7628664205241;0,45183392476370504;0,9651380382699961;3,361635203099851;35,91063520309985;0,46664363054946906;31,96664363054947;16,118577995161804;16,118577995161804;11,430768043845895;11,430768043845895;3,808274300799975;34,02827430079997;-2,465549523710437;30,534450476289564;9,25;973,9450847652932;408,35058468980816;41,92747528349761;15,259046877495216;921,9021;410,49343;41,79871;-0,14003000000000002;982,072;65,0;;3,6;16,95;42,835;39,57044472977705;9,35;8,886785;8,817423;100,78664707364045;19,067;25,427;13,198;26,9;49,0631970260223;29,54;30,351428;29,5287;30,384792;m3/s;8,29;m3/s;33,0;m3/s;6,36;m3/s;0,0;m3/s;30,22;m3/s;26,189;m3/s;31,5
29/07/2025;783,11;221,91593294833118;6,2;16,2;3,08;295,4563270203307;199,2041470748436;23,59612622420656;22,71178587348757;221,91593294833118;816,6;75,657618138113;7,4;29,0;5,0;116,57235880689602;46,92300215469965;41,256111132373555;28,73461598341334;75,657618138113;618,62;1009,2143345433287;3,2;15,8;33,0;1235,61353974347;442,7348943334073;71,44591968635355;566,4794402099214;1009,2143345433287;833,43;594,5782070461815;7,4;33,4;0,33;1047,4930108105;239,44946264289018;43,94920858023214;355,12874440329136;594,5782070461815;744,25;27,090125208185643;1,0;11,2;0,1;32,93083367229882;25,31875306973936;23,270538384087594;1,771372138446285;27,090125208185643;859,97;0,9728714778538621;0,4;9,4;0,0;1,028139080949925;0,513304113506291;89,26498653141431;0,45956736434757106;0,9728714778538621;1,963985263412157;36,02098526341216;1,204;32,704;0,5050784728108351;0,5050784728108351;6,896958838255795;6,896958838255795;3,973049122779972;32,53004912277997;-0,254692597408961;31,24530740259104;8,41;973,9450847652932;406,57514626019224;41,74518179925627;10,064944101667953;920,21475;408,80609;41,6269;-0,17182;982,072;65,0;;5,5;22,45;42,835;52,41041204622388;8,51;8,873793;8,817423;100,63930243564361;14,038;20,391;13,227;26,9;49,17100371747212;31,17;30,379655;31,1558;30,411379;m3/s;7,61;m3/s;31,5;m3/s;6,353;m3/s;0,0;m3/s;28,557;m3/s;27,704;m3/s;31,5
30/07/2025;783,13;222,29502201482467;0,0;16,2;3,0;295,4563270203307;199,2041470748436;23,989976074369114;23,090874939981063;222,29502201482467;816,58;75,52327968983407;0,0;29,0;5,0;116,57235880689602;46,92300215469965;41,0632328995569;28,600277535134417;75,52327968983407;618,57;1006,8218760374002;0,0;15,8;34,0;1235,61353974347;442,7348943334073;71,14417634646436;564,0869817039929;1006,8218760374002;833,37;592,428705667732;0,0;33,4;0,25;1047,4930108105;239,44946264289018;43,68319551901483;352,97924302484176;592,428705667732;744,25;27,090125208185643;0,0;11,2;0,1;32,93083367229882;25,31875306973936;23,270538384087594;1,771372138446285;27,090125208185643;859,5;0,9017068748327131;0,0;9,4;0,0;1,028139080949925;0,513304113506291;75,44218747514384;0,38840276132642204;0,9017068748327131;0,352604936267272;35,48760493626727;0,7151568486235561;32,21515684862356;12,674508033234769;12,674508033234767;6,871511823500008;6,871511823500008;3,4999999999999982;31,6;-1,398364386818854;30,101635613181145;8,25;973,9450847652932;404,67039549995724;41,54961114645155;7,939273608390835;918,23884;406,83017;41,4257;-0,20120000000000002;982,072;65,0;;0,0;22,45;42,835;52,41041204622388;8,35;8,856333;8,817423;100,44128539597114;11,439;17,804;13,167;26,9;48,94795539033457;30,91;30,397333;30,9253;30,42851;m3/s;7,105;m3/s;31,5;m3/s;6,365;m3/s;0,0;m3/s;28,1;m3/s;28,77;m3/s;31,5
31/07/2025;783,15;222,67442380785073;0,0;16,2;2,54;295,4563270203307;199,2041470748436;24,384150827856192;23,470276733007125;222,67442380785073;816,54;75,25506280317323;0,0;29,0;4,55;116,57235880689602;46,92300215469965;40,678136899316414;28,33206064847358;75,25506280317323;618,51;1003,9564317450859;0,0;15,8;32,0;1235,61353974347;442,7348943334073;70,78277875946888;561,2215374116786;1003,9564317450859;833,32;590,641052810747;0,0;33,4;0,25;1047,4930108105;239,44946264289018;43,46196327713397;351,1915901678569;590,641052810747;744,22;26,969648363488684;0,0;11,2;0,1;32,93083367229882;25,31875306973936;21,687832538113618;1,650895293749325;26,969648363488684;859,32;0,8753344210796;0,0;9,4;0,0;1,028139080949925;0,513304113506291;70,31968115354285;0,362030307573309;0,8753344210796;0,37922445632016205;33,79222445632016;0,47163788586993105;28,271637885869932;5,422135505620947;5,422135505620947;7,359573414526721;7,359573414526721;3,344592075266671;30,205592075266672;-2,733636733253618;28,76636326674638;7,34;973,9450847652932;402,9939275493376;41,37747947528821;8,210435756716816;916,41552;405,00685;41,24004;-0,18566000000000002;982,072;65,0;;0,0;22,45;42,835;52,41041204622388;7,44;8,810645;8,817423;99,92312946764605;11,555;18,142;13,115;26,9;48,7546468401487;29,08;30,354838;29,0716;30,384738;m3/s;6,807;m3/s;31,5;m3/s;6,587;m3/s;0,0;m3/s;26,861;m3/s;26,826;m3/s;27,8
01/08/2025;783,17;223,0541383153306;0,0;0,0;2,5;295,4563270203307;199,2041470748436;24,778650472118702;23,849991240486986;223,0541383153306;816,56;75,38909463743285;0,0;0,0;4,5;116,57235880689602;46,92300215469965;40,87057490693351;28,466092482733195;75,38909463743285;618,52;1004,4335890428629;0,0;0,0;32,0;1235,61353974347;442,7348943334073;70,84295912887842;561,6986947094556;1004,4335890428629;833,27;588,8566692200069;0,2;0,2;0,25;1047,4930108105;239,44946264289018;43,241135625606205;349,4072065771167;588,8566692200069;744,15;26,68987466514623;0,0;0,0;0,1;32,93083367229882;25,31875306973936;18,012441893295925;1,371121595406872;26,68987466514623;859,4;0,8869966378609551;0,0;0,0;0,0;1,028139080949925;0,513304113506291;72,58491516421273;0,37369252435466305;0,8869966378609551;1,8758438365724621;31,312843836572462;0,9232943780048181;29,123294378004818;43,887653909456155;43,887653909456155;7,79741214421108;7,79741214421108;3,943878491406796;28,361878491406795;-0,01042063910469;31,48957936089531;7,25;973,9450847652932;401,7232903003369;41,24701654992657;10,596550358788361;914,87677;403,4681;41,08335;-0,15668;982,072;62,5;;0,05;0,05;34,211627;0,14614914397377202;7,35;7,35;10,647228;69,03205228628522;14,54;20,905;14,54;22,8;63,771929824561404;31,35;31,35;31,3546;31,3546;m3/s;6,46;m3/s;31,5;m3/s;6,365;m3/s;0,0;m3/s;24,418;m3/s;23,072;m3/s;28,2
02/08/2025;783,16;222,86424197299473;0,0;0,0;2,5;295,4563270203307;199,2041470748436;24,581360039378993;23,66009489815113;222,86424197299473;816,58;75,52327968983407;0,2;0,2;4,5;116,57235880689602;46,92300215469965;41,0632328995569;28,600277535134417;75,52327968983407;618,47;1002,0494681086857;0,2;0,2;32,0;1235,61353974347;442,7348943334073;70,54226734609693;559,3145737752784;1002,0494681086857;833,22;587,0755530879674;0,0;0,2;0,25;1047,4930108105;239,44946264289018;43,02071234073764;347,6260904450772;587,0755530879674;744,15;26,68987466514623;0,0;0,0;0,1;32,93083367229882;25,31875306973936;18,012441893295925;1,371121595406872;26,68987466514623;858,53;0,7650739769012931;0,0;0,0;0,0;1,028139080949925;0,513304113506291;48,9030231658783;0,251769863395002;0,7650739769012931;1,221125667409063;29,778125667409064;1,746067736125251;28,24606773612525;10,77000770628252;10,77000770628252;6,135229953246199;6,135229953246199;2,124000000000001;31,6;-2,5751419092553443;28,924858090744657;7,25;973,9450847652932;399,88646287836275;41,05841993901839;9,102423356780514;912,91802;401,50935;40,8839;-0,19945000000000002;982,072;62,5;;0,05;0,1;34,211627;0,29229828794754403;7,35;7,35;10,647228;69,03205228628522;11,226;17,59;12,883;22,8;56,50438596491228;30,5;30,925;30,336;30,8453;m3/s;6,318;m3/s;31,5;m3/s;6,364;m3/s;0,0;m3/s;29,476;m3/s;22,193;m3/s;26,5
03/08/2025;783,15;222,67442380785073;0,0;0,0;2,5;295,4563270203307;199,2041470748436;24,384150827856192;23,470276733007125;222,67442380785073;816,58;75,52327968983407;0,2;0,4;4,5;116,57235880689602;46,92300215469965;41,0632328995569;28,600277535134417;75,52327968983407;618,41;999,1940145192202;0,2;0,4;32,0;1235,61353974347;442,7348943334073;70,18212981357597;556,4591201858129;999,1940145192202;833,16;584,9425242037894;0,0;0,2;0,25;1047,4930108105;239,44946264289018;42,75673784468294;345,4930615608992;584,9425242037894;744,14;26,650059510825603;0,0;0,0;0,1;32,93083367229882;25,31875306973936;17,4893897029757;1,331306441086244;26,650059510825603;858,89;0,8142304512260911;0,0;0,0;0,0;1,028139080949925;0,513304113506291;58,45102931023165;0,30092633771980004;0,8142304512260911;0,603030496018474;29,685030496018474;0,225999999999999;27,226;5,306768640445957;5,306768640445957;2,562165692384553;2,562165692384553;3,257176454622357;32,63917645462236;-1,904859324944471;31,09514067505553;7,25;973,9450847652932;397,5636158290407;40,81992116884576;3,3911961884030273;910,60452;399,19585;40,64833;-0,23557000000000003;982,072;62,5;;0,05;0,15;34,211627;0,438447431921317;7,35;7,35;10,647228;69,03205228628522;6,648;13,004;10,805;22,8;47,39035087719298;30,54;30,796666;30,5262;30,738933;m3/s;6,213;m3/s;33,0;m3/s;6,356;m3/s;0,0;m3/s;29,382;m3/s;22,726;m3/s;27,0
04/08/2025;783,14;222,4846838213025;0,0;0,0;2,5;295,4563270203307;199,2041470748436;24,18702283900888;23,280536746458893;222,4846838213025;816,58;75,52327968983407;0,0;0,4;4,5;116,57235880689602;46,92300215469965;41,0632328995569;28,600277535134417;75,52327968983407;618,35;996,3445427946281;0,0;0,4;32,0;1235,61353974347;442,7348943334073;69,82274673003758;553,6096484612208;996,3445427946281;833,1;582,8141946434372;0,0;0,2;0,25;1047,4930108105;239,44946264289018;42,493344916767285;343,364732000547;582,8141946434372;744,17;26,76961919029514;0,0;0,0;0,1;32,93083367229882;25,31875306973936;19,060046737654694;1,45086612055578;26,76961919029514;859,3;0,8724334760498681;0,0;0,0;0,0;1,028139080949925;0,513304113506291;69,7562102913874;0,359129362543577;0,8724334760498681;0,287935340876933;30,285935340876936;0,327999999999999;28,128;5,390003187590864;5,390003187590864;3,41655601444214;3,41655601444214;4,501792586452957;34,48379258645296;-1,943453879354431;31,056546120645567;7,25;973,9450847652932;395,2455462821403;40,581912929658536;4,032491355319073;908,46421;397,05554;40,43039;-0,21794000000000002;982,072;62,5;;0,0;0,15;34,211627;0,438447431921317;7,35;7,35;10,647228;69,03205228628522;8,534;14,904;10,237;22,8;44,89912280701754;30,36;30,6875;30,3829;30,649925;m3/s;6,116;m3/s;33,0;m3/s;6,37;m3/s;0,0;m3/s;29,982;m3/s;23,628;m3/s;27,8
05/08/2025;783,13;222,29502201482467;0,0;0,0;2,5;295,4563270203307;199,2041470748436;23,989976074369114;23,090874939981063;222,29502201482467;816,57;75,45616800022567;0,0;0,4;4,5;116,57235880689602;46,92300215469965;40,9668763891249;28,53316584552602;75,45616800022567;618,3;993,9745457128156;0,2;0,6000000000000001;32,0;1235,61353974347;442,7348943334073;69,52383628573034;551,2396513794083;993,9745457128156;833,039;580,6552070603715;0,0;0,2;0,25;1047,4930108105;239,44946264289018;42,2261578835979;341,2057444174813;580,6552070603715;744,19;26,8495162318507;0,0;0,0;0,1;32,93083367229882;25,31875306973936;20,109655191993674;1,5307631621113411;26,8495162318507;858,81;0,803151187145254;0,0;0,0;0,0;1,028139080949925;0,513304113506291;56,299026283737504;0,289847073638962;0,803151187145254;0,13884020280289902;30,2138402028029;0,141244333236159;27,44124433323616;10,926478219763066;10,926478219763066;2,56171778859133;2,56171778859133;2,615734277263442;32,52473427726344;-2,524078343803406;28,975921656196594;7,25;973,9450847652932;392,8297852029884;40,33387419349775;2,841802324630388;906,05906;394,6504;40,18548;-0,24491000000000002;982,072;62,5;;0,0;0,15;34,211627;0,438447431921317;7,35;7,35;10,647228;69,03205228628522;5,458;11,815;9,281;22,8;40,70614035087719;29,76;30,502;29,7778;30,4755;m3/s;6,038;m3/s;31,5;m3/s;6,357;m3/s;0,0;m3/s;29,909;m3/s;23,718;m3/s;27,3
06/08/2025;783,12;222,10543838996244;0,0;0,0;2,54;295,4563270203307;199,2041470748436;23,793010535542255;22,90129131511884;222,10543838996244;816,55;75,32205957919714;0,0;0,4;4,54;116,57235880689602;46,92300215469965;40,77432842102489;28,399057424497492;75,32205957919714;618,24;991,1360162892379;0,0;0,6000000000000001;33,0;1235,61353974347;442,7348943334073;69,16583327480176;548,4011219558306;991,1360162892379;832,98;578,5716205648303;0,0;0,2;0,27;1047,4930108105;239,44946264289018;41,96830216526858;339,1221579219401;578,5716205648303;744,25;27,090125208185643;0,0;0,0;0,1;32,93083367229882;25,31875306973936;23,270538384087594;1,771372138446285;27,090125208185643;858,89;0,8142304512260911;0,0;0,0;0,0;1,028139080949925;0,513304113506291;58,45102931023165;0,30092633771980004;0,8142304512260911;0,25574508261315504;30,205745082613156;0,287819201058695;26,587819201058696;6,496650190072792;6,496650190072792;2,454415560865438;2,454415560865438;4,524826114987772;34,384826114987774;-2,115767776842162;29,384232223157838;7,35;973,9450847652932;390,4225066615564;40,08670640353841;2,997979844537288;903,90347;392,49481;39,96599;-0,21949000000000002;982,072;62,5;;0,0;0,15;34,211627;0,438447431921317;7,45;7,366666;10,647228;69,18858129082987;7,523;13,873;8,988;22,8;39,421052631578945;29,25;30,293333;29,256;30,27225;m3/s;6,02;m3/s;31,5;m3/s;6,35;m3/s;0,0;m3/s;29,86;m3/s;23,6;m3/s;26,3
07/08/2025;783,11;221,91593294833118;0,0;0,0;3,0;295,4563270203307;199,2041470748436;23,59612622420656;22,71178587348757;221,91593294833118;816,589;75,58371299823892;0,0;0,4;5,0;116,57235880689602;46,92300215469965;41,15000083440896;28,66071084353927;75,58371299823892;618,18;988,303442054661;0,0;0,6000000000000001;33,0;1235,61353974347;442,7348943334073;68,80858134842254;545,5685477212537;988,303442054661;832,91;576,1054500094314;0,0;0,2;0,5;1047,4930108105;239,44946264289018;41,663099486404136;336,6559873665412;576,1054500094314;744,28;27,210947706542687;0,0;0,0;0,1;32,93083367229882;25,31875306973936;24,857785086604355;1,8921946368033282;27,210947706542687;859,19;0,856581968007451;0,0;0,0;0,0;1,028139080949925;0,513304113506291;66,67726091055457;0,34327785450116005;0,856581968007451;0,8276499811195731;30,646649981119573;0,7373960537242821;30,737396053724282;7,325575988693338;7,325575988693338;1,956359312512855;1,956359312512855;3,158408545799108;32,99840854579911;0,578979592376853;32,078979592376854;8,5;973,9450847652932;388,02848408356806;39,840899672190176;3,521405347356711;901,67263;390,26396;39,73883;-0,22716000000000003;982,072;62,5;;0,0;0,15;34,211627;0,438447431921317;8,6;7,542857;10,647228;70,84338759346564;6,68;13,79;8,658;22,8;37,973684210526315;31,52;30,468571;31,5888;30,460328;m3/s;6,07;m3/s;31,5;m3/s;7,11;m3/s;0,0;m3/s;29,84;m3/s;22,709;m3/s;30,0
08/08/2025;783,1;221,72650569161607;0,0;0,0;3,0;295,4563270203307;199,2041470748436;23,399323142112845;22,522358616772465;221,72650569161607;816,613;75,74502047163409;0,0;0,4;5,0;116,57235880689602;46,92300215469965;41,38160020753839;28,82201831693444;75,74502047163409;618,12;985,4768135936465;0,0;0,6000000000000001;33,0;1235,61353974347;442,7348943334073;68,4520793190921;542,7419192602392;985,4768135936465;832,85;573,9966658655948;0,0;0,2;0,5;1047,4930108105;239,44946264289018;41,4021254153137;334,5472032227046;573,9966658655948;744,28;27,210947706542687;0,0;0,0;0,1;32,93083367229882;25,31875306973936;24,857785086604355;1,8921946368033282;27,210947706542687;858,32;0,7372233685061561;0,0;0,0;0,0;1,028139080949925;0,513304113506291;43,49340451984357;0,223919254999864;0,7372233685061561;0,337554899130712;30,100554899130714;0,140984645777421;29,140984645777422;7,7733928123324105;7,7733928123324105;5,092776113002301;5,092776113002301;2,3070000000000013;31,6;-2,596465272005738;28,903534727994263;8,5;973,9450847652932;385,89158015641146;39,621492648058876;5,571315657910435;899,41636;388,00769;39,50909;-0,22975;982,072;62,5;;0,0;0,15;34,211627;0,438447431921317;8,6;7,675;10,647228;72,08448997241348;7,878;15,367;8,561;22,8;37,54824561403509;30,28;30,445;30,285;30,438412;m3/s;6,038;m3/s;31,5;m3/s;7,489;m3/s;0,0;m3/s;29,293;m3/s;22,274;m3/s;29,0
09/08/2025;783,11;221,91593294833118;0,2;0,2;3,04;295,4563270203307;199,2041470748436;23,59612622420656;22,71178587348757;221,91593294833118;816,62;75,79211015863625;0,8;1,2;5,04;116,57235880689602;46,92300215469965;41,44920985860423;28,869108003936596;75,79211015863625;618,07;983,1258249923121;0,4;1,0;33,0;1235,61353974347;442,7348943334073;68,15556627577278;540,3909306589048;983,1258249923121;832,8;572,2429226389993;0,2;0,4;0,5;1047,4930108105;239,44946264289018;41,18508968369102;332,7934599961091;572,2429226389993;744,25;27,090125208185643;0,0;0,0;0,1;32,93083367229882;25,31875306973936;23,270538384087594;1,771372138446285;27,090125208185643;858,31;0,735912154219848;0,2;0,2;0,0;1,028139080949925;0,513304113506291;43,23871818942234;0,22260804071355703;0,735912154219848;0,6164451008692831;30,891445100869284;0,131019525487918;28,23101952548792;13,418483780851934;13,418483780851934;8,302045988478302;8,302045988478302;4,542591454200892;30,20159145420089;-0,08457609127670901;31,41542390872329;8,58;973,9450847652932;384,3743538735333;39,46571114593817;9,049510614835503;897,777;386,36833;39,34216;-0,16693000000000002;982,072;62,5;;0,30000000000000004;0,45;34,211627;1,315342295763951;8,68;7,786666;10,647228;73,13326999290332;13,592;21,221;9,12;22,8;40,0;31,41;30,552222;31,4306;30,548655;m3/s;6,064;m3/s;31,5;m3/s;7,629;m3/s;0,0;m3/s;25,659;m3/s;22,646;m3/s;28,1
10/08/2025;783,12;222,10543838996244;0,0;0,2;3,5;295,4563270203307;199,2041470748436;23,793010535542255;22,90129131511884;222,10543838996244;816,62;75,79211015863625;0,0;1,2;5,5;116,57235880689602;46,92300215469965;41,44920985860423;28,869108003936596;75,79211015863625;618,0;979,8413563279901;0,0;1,0;30,0;1235,61353974347;442,7348943334073;67,74132020125234;537,1064619945828;979,8413563279901;832,74;570,1427200948151;0,0;0,4;0,5;1047,4930108105;239,44946264289018;40,92517763452649;330,6932574519249;570,1427200948151;744,18;26,8095486293958;0,0;0,0;0,1;32,93083367229882;25,31875306973936;19,584600288588387;1,4907955596564402;26,8095486293958;858,2;0,721578455197274;0,0;0,2;0,0;1,028139080949925;0,513304113506291;40,45458348044044;0,20827434169098302;0,721578455197274;2,42535001888043;32,69735001888043;0,14199999999999902;28,142;-0,38468361483852204;-0,38468361483852204;4,192100183053412;4,192100183053412;2,848585893636058;29,85258589363606;-3,871799294242752;29,128200705757248;9,5;973,9450847652932;382,4636567709804;39,269529951285556;6,759450201933841;895,5714;384,16273;39,11757;-0,22459;982,072;62,5;;0,0;0,45;34,211627;1,315342295763951;9,6;7,968;10,647228;74,83637994790757;9,608;17,238;9,169;22,8;40,21491228070175;29,27;30,424;29,2941;30,4232;m3/s;5,94;m3/s;33,0;m3/s;7,63;m3/s;0,0;m3/s;27,004;m3/s;22,642;m3/s;28,0
11/08/2025;783,11;221,91593294833118;0,0;0,2;3,5;295,4563270203307;199,2041470748436;23,59612622420656;22,71178587348757;221,91593294833118;816,62;75,79211015863625;0,0;1,2;5,5;116,57235880689602;46,92300215469965;41,44920985860423;28,869108003936596;75,79211015863625;617,94;977,0325086917728;0,0;1,0;33,0;1235,61353974347;442,7348943334073;67,38706073765378;534,2976143583655;977,0325086917728;832,68;568,047193574825;0,0;0,4;0,5;1047,4930108105;239,44946264289018;40,66584427003863;328,5977309319348;568,047193574825;744,17;26,76961919029514;0,0;0,0;0,1;32,93083367229882;25,31875306973936;19,060046737654694;1,45086612055578;26,76961919029514;859,9;0,9620557306625731;0,0;0,2;0,0;1,028139080949925;0,513304113506291;87,16416823521466;0,44875161715628104;0,9620557306625731;0,336649981119573;29,966649981119573;0,5;27,5;8,120189395633663;8,120189395633663;3,246220833447566;3,246220833447566;3,977853714112722;32,63785371411272;0,6128017993668771;33,61280179936688;9,5;973,9450847652932;380,178624809359;39,03491385255839;4,08287081456714;893,48691;382,07824;38,90532;-0,21225000000000002;982,072;62,5;;0,0;0,45;34,211627;1,315342295763951;9,6;8,116363;10,647228;76,22982244768309;8,061;15,691;9,068;22,8;39,771929824561404;30,82;30,46;30,8295;30,460136;m3/s;5,87;m3/s;33,0;m3/s;7,63;m3/s;0,0;m3/s;28,66;m3/s;22,0;m3/s;27,0
12/08/2025;783,09;221,53715662157236;0,0;0,2;3,5;295,4563270203307;199,2041470748436;23,202601291084697;22,33300954672876;221,53715662157236;816,65;75,9941365197583;0,0;1,2;5,5;116,57235880689602;46,92300215469965;41,73927192210741;29,071134365058647;75,9941365197583;617,87;973,7629863175098;0,0;1,0;32,0;1235,61353974347;442,7348943334073;66,9746997296748;531,0280919841025;973,7629863175098;832,609;565,5735229549467;0,0;0,4;0,5;1047,4930108105;239,44946264289018;40,35971341539747;326,12406031205654;565,5735229549467;744,22;26,969648363488684;0,0;0,0;0,1;32,93083367229882;25,31875306973936;21,687832538113618;1,650895293749325;26,969648363488684;859,09;0,842322629762234;0,0;0,2;0,0;1,028139080949925;0,513304113506291;63,907569815945905;0,32901851625594203;0,842322629762234;0,261014736587841;31,336014736587842;0,283268068542261;31,283268068542263;1,788305853437123;1,788305853437123;2,869553010668422;2,869553010668422;1,695152467517889;33,91515246751789;-1,089399778939109;30,41060022106089;9,5;973,9450847652932;377,52820422384394;38,76278140618398;3,4138358157985262;890,91679;379,50812;38,64361;-0,2617;982,072;62,5;;0,0;0,45;34,211627;1,315342295763951;9,6;8,24;10,647228;77,39103548829799;5,109;12,739;8,738;22,8;38,324561403508774;31,75;30,5675;31,7964;30,571491;m3/s;5,86;m3/s;31,5;m3/s;7,63;m3/s;0,0;m3/s;32,22;m3/s;23,445;m3/s;31,0
13/08/2025;783,084;221,42358470990274;0,0;0,2;3,5;295,4563270203307;199,2041470748436;23,08460717216298;22,219437635059137;221,42358470990274;816,63;75,85941381322463;0,0;1,2;5,5;116,57235880689602;46,92300215469965;41,54584198533654;28,93641165852498;75,85941381322463;617,8;970,501490585506;0,0;1,0;32,0;1235,61353974347;442,7348943334073;66,56335106353471;527,7665962520987;970,501490585506;832,541;563,2105022974041;0,0;0,4;0,5;1047,4930108105;239,44946264289018;40,06727612499385;323,7610396545139;563,2105022974041;744,3;27,291688536547444;0,0;0,0;0,1;32,93083367229882;25,31875306973936;25,918478400566492;1,9729354668080852;27,291688536547444;858,01;0,69720617110768;0,0;0,2;0,0;1,028139080949925;0,513304113506291;35,720584115437596;0,183902057601389;0,69720617110768;0,20351028160157703;33,68351028160158;0,39270941511961505;29,792709415119614;1,8792068055113091;1,8792068055113091;2,550223871034489;2,550223871034489;3,829316817809715;35,32731681780972;-1,699188641835114;29,800811358164886;9,5;973,9450847652932;374,91688894809806;38,494664105055534;3,146443567755682;888,4824;377,07373;38,39573;-0,24788000000000002;982,072;62,5;;0,0;0,45;34,211627;1,315342295763951;9,6;8,344615;10,647228;78,37359169917278;6,976;14,604;8,603;22,8;37,73245614035088;31,48;30,637692;31,4804;30,641407;m3/s;5,744;m3/s;31,5;m3/s;7,628;m3/s;0,0;m3/s;31,498;m3/s;25,852;m3/s;29,4
14/08/2025;783,08;221,34788574002454;0,0;0,2;3,5;295,4563270203307;199,2041470748436;23,005960673017636;22,143738665180933;221,34788574002454;816,61;75,72484494087526;0,0;1,2;5,5;116,57235880689602;46,92300215469965;41,352632918063506;28,801842786175605;75,72484494087526;617,74;967,7123000337742;0,0;1,0;31,0;1235,61353974347;442,7348943334073;66,21157080461639;524,977405700367;967,7123000337742;832,475;560,9227117394767;0,0;0,4;0,5;1047,4930108105;239,44946264289018;39,784148988700835;321,47324909658647;560,9227117394767;744,36;27,534838133625357;0,0;0,0;0,1;32,93083367229882;25,31875306973936;29,112737759777136;2,216085063885998;27,534838133625357;857,79;0,6695937153879651;0,0;0,2;0,0;1,028139080949925;0,513304113506291;30,357223530817258;0,156289601881674;0,6695937153879651;0,250854515298572;34,17885451529857;0,357489903363696;30,157489903363697;6,430701947549359;6,430701947549359;3,820942616580428;3,820942616580428;2,859231447661032;34,41423144766103;-0,8824886078670681;30,617511392132933;9,5;973,9450847652932;372,418830547943;38,23817547553932;4,429287035242697;886,19987;374,79121;38,16331;-0,23242000000000002;982,072;62,5;;0,0;0,45;34,211627;1,315342295763951;9,6;8,434285;10,647228;79,21578273706545;7,289;15,002;8,509;22,8;37,32017543859649;30,97;30,661428;30,9371;30,662528000000002;m3/s;5,702;m3/s;31,5;m3/s;7,713;m3/s;0,0;m3/s;31,555;m3/s;26,215;m3/s;29,8
15/08/2025;783,09;221,53715662157236;0,0;0,2;3,5;295,4563270203307;199,2041470748436;23,202601291084697;22,33300954672876;221,53715662157236;816,59;75,59042972843352;0,0;1,2;5,5;116,57235880689602;46,92300215469965;41,15964447006827;28,667427573733868;75,59042972843352;617,67;964,4656712580472;0,0;1,0;32,0;1235,61353974347;442,7348943334073;65,80209719922651;521,7307769246399;964,4656712580472;832,405;558,5024292823914;0,0;0,4;0,5;1047,4930108105;239,44946264289018;39,484625223852554;319,0529666395012;558,5024292823914;744,4;27,697713317301183;0,0;0,0;0,1;32,93083367229882;25,31875306973936;31,25243112588602;2,378960247561824;27,697713317301183;858,21;0,7228747347883121;0,0;0,2;0,0;1,028139080949925;0,513304113506291;40,70636894044414;0,20957062128202103;0,7228747347883121;0,564635203099848;36,00063520309985;0,7602683745169221;31,760268374516922;2,043278058715233;2,043278058715233;3,487471561513313;3,487471561513313;3,175129440692433;33,48512944069243;1,187378465281796;32,687378465281796;9,5;973,9450847652932;370,0534037599638;37,99530482246249;4,812375139130084;884,0506;372,64193;37,94446;-0,21885000000000002;982,072;62,5;;0,0;0,45;34,211627;1,315342295763951;9,6;8,512;10,647228;79,9456910286884;7,9879999999999995;15,608;8,474;22,8;37,166666666666664;32,08;30,756;32,0707;30,756406;m3/s;5,59;m3/s;31,5;m3/s;7,62;m3/s;0,0;m3/s;30,31;m3/s;27,816;m3/s;31,0
16/08/2025;783,1;221,72650569161607;0,0;0,2;3,1;295,4563270203307;199,2041470748436;23,399323142112845;22,522358616772465;221,72650569161607;816,57;75,45616800022567;0,0;1,2;5,5;116,57235880689602;46,92300215469965;40,9668763891249;28,53316584552602;75,45616800022567;617,61;961,6892017091159;0,0;1,0;32,0;1235,61353974347;442,7348943334073;65,45192134759975;518,9543073757086;961,6892017091159;832,34;556,2606990825473;0,0;0,4;0,67;1047,4930108105;239,44946264289018;39,207198319705164;316,8112364396571;556,2606990825473;744,41;27,73852937568761;0,0;0,0;0,1;32,93083367229882;25,31875306973936;31,78863220568938;2,41977630594825;27,73852937568761;857,54;0,639005091736316;0,0;0,2;0,0;1,028139080949925;0,513304113506291;24,415781013123915;0,12570097823002502;0,639005091736316;0,301540162542873;34,49154016254287;0,526044812409186;30,726044812409185;7,274935776257578;7,274935776257578;4,92404861291503;4,92404861291503;2,872408083176226;32,07240808317623;-1,699713461249948;29,80028653875005;9,27;973,9450847652932;367,86676090195556;37,770790843983384;5,75163358786709;881,82091;370,41224;37,71742;-0,22704000000000002;982,072;62,5;;0,0;0,45;34,211627;1,315342295763951;9,37;8,565625;10,647228;80,44934324689957;8,624;16,034;8,483;22,8;37,20614035087719;30,84;30,76125;30,771;30,757318;m3/s;5,54;m3/s;31,5;m3/s;7,41;m3/s;0,0;m3/s;29,2;m3/s;26,78;m3/s;30,2
17/08/2025;783,11;221,91593294833118;0,0;0,2;3,0;295,4563270203307;199,2041470748436;23,59612622420656;22,71178587348757;221,91593294833118;816,539;75,24836523022985;0,0;1,2;5,5;116,57235880689602;46,92300215469965;40,66852076893803;28,3253630755302;75,24836523022985;617,54;958,4573883195408;0,0;1,0;32,0;1235,61353974347;442,7348943334073;65,04431629879639;515,7224939861335;958,4573883195408;832,28;554,1962559292494;0,0;0,4;0,75;1047,4930108105;239,44946264289018;38,951711699215544;314,74679328635926;554,1962559292494;744,41;27,73852937568761;0,0;0,0;0,1;32,93083367229882;25,31875306973936;31,78863220568938;2,41977630594825;27,73852937568761;858,53;0,7650739769012931;0,0;0,2;0,0;1,028139080949925;0,513304113506291;48,9030231658783;0,251769863395002;0,7650739769012931;0,442445100869282;34,56244510086928;0,594875347270569;29,59487534727057;2,214752435473282;2,214752435473282;5,855982022016018;5,855982022016018;3,73;33,1;-1,5189693846646222;31,481030615335378;9,25;973,9450847652932;365,783942235377;37,5569370344454;6,893302470155871;879,86416;368,45549;37,51817;-0,19925;982,072;62,5;;0,0;0,45;34,211627;1,315342295763951;9,35;8,611764;10,647228;80,88268608505425;10,623;18,243;8,609;22,8;37,75877192982456;30,02;30,717647;30,0219;30,714058;m3/s;5,5;m3/s;33,0;m3/s;7,62;m3/s;0,0;m3/s;29,37;m3/s;26,5;m3/s;29,0
18/08/2025;783,12;222,10543838996244;0,0;0,2;3,0;295,4563270203307;199,2041470748436;23,793010535542255;22,90129131511884;222,10543838996244;816,5;74,98745807136874;0,0;1,2;5,5;116,57235880689602;46,92300215469965;40,29391980863915;28,064455916669083;74,98745807136874;617,48;955,6935955740046;0,0;1,0;32,0;1235,61353974347;442,7348943334073;64,69573927991264;512,9587012405973;955,6935955740046;832,22;552,1364614074596;0,0;0,4;0,75;1047,4930108105;239,44946264289018;38,69680037340139;312,6869987645694;552,1364614074596;744,4;27,697713317301183;0,0;0,0;0,1;32,93083367229882;25,31875306973936;31,25243112588602;2,378960247561824;27,697713317301183;859,66;0,925553574118627;0,0;0,2;0,0;1,028139080949925;0,513304113506291;80,07409882419661;0,41224946061233503;0,925553574118627;1,05935001888043;34,75235001888043;0,569241216885232;28,56924121688523;7,6156580377755425;7,6156580377755425;4,909785627432246;4,909785627432246;3,068591916823773;32,627591916823775;0,48180274557099106;33,48180274557099;9,25;973,9450847652932;363,65274599635734;37,33811604829778;6,538376863197909;877,85262;366,44396;37,31335;-0,20483;982,072;62,5;;0,0;0,45;34,211627;1,315342295763951;9,35;8,652777;10,647228;81,26788493681173;9,607;17,211;8,665;22,8;38,00438596491228;31,6;30,766666;31,6244;30,764633;m3/s;5,497;m3/s;33,0;m3/s;7,604;m3/s;0,0;m3/s;29,559;m3/s;26,089;m3/s;28,0
19/08/2025;783,124;222,1812624580121;0,0;0,2;3,0;295,4563270203307;199,2041470748436;23,87178700387014;22,977115383168496;222,1812624580121;816,44;74,58719558927714;0,0;1,2;5,5;116,57235880689602;46,92300215469965;39,71923756987799;27,66419343457749;74,58719558927714;617,41;952,4765460016206;0,0;1,0;33,0;1235,61353974347;442,7348943334073;64,28999628367895;509,7416516682133;952,4765460016206;832,16;550,08131180814;0,0;0,4;0,75;1047,4930108105;239,44946264289018;38,44246388324809;310,6318491652498;550,08131180814;744,42;27,77938441184562;0,0;0,0;0,1;32,93083367229882;25,31875306973936;32,32534533697537;2,460631342106261;27,77938441184562;858,75;0,7949003580985841;0,0;0,2;0,0;1,028139080949925;0,513304113506291;54,69640999532983;0,28159624459229204;0,7949003580985841;0,18759338020435;33,80259338020435;0,37233238319917505;26,872332383199176;3,375629949259434;3,375629949259434;3,463546304170904;3,463546304170904;2,620267297968009;32,54526729796801;-0,35219000023198105;31,147809999768022;9,25;973,9450847652932;361,27315798299577;37,093791388665146;4,02347206757443;875,42405;364,01539;37,06606;-0,24729;982,072;62,5;;0,0;0,45;34,211627;1,315342295763951;9,35;8,689473;10,647228;81,61253802398146;6,644;14,254;8,558;22,8;37,53508771929825;32,65;30,865789;32,66;30,864389;m3/s;5,506;m3/s;31,5;m3/s;7,61;m3/s;0,0;m3/s;29,925;m3/s;26,005;m3/s;26,5
20/08/2025;783,14;222,4846838213025;0,0;0,2;3,0;295,4563270203307;199,2041470748436;24,18702283900888;23,280536746458893;222,4846838213025;816,46;74,7204640457258;0,0;1,2;5,5;116,57235880689602;46,92300215469965;39,91057954754213;27,797461891026153;74,7204640457258;617,35;949,725385856349;0,0;1,0;33,0;1235,61353974347;442,7348943334073;63,943012522519794;506,99049152294174;949,725385856349;832,09;547,6895029512956;0,0;0,4;0,75;1047,4930108105;239,44946264289018;38,146463888907654;308,2400403084054;547,6895029512956;744,42;27,77938441184562;0,0;0,0;0,1;32,93083367229882;25,31875306973936;32,32534533697537;2,460631342106261;27,77938441184562;857,95;0,689610895647292;0,0;0,2;0,0;1,028139080949925;0,513304113506291;34,24530058951441;0,176306782141001;0,689610895647292;0,44082133437958904;33,8718213343796;0,6034589866743231;32,863458986674324;8,767868688986464;8,767868688986464;5,327027119856901;5,327027119856901;4,24;31,6;-1,807328037630691;29,69267196236931;9,25;973,9450847652932;359,31803894589046;36,893049163288396;6,3713074409108135;873,36365;361,95498;36,85626;-0,20980000000000001;982,072;62,5;;0,0;0,45;34,211627;1,315342295763951;9,35;8,7225;10,647228;81,92273143770379;10,611;18,221;8,661;22,8;37,98684210526316;30,91;30,868;30,9113;30,866735;m3/s;5,37;m3/s;31,5;m3/s;7,61;m3/s;0,0;m3/s;27,36;m3/s;25,821;m3/s;32,26
21/08/2025;783,16;222,86424197299473;0,0;0,2;3,0;295,4563270203307;199,2041470748436;24,581360039378993;23,66009489815113;222,86424197299473;816,48;74,85388481164195;0,0;1,2;5,5;116,57235880689602;46,92300215469965;40,10214020557146;27,930882656942295;74,85388481164195;617,28;946,5230485345237;0,0;1,0;33,0;1235,61353974347;442,7348943334073;63,53912507513254;503,7881542011164;946,5230485345237;832,02;545,3040052701887;0,0;0,4;0,77;1047,4930108105;239,44946264289018;37,851244938578006;305,8545426272985;545,3040052701887;744,39;27,6569362002211;0,0;0,0;0,1;32,93083367229882;25,31875306973936;30,716741618520953;2,338183130481741;27,6569362002211;858,34;0,73984987913402;0,0;0,2;0,0;1,028139080949925;0,513304113506291;44,00357006685483;0,22654576562772802;0,73984987913402;1,001034163104597;34,533034163104595;1,076221827733128;32,97622182773313;3,535910627021698;3,535910627021698;5,060073135336498;5,060073135336498;3,042775328419917;30,18277532841992;-0,7306302837184291;30,76936971628157;9,27;973,9450847652932;357,4455201823919;36,700787936984256;7,137329126174224;871,41892;360,01025;36,65823;-0,19802000000000003;982,072;62,5;;0,0;0,45;34,211627;1,315342295763951;9,37;8,753333;10,647228;82,21231854901576;10,18;17,78;8,733;22,8;38,30263157894737;30,21;30,836666;30,1879;30,834409;m3/s;5,23;m3/s;31,5;m3/s;7,6;m3/s;0,0;m3/s;27,14;m3/s;25,932;m3/s;31,9
22/08/2025;783,18;223,24411283352524;0,0;0,2;3,0;295,4563270203307;199,2041470748436;24,976022124690353;24,03996575868163;223,24411283352524;816,48;74,85388481164195;0,0;1,2;5,5;116,57235880689602;46,92300215469965;40,10214020557146;27,930882656942295;74,85388481164195;617,1;938,3247092468664;0,0;1,0;33,0;1235,61353974347;442,7348943334073;62,505128342452565;495,5898149134591;938,3247092468664;831,96;543,2643115730897;0,0;0,4;1,0;1047,4930108105;239,44946264289018;37,598821204520064;303,8148489301995;543,2643115730897;744,37;27,575498644605464;0,0;0,0;0,1;32,93083367229882;25,31875306973936;29,64689541131902;2,256745574866105;27,575498644605464;858,01;0,69720617110768;0,0;0,2;0,0;1,028139080949925;0,513304113506291;35,720584115437596;0,183902057601389;0,69720617110768;1,433653478362297;34,58165347836229;1,355;31,255;-54,49518619973715;-54,49518619973715;7,292434061354367;7,292434061354367;3,472435698893098;30,6574356988931;-1,577461435490042;29,922538564509956;9,5;973,9450847652932;355,78569734582345;36,53036530612634;10,081087539716666;869,63501;358,22634;36,47659;-0,18165;982,072;62,5;;0,0;0,45;34,211627;1,315342295763951;9,6;8,791818;10,647228;82,57377413163313;13,554;20,947;8,952;22,8;39,26315789473684;30,46;30,819545;30,4161;30,815395;m3/s;5,215;m3/s;31,5;m3/s;7,393;m3/s;0,0;m3/s;27,185;m3/s;25,755;m3/s;29,9
23/08/2025;783,19;223,434165526319;0,0;0,2;3,0;295,4563270203307;199,2041470748436;25,17347499578521;24,230018451475388;223,434165526319;816,52;75,121184007962;0,0;1,2;5,5;116,57235880689602;46,92300215469965;40,48591861957009;28,198181853262348;75,121184007962;617,07;936,9633804855403;0,0;1,0;33,0;1235,61353974347;442,7348943334073;62,33343387581422;494,228486152133;936,9633804855403;831,895;541,0598664201409;0,0;0,4;1,0;1047,4930108105;239,44946264289018;37,326008537684494;301,6104037772507;541,0598664201409;744,34;27,453633464934974;0,0;0,0;0,1;32,93083367229882;25,31875306973936;28,045950991083714;2,134880395195615;27,453633464934974;857,74;0,663408905021998;0,0;0,2;0,0;1,028139080949925;0,513304113506291;29,155904514613333;0,15010479151570602;0,663408905021998;1,081683944372179;32,81968394437218;0,533740698148761;32,733740698148765;24,841880077243644;24,841880077243644;7,685588507537286;7,685588507537286;2,569523383443407;30,189523383443408;-2,459272061176882;29,040727938823117;9,5;973,9450847652932;354,0386040819884;36,35098216726527;9,301013150058228;867,73226;356,32359;36,28284;-0,19375;982,072;62,5;;0,0;0,45;34,211627;1,315342295763951;9,6;8,826956;10,647228;82,90379430214136;11,871;19,469;9,079;22,8;39,82017543859649;29,43;30,75913;29,4319;30,755243;m3/s;5,099;m3/s;31,5;m3/s;7,598;m3/s;0,0;m3/s;27,62;m3/s;24,14;m3/s;32,2
24/08/2025;783,21;223,81450543100274;0,0;0,2;3,0;295,4563270203307;199,2041470748436;25,568624388660428;24,61035835615914;223,81450543100274;816,56;75,38909463743285;0,0;1,2;5,5;116,57235880689602;46,92300215469965;40,87057490693351;28,466092482733195;75,38909463743285;617,0;933,7925559373107;0,2;1,2;33,0;1235,61353974347;442,7348943334073;61,93352090469495;491,0576616039034;933,7925559373107;831,83;538,860848415445;0,0;0,4;1,0;1047,4930108105;239,44946264289018;37,053867511414;299,41138577255487;538,860848415445;744,29;27,251298848260024;0,0;0,0;0,1;32,93083367229882;25,31875306973936;25,387878550193932;1,9325457785206661;27,251298848260024;858,45;0,7543931515255481;0,0;0,2;0,0;1,028139080949925;0,513304113506291;46,8284116784769;0,24108903801925702;0,7543931515255481;1,12708223013601;34,61508223013601;2,2908174707274;34,4908174707274;3,898641802898439;3,898641802898439;7,748402723427567;7,748402723427567;3,545164158854746;30,75816415885475;-2,925841591394086;30,074158408605914;9,5;973,9450847652932;352,48783661144716;36,19175681721231;11,16630242429098;866,07014;354,66147;36,11359;-0,16925;982,072;62,5;;0,0;0,45;34,211627;1,315342295763951;9,6;8,859166;10,647228;83,20631435712657;14,711;22,309;9,314;22,8;40,85087719298246;29,0;30,685833;29,0211;30,682987;m3/s;4,987;m3/s;33,0;m3/s;7,598;m3/s;0,0;m3/s;27,213;m3/s;25,89;m3/s;32,2
25/08/2025;783,22;224,00479264072908;0,0;0,2;3,0;295,4563270203307;199,2041470748436;25,766320908192874;24,800645565885475;224,00479264072908;816,58;75,52327968983407;0,0;1,2;5,5;116,57235880689602;46,92300215469965;41,0632328995569;28,600277535134417;75,52327968983407;616,92;930,1783565771766;0,0;1,2;33,0;1235,61353974347;442,7348943334073;61,477688302687504;487,4434622437693;930,1783565771766;831,76;536,4987389088449;0,0;0,4;1,0;1047,4930108105;239,44946264289018;36,76154298113878;297,0492762659547;536,4987389088449;744,24;27,049927900597474;0,0;0,0;0,1;32,93083367229882;25,31875306973936;22,742465841415708;1,731174830858115;27,049927900597474;859,96;0,9713216173765831;0,0;0,2;0,0;1,028139080949925;0,513304113506291;88,96394628059859;0,45801750387029105;0,9713216173765831;0,21239826072147303;32,31239826072147;0,5530677361252501;31,55306773612525;-1,231011112662964;-1,231011112662964;4,660769599534987;4,660769599534987;3,659317735387151;30,76931773538715;-0,409353867464879;32,59064613253512;9,5;973,9450847652932;350,4501993669746;35,982542018929955;5,42623559638171;864,04806;352,63939;35,90769;-0,2059;982,072;62,5;;0,0;0,45;34,211627;1,315342295763951;9,6;8,8888;10,647228;83,48464032140572;9,086;16,686;9,305;22,8;40,81140350877193;30,1;30,6624;30,0799;30,658864;m3/s;4,9;m3/s;33,0;m3/s;7,6;m3/s;0,0;m3/s;27,11;m3/s;24,5;m3/s;31,0
26/08/2025;783,23;224,19515802072112;0,0;0,2;3,0;295,4563270203307;199,2041470748436;25,964098641746396;24,99101094587752;224,19515802072112;816,58;75,52327968983407;0,0;1,2;5,5;116,57235880689602;46,92300215469965;41,0632328995569;28,600277535134417;75,52327968983407;616,85;927,0243154638447;0,0;1,2;33,0;1235,61353974347;442,7348943334073;61,0798921037874;484,2894211304374;927,0243154638447;831,69;534,1429116224609;0,0;0,4;1,0;1047,4930108105;239,44946264289018;36,46999591146336;294,69344897957075;534,1429116224609;744,24;27,049927900597474;0,0;0,0;0,1;32,93083367229882;25,31875306973936;22,742465841415708;1,731174830858115;27,049927900597474;859,44;0,8928629894163731;0,0;0,2;0,0;1,028139080949925;0,513304113506291;73,7243776961667;0,37955887591008103;0,8928629894163731;1,309303009167183;34,97330300916718;1,253999999999997;31,854;3,804894521621371;3,804894521621371;4,3334804816673405;4,3334804816673405;1,83;31,6;-2,795885971761691;28,70411402823831;9,5;973,9450847652932;348,2847374605827;35,76020279875578;6,8967834908345225;861,80414;350,39547;35,6792;-0,22849000000000003;982,072;62,5;;0,0;0,45;34,211627;1,315342295763951;9,6;8,916153;10,647228;83,74154286918623;8,727;16,037;9,283;22,8;40,71491228070175;29,67;30,62423;29,6122;30,618607;m3/s;4,79;m3/s;31,5;m3/s;7,31;m3/s;0,0;m3/s;29,77;m3/s;26,354;m3/s;30,6
27/08/2025;783,23;224,19515802072112;3,6;3,8;3,0;295,4563270203307;199,2041470748436;25,964098641746396;24,99101094587752;224,19515802072112;816,59;75,59042972843352;4,0;5,2;5,5;116,57235880689602;46,92300215469965;41,15964447006827;28,667427573733868;75,59042972843352;616,8;924,7762107092422;6,2;7,4;33,0;1235,61353974347;442,7348943334073;60,796355049584115;482,04131637583487;924,7762107092422;831,62;531,7933602662196;4,0;4,4;1,0;1047,4930108105;239,44946264289018;36,17922552395523;292,3438976233294;531,7933602662196;744,3;27,291688536547444;6,8;6,8;0,1;32,93083367229882;25,31875306973936;25,918478400566492;1,9729354668080852;27,291688536547444;859,74;0,9376222516389431;20,2;20,4;0,0;1,028139080949925;0,513304113506291;82,41828254975859;0,424318138132651;0,9376222516389431;0,385999999999999;33,067;0,7561995208269751;31,356199520826976;14,582269043952124;14,582269043952124;4,406118562021259;4,406118562021259;4,231155508680196;34,298155508680196;-1,023552983535065;30,376447016464933;9,5;973,9450847652932;346,00233614294075;35,52585680190813;5,548318082848233;859,80826;348,39959;35,47597;-0,20323000000000002;982,072;62,5;;4,6;5,05;34,211627;14,761063541351016;9,6;8,941481;10,647228;83,97942638215318;9,779;17,381;9,301;22,8;40,79385964912281;29,83;30,594814;29,8584;30,590451;m3/s;4,7780000000000005;m3/s;31,4;m3/s;7,602;m3/s;0,0;m3/s;30,067;m3/s;25,079;m3/s;30,6
28/08/2025;783,24;224,38560157007635;0,0;3,8;3,0;295,4563270203307;199,2041470748436;26,161957588383327;25,181454495232742;224,38560157007635;816,57;75,45616800022567;0,0;5,2;5,5;116,57235880689602;46,92300215469965;40,9668763891249;28,53316584552602;75,45616800022567;616,72;921,187516362872;0,0;7,4;33,0;1235,61353974347;442,7348943334073;60,34373920891986;478,4526220294647;921,187516362872;831,55;529,4500785000089;0,0;4,4;1,0;1047,4930108105;239,44946264289018;35,889231033989375;290,0006158571187;529,4500785000089;744,34;27,453633464934974;0,0;6,8;0,1;32,93083367229882;25,31875306973936;28,045950991083714;2,134880395195615;27,453633464934974;860,06;0,9868921565250591;0,2;20,6;0,0;1,028139080949925;0,513304113506291;91,98832110614521;0,47358804301876806;0,9868921565250591;0,30420774716693505;34,29720774716694;0,14604481240918402;30,346044812409183;-0,942814194099248;-0,942814194099248;4,078683261450465;4,078683261450465;4,081362597077899;33,1743625970779;-1,098046471225505;30,101953528774494;9,5;973,9450847652932;343,71523619787746;35,291028372580975;4,528935821026584;857,73237;346,3237;35,26459;-0,21138;982,072;62,5;;0,0;5,05;34,211627;14,761063541351016;9,6;8,965;10,647228;84,20031955735332;8,61;16,203;9,276;22,8;40,68421052631579;29,5;30,555714;29,5317;30,552639;m3/s;4,702;m3/s;31,2;m3/s;7,593;m3/s;0,0;m3/s;29,093;m3/s;26,4;m3/s;30,2
29/08/2025;783,24;224,38560157007635;0,0;3,8;3,0;295,4563270203307;199,2041470748436;26,161957588383327;25,181454495232742;224,38560157007635;816,59;75,59042972843352;0,0;5,2;5,5;116,57235880689602;46,92300215469965;41,15964447006827;28,667427573733868;75,59042972843352;616,65;918,0557463665027;0,0;7,4;34,0;1235,61353974347;442,7348943334073;59,94875190354861;475,32085203309543;918,0557463665027;831,48;527,113059934443;0,0;4,4;1,0;1047,4930108105;239,44946264289018;35,600011650842816;287,6635972915528;527,113059934443;744,35;27,494216419062028;0,0;6,8;0,1;32,93083367229882;25,31875306973936;28,579089777257472;2,175463349322669;27,494216419062028;860,11;0,9947378470602001;0,0;20,6;0,0;1,028139080949925;0,513304113506291;93,51224450515166;0,48143373355390806;0,9947378470602001;0,41000000000000003;31,8;0,653955187590817;30,853955187590817;5,342662079059519;5,342662079059519;4,151174009653623;4,151174009653623;2,369710117211269;31,16971011721127;-0,6724933965840201;29,92750660341598;9,5;973,9450847652932;341,51247936051936;35,06485988815468;5,2151291972444405;855,57805;344,16938;35,04523;-0,21937;982,072;62,5;;0,0;5,05;34,211627;14,761063541351016;9,6;8,986896;10,647228;84,40596932835476;7,585;15,175;9,218;22,8;40,42982456140351;29,5;30,51931;29,8367;30,527951;m3/s;4,73;m3/s;30,6;m3/s;7,59;m3/s;0,0;m3/s;28,8;m3/s;23,8;m3/s;30,2
30/08/2025;783,23;224,19515802072112;0,0;3,8;3,0;295,4563270203307;199,2041470748436;25,964098641746396;24,99101094587752;224,19515802072112;816,69;76,26404412539983;0,0;5,2;5,5;116,57235880689602;46,92300215469965;42,126795394850106;29,341041970700182;76,26404412539983;616,57;914,4860892398283;0,0;7,4;33,0;1235,61353974347;442,7348943334073;59,49853708854016;471,751194906421;914,4860892398283;831,4;524,4498425383579;0,0;4,4;1,0;1047,4930108105;239,44946264289018;35,27042330104108;285,0003798954677;524,4498425383579;744,39;27,6569362002211;0,0;6,8;0,1;32,93083367229882;25,31875306973936;30,716741618520953;2,338183130481741;27,6569362002211;859,02;0,83242599173926;0,0;20,6;0,0;1,028139080949925;0,513304113506291;61,985276528037595;0,319121878232968;0,83242599173926;0,48779225283306904;28,395792252833072;0,6244629278508631;33,624462927850864;-0,735476003176259;-0,735476003176259;3,175724582348522;3,175724582348522;2,383330800452227;29,98333080045223;-1,217309436584953;26,782690563415045;9,5;973,9450847652932;339,3324328120454;34,841023187033144;4,287979763032455;853,39841;341,98974;34,82329;-0,22194000000000003;982,072;62,5;;0,0;5,05;34,211627;14,761063541351016;9,6;9,007333;10,647228;84,59791600217446;6,671;14,251;9,133;22,8;40,05701754385965;28,66;30,457333;28,6613;30,46573;m3/s;4,76;m3/s;28,0;m3/s;7,58;m3/s;0,0;m3/s;27,6;m3/s;20,328;m3/s;33,0
31/08/2025;783,22;224,00479264072908;0,0;3,8;3,0;295,4563270203307;199,2041470748436;25,766320908192874;24,800645565885475;224,00479264072908;816,79;76,94151716073232;0,0;5,2;5,5;116,57235880689602;46,92300215469965;43,099486411531764;30,018515006032665;76,94151716073232;616,5;911,3709424808621;0,0;7,4;33,0;1235,61353974347;442,7348943334073;59,10564635084662;468,63604814745486;911,3709424808621;831,32;521,7947875528218;0,0;4,4;1,04;1047,4930108105;239,44946264289018;34,941845096121696;282,34532490993166;521,7947875528218;744,35;27,494216419062028;0,0;6,8;0,1;32,93083367229882;25,31875306973936;28,579089777257472;2,175463349322669;27,494216419062028;860,32;1,028139080949925;0,0;20,6;0,0;1,028139080949925;0,513304113506291;100,0;0,514834967443633;1,028139080949925;0,42269699083281503;28,479696990832814;0,8081230941259531;33,80812309412595;4,535060660114031;4,535060660114031;3,310196926666368;3,310196926666368;3,53366919954777;31,21666919954777;-2,785102208209895;30,214897791790104;9,54;973,9450847652932;337,1644854818498;34,61842877548908;4,5410170116251365;851,26345;339,85478;34,60589;-0,21739000000000003;982,072;62,5;;0,0;5,05;34,211627;14,761063541351016;9,64;9,027741;10,647228;84,7895903046314;8,075;15,665;9,099;22,8;39,9078947368421;27,98;30,377419;27,9497;30,384567;m3/s;4,93;m3/s;33,0;m3/s;7,59;m3/s;0,0;m3/s;27,683;m3/s;20,467;m3/s;33,0
01/09/2025;783,21;223,81450543100274;0,0;0,0;3,0;295,4563270203307;199,2041470748436;25,568624388660428;24,61035835615914;223,81450543100274;816,865;77,45216664861803;0,0;0,0;5,5;116,57235880689602;46,92300215469965;43,83265827762051;30,52916449391838;77,45216664861803;616,43;908,2635297391098;0,0;0,0;33,0;1235,61353974347;442,7348943334073;58,71373104832952;465,5286354057025;908,2635297391098;831,24;519,1478852117566;0,0;0,0;1,5;1047,4930108105;239,44946264289018;34,61427582747675;279,6984225688664;519,1478852117566;744,38;27,616197988079453;0,0;0,0;0,1;32,93083367229882;25,31875306973936;30,181563205828503;2,2974449183400942;27,616197988079453;860,04;0,9837652102550851;0,0;0,0;0,0;1,028139080949925;0,513304113506291;91,38095244090067;0,47046109674879305;0,9837652102550851;0,22160173927852603;28,455601739278524;0,55729499867725;32,05729499867725;4,621574748236792;4,621574748236792;2,3645562376708043;2,3645562376708043;2,153823715479458;29,81182371547946;0,43461353362453103;28,734613533624533;10,0;973,9450847652932;334,83794541894395;34,37955082443227;3,14345297562658;849,01452;337,60585;34,37689;-0,229;982,072;60,0;;0,0;0,0;79,469186;0,0;10,1;10,1;12,709862;79,46585100609275;5,297;12,884;5,297;23,8;22,256302521008404;29,22;29,22;29,2482;29,2482;m3/s;5,5280000000000005;m3/s;28,3;m3/s;7,587;m3/s;0,0;m3/s;27,658;m3/s;20,647;m3/s;31,5
02/09/2025;783,21;223,81450543100274;0,0;0,0;3,0;295,4563270203307;199,2041470748436;25,568624388660428;24,61035835615914;223,81450543100274;816,92;77,82803467104067;0,0;0,0;5,5;116,57235880689602;46,92300215469965;44,37231584301568;30,905032516341016;77,82803467104067;616,36;905,1638360614888;0,0;0,0;33,0;1235,61353974347;442,7348943334073;58,32278929506565;462,42894172808155;905,1638360614888;831,17;516,8385256423172;0,0;0,0;1,5;1047,4930108105;239,44946264289018;34,32847940293054;277,38906299942704;516,8385256423172;744,34;27,453633464934974;0,0;0,0;0,1;32,93083367229882;25,31875306973936;28,045950991083714;2,134880395195615;27,453633464934974;859,82;0,949789249570939;0,0;0,0;0,0;1,028139080949925;0,513304113506291;84,78156373720591;0,43648513606464706;0,949789249570939;0,23;28,45;0,49232433359533107;30,49232433359533;4,701915768275903;4,701915768275903;4,771301279636809;4,771301279636809;2,868466167309278;28,31846616730928;-0,805140285696134;29,29485971430387;10,0;973,9450847652932;332,9044538719272;34,181029205784476;5,493625613232141;846,88449;335,47582;34,16;-0,21689000000000003;982,072;60,0;;0,0;0,0;79,469186;0,0;10,1;10,1;12,709862;79,46585100609275;8,362;15,94;6,83;23,8;28,69747899159664;29,65;29,435;29,6881;29,46815;m3/s;5,29;m3/s;30,1;m3/s;7,578;m3/s;0,0;m3/s;25,45;m3/s;20,642;m3/s;30,0
03/09/2025;783,21;223,81450543100274;0,0;0,0;3,0;295,4563270203307;199,2041470748436;25,568624388660428;24,61035835615914;223,81450543100274;816,97;78,1707578068186;0,0;0,0;5,5;116,57235880689602;46,92300215469965;44,86438519189619;31,247755652118947;78,1707578068186;616,29;902,0718464944512;0,0;0,0;33,0;1235,61353974347;442,7348943334073;57,93281920507305;459,3369521610439;902,0718464944512;831,1;514,5353937618622;0,0;0,0;1,5;1047,4930108105;239,44946264289018;34,04345369043302;275,08593111897204;514,5353937618622;744,27;27,170635076085375;0,0;0,0;0,1;32,93083367229882;25,31875306973936;24,32819754592912;1,851882006346016;27,170635076085375;859,75;0,9391377263168471;0,0;0,0;0,0;1,028139080949925;0,513304113506291;82,71264380603242;0,42583361281055504;0,9391377263168471;0,42999999999999705;28,99;0,8467029603927111;30,446702960392713;4,7930837148417655;4,7930837148417655;4,443381013252338;4,443381013252338;1,7345556846111232;27,724555684611122;-0,376881519144582;30,523118480855416;10,0;973,9450847652932;330,9440451272501;33,979743858659425;5,720083973645048;844,63043;333,22176;33,93048;-0,22952000000000003;982,072;60,0;;0,0;0,0;79,469186;0,0;10,1;10,1;12,709862;79,46585100609275;7,455;15,035;7,038;23,8;29,571428571428573;30,64;29,836666;30,6464;29,8609;m3/s;4,85;m3/s;30,9;m3/s;7,58;m3/s;0,0;m3/s;25,99;m3/s;20,98;m3/s;29,6
04/09/2025;783,2;223,6242963925171;0,0;0,0;3,0;295,4563270203307;199,2041470748436;25,371009084162;24,42014931767349;223,6242963925171;817,0;78,37686124000001;0,0;0,0;5,5;116,57235880689602;46,92300215469965;45,160300966410254;31,45385908530036;78,37686124000001;616,22;898,9875460891053;0,0;0,0;33,0;1235,61353974347;442,7348943334073;57,5438188929571;456,252651755698;898,9875460891053;831,03;512,2384828826496;0,0;0,0;1,5;1047,4930108105;239,44946264289018;33,75919786233795;272,7890202397594;512,2384828826496;744,24;27,049927900597474;0,0;0,0;0,1;32,93083367229882;25,31875306973936;22,742465841415708;1,731174830858115;27,049927900597474;859,74;0,9376222516389431;0,0;0,0;0,0;1,028139080949925;0,513304113506291;82,41828254975859;0,424318138132651;0,9376222516389431;0,26650649900870504;27,941506499008707;0,5854564025626341;27,985456402562633;4,877078641830359;4,877078641830359;2,315383342446225;2,315383342446225;3,059926209630774;30,202926209630782;-1,431040216179443;30,068959783820556;10,0;973,9450847652932;328,66302864273325;33,74554004982081;3,167346244017564;842,22719;330,81852;33,68577;-0,24471;982,072;60,0;;0,0;0,0;79,469186;0,0;10,1;10,1;12,709862;79,46585100609275;6,227;13,802;6,835;23,8;28,718487394957982;30,0;29,8775;30,0865;29,9173;m3/s;4,86;m3/s;31,5;m3/s;7,575;m3/s;0,0;m3/s;27,143;m3/s;20,1;m3/s;27,4
05/09/2025;783,19;223,434165526319;0,0;0,0;3,0;295,4563270203307;199,2041470748436;25,17347499578521;24,230018451475388;223,434165526319;817,01;78,44564075301538;0,0;0,0;5,5;116,57235880689602;46,92300215469965;45,25905207671674;31,52263859831573;78,44564075301538;616,15;895,910919890739;0,0;0,0;30,0;1235,61353974347;442,7348943334073;57,15578647258902;453,17602555733174;895,910919890739;830,97;510,27464843691854;0,0;0,0;1,5;1047,4930108105;239,44946264289018;33,51616214351012;270,82518579402836;510,27464843691854;744,22;26,969648363488684;0,0;0,0;0,1;32,93083367229882;25,31875306973936;21,687832538113618;1,650895293749325;26,969648363488684;859,49;0,900229184283138;0,0;0,0;0,0;1,028139080949925;0,513304113506291;75,15516529463568;0,386925070776846;0,900229184283138;0,46741127085528605;28,925411270855285;0,276059178418655;27,176059178418654;1,968900481871711;1,968900481871711;5,670434655890762;5,670434655890762;2,544838690870481;30,670838690870482;-1,5927901314329271;29,907209868567072;10,0;973,9450847652932;326,57784284381944;33,53144319451235;6,413905105164704;840,02433;328,61566;33,46146;-0,22431;982,072;60,0;;0,0;0,0;79,469186;0,0;10,1;10,1;12,709862;79,46585100609275;8,959;16,537;7,26;23,8;30,50420168067227;30,3;29,962;30,34;30,00184;m3/s;4,67;m3/s;31,5;m3/s;7,578;m3/s;0,0;m3/s;28,126;m3/s;20,88;m3/s;26,9
06/09/2025;783,18;223,24411283352524;0,0;0,0;3,08;295,4563270203307;199,2041470748436;24,976022124690353;24,03996575868163;223,24411283352524;817,02;78,51445948045185;0,0;0,0;5,5;116,57235880689602;46,92300215469965;45,357859489655425;31,591457325752195;78,51445948045185;616,08;892,8419529506937;0,0;0,0;33,0;1235,61353974347;442,7348943334073;56,76872005860355;450,1070586172864;892,8419529506937;830,91;508,3153753139515;0,0;0,0;1,5;1047,4930108105;239,44946264289018;33,27369091440247;268,8659126710613;508,3153753139515;744,25;27,090125208185643;0,0;0,0;0,1;32,93083367229882;25,31875306973936;23,270538384087594;1,771372138446285;27,090125208185643;858,4;0,7477621045178361;0,0;0,0;0,0;1,028139080949925;0,513304113506291;45,540416995318886;0,23445799101154502;0,7477621045178361;0,768316055627819;29,030316055627818;0,579513049033162;26,979513049033162;5,058549305030596;5,058549305030596;5,223227743437111;5,223227743437111;3,744407924733328;31,89440792473333;-3,75786527506136;26,64213472493864;10,08;973,9450847652932;324,4973357554951;33,31782672671881;6,571056848098092;837,91183;326,50317;33,24636;-0,21511000000000002;982,072;60,0;;0,0;0,0;79,469186;0,0;10,18;10,113333;12,709862;79,57075379732683;10,315;17,894;7,769;23,8;32,642857142857146;28,35;29,693333;28,4068;29,736;m3/s;4,565;m3/s;30,4;m3/s;7,579;m3/s;0,0;m3/s;28,15;m3/s;20,683;m3/s;26,4
07/09/2025;783,162;222,90221498733152;0,0;0,0;4,0;295,4563270203307;199,2041470748436;24,620811628276293;23,698067912487915;222,90221498733152;817,012;78,45940136077418;0,0;0,0;5,5;116,57235880689602;46,92300215469965;45,27880905426862;31,536399206074528;78,45940136077418;616,02;890,2174946689047;0,0;0,0;33,0;1235,61353974347;442,7348943334073;56,43771627927593;447,4826003354974;890,2174946689047;830,85;506,36065922699254;0,0;0,0;1,5;1047,4930108105;239,44946264289018;33,0317836445045;266,91119658410236;506,36065922699254;744,22;26,969648363488684;0,0;0,0;0,1;32,93083367229882;25,31875306973936;21,687832538113618;1,650895293749325;26,969648363488684;860,21;1,010551842025765;0,0;0,0;0,0;1,028139080949925;0,513304113506291;96,58390745844491;0,497247728519474;1,010551842025765;0,18984900238753302;28,292849002387534;0,286753244471441;25,386753244471443;10,203325442257235;10,203325442257235;3,975971215752693;3,975971215752693;3,4555920752666722;31,705592075266672;-2,716052112176744;30,283947887823256;11,0;973,9450847652932;322,1456637026648;33,076368343734416;4,452573462611668;835,70248;324,29381;33,02139;-0,22497000000000003;982,072;60,0;;0,0;0,0;79,469186;0,0;11,1;10,254285;12,709862;80,67975088950612;7,908;15,487;7,789;23,8;32,726890756302524;27,19;29,335714;27,2424;29,379771;m3/s;4,514;m3/s;33,0;m3/s;7,579;m3/s;0,0;m3/s;28,25;m3/s;20,524;m3/s;25,1
08/09/2025;783,15;222,67442380785073;0,0;0,0;4,0;295,4563270203307;199,2041470748436;24,384150827856192;23,470276733007125;222,67442380785073;817,0;78,37686124000001;0,0;0,0;5,5;116,57235880689602;46,92300215469965;45,160300966410254;31,45385908530036;78,37686124000001;616,0;889,3439216634724;0,0;0,0;33,0;1235,61353974347;442,7348943334073;56,32753888826038;446,60902733006515;889,3439216634724;830,79;504,41049586687;0,0;0,0;1,5;1047,4930108105;239,44946264289018;32,79043980053162;264,9610332239798;504,41049586687;744,27;27,170635076085375;0,0;0,0;0,1;32,93083367229882;25,31875306973936;24,32819754592912;1,851882006346016;27,170635076085375;860,07;0,9884580518950811;0,0;0,0;0,0;1,028139080949925;0,513304113506291;92,29247592643593;0,47515393838879005;0,9884580518950811;0,7615280152686431;29,343528015268646;0,35667452807674604;25,556674528076748;30,459201326015474;30,459201326015474;4,128664813396636;4,128664813396636;3,446235099498742;31,426235099498744;0,260584836450414;29,260584836450416;11,0;973,9450847652932;319,8851690422873;32,84427161715951;5,246867356742026;833,62087;322,2122;32,80943;-0,21196;982,072;60,0;;0,0;0,0;79,469186;0,0;11,1;10,36;12,709862;81,51150657654662;8,693;16,263;7,902;23,8;33,20168067226891;29,5;29,35625;29,5163;29,396837;m3/s;4,44;m3/s;29,0;m3/s;7,57;m3/s;0,0;m3/s;27,98;m3/s;21,012;m3/s;25,2
09/09/2025;783,13;222,29502201482467;0,0;0,0;4,0;295,4563270203307;199,2041470748436;23,989976074369114;23,090874939981063;222,29502201482467;816,98;78,23941978507544;0,0;0,0;5,5;116,57235880689602;46,92300215469965;44,96296755009329;31,31641763037579;78,23941978507544;615,98;888,4709712897893;0,0;0,0;10,0;1235,61353974347;442,7348943334073;56,21744002524564;445,736076956382;888,4709712897893;830,73;502,46488090237636;0,0;0,0;1,5;1047,4930108105;239,44946264289018;32,5496588464722;263,0154182594862;502,46488090237636;744,28;27,210947706542687;0,0;0,0;0,1;32,93083367229882;25,31875306973936;24,857785086604355;1,8921946368033282;27,210947706542687;859,38;0,8840722926268171;0,0;0,0;0,0;1,028139080949925;0,513304113506291;72,01689911653469;0,370768179120526;0,8840722926268171;0,298775543679834;28,608775543679833;0,219242419854513;24,719242419854513;7,396407712000871;7,396407712000871;3,481308281323574;3,481308281323574;2,8665813710336963;31,866581371033696;-2,4832685100493532;28,816731489950648;11,0;973,9450847652932;317,422710829843;32,591438243803786;3,9993262448579223;831,09434;319,68567;32,55216;-0,25727;982,072;60,0;;0,0;0,0;79,469186;0,0;11,1;10,442222;12,709862;82,15842154698454;6,866;14,366;7,787;23,8;32,71848739495798;30,04;29,432222;30,0249;29,466622;m3/s;4,34;m3/s;31,3;m3/s;7,5;m3/s;0,0;m3/s;29,0;m3/s;20,81;m3/s;24,5
10/09/2025;783,12;222,10543838996244;0,0;0,0;4,04;295,4563270203307;199,2041470748436;23,793010535542255;22,90129131511884;222,10543838996244;817,04;78,65221465009465;0,0;0,0;5,5;116,57235880689602;46,92300215469965;45,55564332609586;31,729212495394997;78,65221465009465;615,96;887,5986431951169;0,0;0,0;10,0;1235,61353974347;442,7348943334073;56,107419645743384;444,8637488617096;887,5986431951169;830,65;499,8777953718238;0,0;0,0;1,5;1047,4930108105;239,44946264289018;32,22949224945905;260,42833272893364;499,8777953718238;744,26;27,1303609216731;0,0;0,0;0,1;32,93083367229882;25,31875306973936;23,799115465548425;1,81160785193374;27,1303609216731;859,23;0,8623259117204931;0,0;0,0;0,0;1,028139080949925;0,513304113506291;67,7929473103271;0,34902179821420204;0,8623259117204931;0,7417450826131551;29,758745082613157;0,320718345129726;31,720718345129725;7,477610015365604;7,477610015365604;2,956880433419648;2,956880433419648;2,754282582527914;30,667282582527914;-1,336694223452822;30,16330577654718;11,04;973,9450847652932;315,0588365394475;32,34872699371671;4,019343861162531;828,62814;317,21947;32,30104;-0,25112;982,072;60,0;;0,0;0,0;79,469186;0,0;11,14;10,512;12,709862;82,70742829465811;6,774;14,348;7,686;23,8;32,294117647058826;30,37;29,526;30,415;29,56146;m3/s;4,337;m3/s;31,5;m3/s;7,574;m3/s;0,0;m3/s;27,913;m3/s;21,443;m3/s;31,4
11/09/2025;783,1;221,72650569161607;0,0;0,0;4,5;295,4563270203307;199,2041470748436;23,399323142112845;22,522358616772465;221,72650569161607;817,11;79,1355955942826;0,0;0,0;5,5;116,57235880689602;46,92300215469965;46,249664014042466;32,21259343958295;79,1355955942826;615,93;886,2913170696702;0,0;0,0;10,0;1235,61353974347;442,7348943334073;55,94253613765363;443,5564227362629;886,2913170696702;830,57;497,2987777600523;0,0;0,0;1,5;1047,4930108105;239,44946264289018;31,910324103432764;257,8493151171621;497,2987777600523;744,26;27,1303609216731;0,0;0,0;0,1;32,93083367229882;25,31875306973936;23,799115465548425;1,81160785193374;27,1303609216731;858,42;0,7504104251008881;0,0;0,0;0,0;1,028139080949925;0,513304113506291;46,05481884261407;0,23710631159459603;0,7504104251008881;0,25720488025029004;28,77220488025029;0,6326868540272771;32,032686854027276;2,445910585107558;2,445910585107558;3,050259123014825;3,050259123014825;2,942;31,6;-2,736318132171359;28,76368186782864;11,5;973,9450847652932;312,58426717351756;32,0946501053338;3,9401508572923922;826,04165;314,63298;32,03767;-0,26337000000000005;982,072;60,0;;0,0;0,0;79,469186;0,0;11,6;10,610909;12,709862;83,48563501318897;6,882;14,459;7,6129999999999995;23,8;31,98739495798319;30,03;29,571818;30,059;29,60669;m3/s;4,186;m3/s;31,5;m3/s;7,577;m3/s;0,0;m3/s;28,658;m3/s;20,938;m3/s;31,4
12/09/2025;783,085;221,44251140711967;0,0;0,0;4,5;295,4563270203307;199,2041470748436;23,104270827809685;22,238364332276063;221,44251140711967;817,17;79,55145803467276;0,0;0,0;5,5;116,57235880689602;46,92300215469965;46,84674410261647;32,62845587997311;79,55145803467276;615,9;884,9853891145904;0,0;0,0;10,0;1235,61353974347;442,7348943334073;55,77782897059347;442,2504947811831;884,9853891145904;830,49;494,7278176241241;0,0;0,0;1,5;1047,4930108105;239,44946264289018;31,592153116020228;255,27835498123392;494,7278176241241;744,24;27,049927900597474;0,0;0,0;0,1;32,93083367229882;25,31875306973936;22,742465841415708;1,731174830858115;27,049927900597474;858,54;0,766415250418048;0,0;0,0;0,0;1,028139080949925;0,513304113506291;49,163548111068955;0,253111136911757;0,766415250418048;0,17202911462497902;29,043029114624982;0,213222689700892;31,61322268970089;2,456093112502039;2,456093112502039;3,143516945275426;3,143516945275426;2,839062256069167;30,669062256069168;-0,6190589662365701;30,880941033763428;11,5;973,9450847652932;310,14517519348306;31,844215864411247;3,528768749601298;823,53813;312,12946;31,78275;-0,25492000000000004;982,072;60,0;;0,0;0,0;79,469186;0,0;11,6;10,693332999999999;12,709862;84,134139300647;6,368;13,939;7,509;23,8;31,550420168067227;30,65;29,661666;30,6957;29,697441;m3/s;4,063;m3/s;31,5;m3/s;7,571;m3/s;0,0;m3/s;27,83;m3/s;21,3;m3/s;31,4
13/09/2025;783,06;220,96957855005937;0,0;0,0;4,5;295,4563270203307;199,2041470748436;22,61292314370721;21,765431475215763;220,96957855005937;817,21;79,82948919128741;0,4;0,4;5,5;116,57235880689602;46,92300215469965;47,245931072860905;32,906487036587755;79,82948919128741;615,82;881,5097411214374;0,0;0,0;10,0;1235,61353974347;442,7348943334073;55,33947084185923;438,7748467880301;881,5097411214374;830,42;492,48482889462053;0,0;0,0;1,5;1047,4930108105;239,44946264289018;31,314570461645967;253,03536625173035;492,48482889462053;744,23;27,009768963977454;0,0;0,0;0,1;32,93083367229882;25,31875306973936;22,21489737864197;1,691015894238095;27,009768963977454;858,55;0,7677578973109711;0,0;0,0;0,0;1,028139080949925;0,513304113506291;49,42433981672743;0,25445378380467903;0,7677578973109711;0,056240080320598004;28,6662400803206;0,557953201558394;29,757953201558394;-22,657407328159273;-22,657407328159273;4,739482297412437;4,739482297412437;1,495197492823834;31,135197492823835;-1,942060105405989;29,55793989459401;11,5;973,9450847652932;307,70728476353383;31,593904992876148;5,35367557929143;821,06142;309,65275;31,53056;-0,25219;982,072;60,0;;0,1;0,1;79,469186;0,12583493682696;11,6;10,763076;12,709862;84,68287067160918;6,849;14,419;7,458;23,8;31,33613445378151;29,52;29,650769;29,5424;29,685515;m3/s;4,0;m3/s;31,5;m3/s;7,57;m3/s;0,0;m3/s;29,64;m3/s;21,04;m3/s;29,2
14/09/2025;783,03;220,4027042284223;0,0;0,0;4,5;295,4563270203307;199,2041470748436;22,02397614847227;21,19855715357869;220,4027042284223;817,23;79,96874201341723;0,0;0,4;5,5;116,57235880689602;46,92300215469965;47,44586518399017;33,045739858717575;79,96874201341723;615,75;878,4766807148699;0,0;0,0;10,0;1235,61353974347;442,7348943334073;54,95693305702598;435,7417863814626;878,4766807148699;830,35;490,2479940473348;0,0;0,0;1,5;1047,4930108105;239,44946264289018;31,037749385311887;250,79853140444465;490,2479940473348;744,25;27,090125208185643;0,0;0,0;0,1;32,93083367229882;25,31875306973936;23,270538384087594;1,771372138446285;27,090125208185643;860,09;0,9915947010814151;0,0;0,0;0,0;1,028139080949925;0,513304113506291;92,90172925705338;0,47829058757512305;0,9915947010814151;0,313954610682027;29,36195461068203;0,10172247835438701;28,60172247835439;-17,5468658167538;-17,5468658167538;4,110707786045065;4,110707786045065;2,607049122779976;34,03004912277998;-2,635196252656897;30,364803747343103;11,5;973,9450847652932;305,0428284167409;31,32033142199715;4,52638487508148;818,70116;307,29249;31,29022;-0,24034000000000003;982,072;60,0;;0,0;0,1;79,469186;0,12583493682696;11,6;10,822856999999999;12,709862;85,1532219625988;7,133;14,691;7,435;23,8;31,23949579831933;27,74;29,514285;27,7741;29,548985;m3/s;3,906;m3/s;33,0;m3/s;7,558;m3/s;0,0;m3/s;31,423;m3/s;21,49;m3/s;28,5
15/09/2025;783,0;219,83653371520987;0,0;0,0;4,5;295,4563270203307;199,2041470748436;21,435760366208346;20,632386640366263;219,83653371520987;817,248;80,0942049213029;0,0;0,4;5,5;116,57235880689602;46,92300215469965;47,626000240387306;33,17120276660325;80,0942049213029;615,67;875,019599156687;0,0;0,0;33,0;1235,61353974347;442,7348943334073;54,52091657730418;432,28470482327975;875,019599156687;830,27;487,6991376017942;0,0;0,0;1,5;1047,4930108105;239,44946264289018;30,722313855714418;248,249674958904;487,6991376017942;744,32;27,372583694549256;0,0;0,0;0,1;32,93083367229882;25,31875306973936;26,981199123395054;2,053830624809897;27,372583694549256;860,22;1,012142320173488;0,0;0,0;0,0;1,028139080949925;0,513304113506291;96,89283716374835;0,498838206667197;1,012142320173488;0,194100541522836;30,047100541522838;0,152116989417553;29,252116989417555;0,54048196547644;0,54048196547644;1,099346695131362;1,099346695131362;0,969195444023291;33,06919544402329;0,31131966541751405;30,011319665417513;11,5;973,9450847652932;302,0532643658735;31,01337735470619;1,445564226071753;816,0146;304,60593;31,01666;-0,27356;982,072;60,0;;0,0;0,1;79,469186;0,12583493682696;11,6;10,874666;12,709862;85,5608503066359;2,415;9,968;7,1;23,8;29,831932773109244;29,74;29,529333;29,7735;29,563953;m3/s;3,895;m3/s;29,7;m3/s;7,553;m3/s;0,0;m3/s;32,1;m3/s;22,3;m3/s;29,1
16/09/2025;782,97;219,27106707447348;0,0;0,0;4,5;295,4563270203307;199,2041470748436;20,84827586346083;20,066919999629874;219,27106707447348;817,24;80,03842779022942;0,0;0,4;5,5;116,57235880689602;46,92300215469965;47,545917474724426;33,11542563552977;80,03842779022942;615,6;872,0027500535361;0,0;0,0;33,0;1235,61353974347;442,7348943334073;54,14042340591973;429,26785572012886;872,0027500535361;830,2;485,47546564038623;0,0;0,0;1,5;1047,4930108105;239,44946264289018;30,447121761618686;246,02600299749605;485,47546564038623;744,37;27,575498644605464;0,0;0,0;0,1;32,93083367229882;25,31875306973936;29,64689541131902;2,256745574866105;27,575498644605464;860,01;0,9790868606802181;0,0;0,0;0,0;1,028139080949925;0,513304113506291;90,47224385063211;0,46578274717392604;0,9790868606802181;0,17224721369919901;29,7392472136992;0,160431353316163;26,860431353316162;5,643765009827675;5,643765009827675;2,463056002222863;2,463056002222863;2,16455266268759;33,94855266268759;-2,109086336727665;29,390913663272336;11,5;973,9450847652932;299,2083486326557;30,721275081413918;2,795734569238226;813,33955;301,93088;30,74427;-0,27239;982,072;60,0;;0,0;0,1;79,469186;0,12583493682696;11,6;10,92;12,709862;85,91753395906265;4,96;12,521;6,966;23,8;29,26890756302521;29,74;29,5425;29,7735;29,57705;m3/s;3,918;m3/s;31,5;m3/s;7,561;m3/s;0,0;m3/s;31,784;m3/s;22,006;m3/s;26,7
