Data;Volume Útil Armazenado (%);Vazão Jusante (m³/s);Vazão Natural (m³/s)
01/01/2000;47,11254;10,16;70,885
02/01/2000;47,77519;10,18;94,864
03/01/2000;48,59438;7,29;108,208
04/01/2000;49,9968;6,34;162,936
05/01/2000;51,94578;6,33;211,604
06/01/2000;52,21137;5,4;59,722
07/01/2000;55,66249;5,43;346,454
08/01/2000;56,63253;6,29;124,904
09/01/2000;57,10364;6,48;79,678
10/01/2000;57,29694;6,47;53,797
11/01/2000;57,45505;6,47;53,712
12/01/2000;57,3889;6,46;33,624
13/01/2000;57,46437;6,46;46,279
14/01/2000;57,67839;6,48;58,759
15/01/2000;57,77345;6,49;48,334
16/01/2000;57,77228;6,49;39,077
17/01/2000;57,74694;6,5;32,896
18/01/2000;57,77785;6,5;42,36
19/01/2000;57,87044;6,51;33,771
20/01/2000;57,78244;6,49;30,289
21/01/2000;57,4855;6,49;12,391
22/01/2000;57,31387;6,5;24,172
23/01/2000;57,15522;6,5;24,186
24/01/2000;57,0396;6,5;26,643
25/01/2000;56,91423;6,49;28,016
26/01/2000;56,77802;6,49;27,012
27/01/2000;56,92705;6,5;51,572
28/01/2000;57,09797;6,51;54,584
29/01/2000;57,05084;6,51;35,798
30/01/2000;56,93372;6,51;28,283
31/01/2000;56,86861;6,5;32,225
01/02/2000;56,93984;6,51;45,97
02/02/2000;57,41272;6,65;81,486
03/02/2000;57,39474;6,66;37,989
04/02/2000;57,57269;6,67;55,771
05/02/2000;57,77764;6,68;58,626
06/02/2000;57,77933;6,67;37,413
07/02/2000;57,72517;6,67;32,588
08/02/2000;57,65213;6,67;32,63
09/02/2000;57,58643;6,66;32,558
10/02/2000;57,78687;6,66;56,561
11/02/2000;58,42173;6,69;95,265
12/02/2000;59,34631;5,72;121,173
13/02/2000;60,47976;6,74;138,071
14/02/2000;61,744;6,78;147,957
15/02/2000;62,31058;6,8;91,311
16/02/2000;62,69911;6,81;75,54
17/02/2000;62,90253;6,84;57,699
18/02/2000;63,8863;6,88;124,316
19/02/2000;64,42531;6,88;87,106
20/02/2000;64,46227;6,88;42,585
21/02/2000;64,64749;6,88;54,578
22/02/2000;64,72415;6,85;48,502
23/02/2000;64,79252;6,87;46,505
24/02/2000;64,81818;6,89;42,944
25/02/2000;64,95421;6,89;51,491
26/02/2000;64,98772;6,71;43,257
27/02/2000;65,02348;6,69;42,383
28/02/2000;65,07069;6,7;41,54
29/02/2000;65,19551;6,71;51,368
01/03/2000;65,27095;6,71;46,185
02/03/2000;65,30554;6,71;43,492
03/03/2000;65,43376;6,71;51,575
04/03/2000;65,49869;6,71;46,308
05/03/2000;65,5841;6,72;45,955
06/03/2000;65,63285;6,73;41,618
07/03/2000;65,47743;6,73;24,379
08/03/2000;65,64778;6,72;50,422
09/03/2000;65,83964;6,74;55,405
10/03/2000;65,94119;6,75;48,596
11/03/2000;65,96414;6,39;41,285
12/03/2000;66,04253;6,33;45,63
13/03/2000;66,24976;6,33;55,662
14/03/2000;66,24382;6,33;39,396
15/03/2000;66,16291;6,33;31,921
16/03/2000;66,1332;6,33;36,37
17/03/2000;66,17234;6,34;42,41
18/03/2000;66,17507;6,34;39,606
19/03/2000;66,21869;6,34;41,783
20/03/2000;66,23233;6,34;38,881
21/03/2000;66,21921;6,43;39,079
22/03/2000;66,31673;6,45;48,681
23/03/2000;66,50332;6,45;56,85
24/03/2000;66,57834;6,48;46,335
25/03/2000;66,51465;6,46;34,383
26/03/2000;66,45465;6,45;33,539
27/03/2000;66,50473;6,46;41,664
28/03/2000;66,50433;6,47;39,953
29/03/2000;67,10153;6,47;92,634
30/03/2000;67,0895;6,33;37,043
31/03/2000;67,87363;6,17;107,955
01/04/2000;68,17277;6,17;67,677
02/04/2000;68,44565;6,17;62,716
03/04/2000;68,67633;6,16;56,517
04/04/2000;68,78788;6,16;47,953
05/04/2000;68,70725;6,16;31,263
06/04/2000;68,62239;6,15;31,746
07/04/2000;68,4821;6,14;26,671
08/04/2000;68,36383;6,14;28,754
09/04/2000;68,34003;6,13;36,738
10/04/2000;68,31823;6,13;35,372
11/04/2000;68,24967;6,13;33,546
12/04/2000;68,13067;6,11;29,002
13/04/2000;68,07121;6,12;34,405
14/04/2000;67,9489;6,3;28,73
15/04/2000;67,73917;6,32;20,7
16/04/2000;67,65808;6,31;31,912
17/04/2000;67,50373;6,31;23,466
18/04/2000;67,27852;6,31;20,444
19/04/2000;67,05748;6,31;20,111
20/04/2000;67,01158;6,31;36,078
21/04/2000;66,72256;6,3;14,146
22/04/2000;66,64086;6,3;30,102
23/04/2000;66,49676;6,3;23,91
24/04/2000;66,39316;6,3;25,911
25/04/2000;66,19959;6,29;23,393
26/04/2000;66,04178;6,29;26,521
27/04/2000;65,80756;6,29;18,464
28/04/2000;65,63613;6,28;23,625
29/04/2000;65,41453;6,28;19,756
30/04/2000;65,20704;6,27;19,768
01/05/2000;65,08609;6,27;26,449
02/05/2000;64,94649;6,27;25,698
03/05/2000;64,72831;6,25;20,987
04/05/2000;64,42166;6,25;12,704
05/05/2000;64,15275;8,53;18,179
06/05/2000;63,95118;9,29;24,485
07/05/2000;63,78354;9,3;26,272
08/05/2000;63,58403;9,3;21,453
09/05/2000;63,38646;9,3;23,46
10/05/2000;63,18656;9,3;23,35
11/05/2000;62,9392;9,29;19,053
12/05/2000;62,68296;9,3;18,34
13/05/2000;62,39809;7,78;15,342
14/05/2000;62,24506;6,27;24,009
15/05/2000;62,05786;6,03;19,429
16/05/2000;61,86478;6,03;23,186
17/05/2000;61,6652;5,79;21,818
18/05/2000;61,46961;6,27;19,608
19/05/2000;61,20231;6,26;17,26
20/05/2000;61,01141;6,25;21,039
21/05/2000;60,81731;6,25;19,225
22/05/2000;60,64675;6,25;20,436
23/05/2000;60,42325;6,25;19,246
24/05/2000;60,22459;6,25;19,989
25/05/2000;60,0077;6,25;19,604
26/05/2000;59,76734;6,25;17,645
27/05/2000;59,52277;6,25;17,354
28/05/2000;59,31399;6,25;18,156
29/05/2000;59,10341;6,25;17,328
30/05/2000;58,85777;6,25;16,995
31/05/2000;58,62001;6,25;17,212
01/06/2000;58,38161;6,25;16,744
02/06/2000;58,14028;6,26;14,858
03/06/2000;57,91576;6,26;17,652
04/06/2000;57,67909;6,26;16,788
05/06/2000;57,431;7,19;15,343
06/06/2000;57,2439;6,25;21,223
07/06/2000;56,94462;6,25;11,682
08/06/2000;56,75324;6,24;21,199
09/06/2000;56,46836;6,24;13,312
10/06/2000;56,26312;6,24;20,238
11/06/2000;56,05402;6,24;19,535
12/06/2000;55,87094;6,24;20,779
13/06/2000;55,62318;6,23;17,475
14/06/2000;55,37669;6,23;17,495
15/06/2000;55,11822;6,23;16,146
16/06/2000;54,85414;6,22;14,9
17/06/2000;54,62167;6,21;18,819
18/06/2000;54,40981;6,19;19,19
19/06/2000;54,22341;6,18;19,372
20/06/2000;54,00667;6,17;19,077
21/06/2000;53,82925;6,21;21,585
22/06/2000;53,66782;6,14;22,177
23/06/2000;53,61252;6,13;17,958
24/06/2000;53,37184;6,12;14,41
25/06/2000;53,1926;6,12;19,902
26/06/2000;52,97207;6,11;15,293
27/06/2000;52,74057;6,1;17,224
28/06/2000;52,44788;6,08;10,716
29/06/2000;52,19551;6,07;15,443
30/06/2000;51,93812;6,05;14,054
01/07/2000;51,6981;6,03;15,029
02/07/2000;51,46813;5,13;15,171
03/07/2000;51,21696;5,98;11,622
04/07/2000;50,95773;5,97;13,514
05/07/2000;50,72201;5,98;14,989
06/07/2000;50,50166;5,99;17,426
07/07/2000;50,2373;6,01;13,141
08/07/2000;49,97548;6,0;14,534
09/07/2000;49,66467;5,97;9,314
10/07/2000;49,37359;5,97;10,558
11/07/2000;49,1441;6,31;19,192
12/07/2000;48,94203;6,4;20,594
13/07/2000;48,70523;6,4;17,008
14/07/2000;48,48815;6,42;18,418
15/07/2000;48,26285;6,43;17,732
16/07/2000;48,28085;6,44;36,975
17/07/2000;48,24074;6,46;31,853
18/07/2000;48,09659;6,48;25,494
19/07/2000;47,857;6,49;16,161
20/07/2000;47,66606;6,5;20,04
21/07/2000;47,43874;6,5;17,654
22/07/2000;47,21075;6,51;18,725
23/07/2000;47,04216;6,52;22,555
24/07/2000;46,99711;6,53;29,131
25/07/2000;46,93998;6,55;33,269
26/07/2000;46,79182;6,57;25,025
27/07/2000;46,63243;6,58;22,861
28/07/2000;46,44155;6,58;21,058
29/07/2000;46,22914;6,59;20,498
30/07/2000;46,03974;6,59;21,52
31/07/2000;45,84566;6,61;18,809
01/08/2000;45,56834;6,6;14,074
02/08/2000;45,30148;6,6;15,043
03/08/2000;45,00259;6,61;12,469
04/08/2000;44,70772;5,8;11,653
05/08/2000;44,49496;6,36;18,739
06/08/2000;44,19764;6,63;12,1
07/08/2000;44,03064;6,63;23,063
08/08/2000;43,75569;6,64;16,442
09/08/2000;43,48887;6,76;17,334
10/08/2000;43,22393;6,74;16,666
11/08/2000;42,94606;6,71;12,207
12/08/2000;42,68132;6,65;14,657
13/08/2000;42,42416;6,66;14,533
14/08/2000;42,17527;6,66;14,369
15/08/2000;41,93994;6,67;19,139
16/08/2000;41,74297;6,67;22,551
17/08/2000;41,55311;6,68;21,462
18/08/2000;41,35608;6,68;22,198
19/08/2000;41,11189;6,69;17,637
20/08/2000;40,90615;6,69;20,253
21/08/2000;40,6716;6,69;16,511
22/08/2000;40,3973;6,67;14,866
23/08/2000;40,08707;6,68;11,662
24/08/2000;39,79162;6,67;13,369
25/08/2000;39,49936;6,67;14,02
26/08/2000;39,20023;6,67;13,642
27/08/2000;38,95041;6,67;17,68
28/08/2000;38,89493;6,68;32,01
29/08/2000;39,29132;6,7;72,939
30/08/2000;39,19226;6,71;29,38
31/08/2000;38,99285;6,71;20,976
01/09/2000;38,82667;6,72;23,661
02/09/2000;39,13574;6,73;66,493
03/09/2000;39,2894;6,72;51,275
04/09/2000;39,35333;6,72;41,781
05/09/2000;39,14389;6,72;21,019
06/09/2000;39,14389;6,72;39,72
07/09/2000;38,77977;6,73;8,028
08/09/2000;38,70416;6,73;32,429
09/09/2000;38,56974;6,73;28,071
10/09/2000;38,3016;6,73;15,013
11/09/2000;38,02661;6,73;14,466
12/09/2000;37,77713;6,45;18,219
13/09/2000;37,75828;6,1;36,258
14/09/2000;38,12237;6,33;71,743
15/09/2000;38,50614;6,38;74,67
16/09/2000;38,58551;6,4;47,169
17/09/2000;38,44948;6,4;25,378
18/09/2000;38,2502;6,4;16,306
19/09/2000;38,10498;6,4;26,789
20/09/2000;38,01295;6,4;31,826
21/09/2000;37,8338;6,4;23,19
22/09/2000;37,64743;6,4;23,796
23/09/2000;37,42175;6,4;18,045
24/09/2000;37,19453;6,4;18,07
25/09/2000;36,96112;6,4;16,538
26/09/2000;36,73759;6,4;17,073
27/09/2000;36,47248;6,4;13,808
28/09/2000;36,21305;6,39;15,456
29/09/2000;35,89903;6,39;11,36
30/09/2000;35,5702;6,39;10,215
01/10/2000;35,30504;6,38;15,364
02/10/2000;35,08173;6,37;17,317
03/10/2000;34,82665;6,36;17,968
04/10/2000;34,54152;6,35;15,271
05/10/2000;34,43652;6,34;30,579
06/10/2000;34,33826;6,33;29,968
07/10/2000;34,17445;6,33;23,859
08/10/2000;33,9394;6,32;17,579
09/10/2000;33,71809;6,32;17,017
10/10/2000;33,45319;6,31;15,881
11/10/2000;33,25261;6,31;21,856
12/10/2000;33,03582;6,31;20,227
13/10/2000;32,77054;6,32;14,392
14/10/2000;32,54298;6,31;18,94
15/10/2000;32,27718;6,3;14,127
16/10/2000;31,98695;6,3;10,0
17/10/2000;31,66758;6,31;11,751
18/10/2000;31,35946;6,3;12,383
19/10/2000;31,0498;6,3;12,508
20/10/2000;30,72488;6,29;11,206
21/10/2000;30,44463;6,28;14,493
22/10/2000;30,20425;6,27;16,206
23/10/2000;29,91163;6,27;10,536
24/10/2000;29,55957;6,26;8,645
25/10/2000;29,24254;5,15;9,22
26/10/2000;29,01242;5,14;16,796
27/10/2000;28,80199;5,13;18,898
28/10/2000;28,52897;6,26;16,025
29/10/2000;28,25002;6,78;14,142
30/10/2000;27,983;6,23;11,972
31/10/2000;27,67448;6,23;12,45
01/11/2000;27,31956;6,2;8,455
02/11/2000;26,99564;6,19;11,098
03/11/2000;26,63058;6,18;7,078
04/11/2000;26,36032;6,17;15,677
05/11/2000;26,07217;6,16;11,608
06/11/2000;25,82432;6,15;14,713
07/11/2000;25,56418;6,15;16,122
08/11/2000;25,25174;6,15;10,722
09/11/2000;24,94082;6,3;11,507
10/11/2000;24,66483;6,31;15,404
11/11/2000;24,60529;6,31;35,486
12/11/2000;24,3905;6,3;20,124
13/11/2000;24,1596;6,3;15,932
14/11/2000;23,97563;6,3;22,843
15/11/2000;24,13334;6,32;51,247
16/11/2000;23,95433;6,32;21,962
17/11/2000;23,64944;6,31;11,804
18/11/2000;23,51472;6,31;27,213
19/11/2000;24,65952;4,85;133,066
20/11/2000;24,96024;4,29;60,579
21/11/2000;25,00168;5,04;41,804
22/11/2000;25,60589;5,3;90,555
23/11/2000;25,88305;5,32;62,456
24/11/2000;25,91612;5,32;40,186
25/11/2000;25,98258;5,33;43,921
26/11/2000;26,05437;5,34;42,102
27/11/2000;26,15402;5,34;43,025
28/11/2000;26,38784;5,33;58,481
29/11/2000;26,31907;5,32;31,36
30/11/2000;26,32821;5,32;38,798
01/12/2000;26,4072;5,33;45,119
02/12/2000;26,38308;5,32;35,402
03/12/2000;26,26751;5,32;27,22
04/12/2000;26,16892;5,32;28,067
05/12/2000;26,31038;5,32;51,044
06/12/2000;26,32372;5,32;38,271
07/12/2000;26,23104;5,32;28,366
08/12/2000;26,04394;5,32;21,731
09/12/2000;25,83518;5,31;20,332
10/12/2000;25,67924;5,31;24,691
11/12/2000;25,60911;5,32;29,024
12/12/2000;25,36023;5,32;15,437
13/12/2000;25,20358;5,32;24,485
14/12/2000;25,14844;5,31;33,295
15/12/2000;24,99165;5,31;24,148
16/12/2000;24,74617;5,3;16,901
17/12/2000;25,37187;4,97;92,631
18/12/2000;26,59971;4,34;141,195
19/12/2000;27,21519;4,33;90,007
20/12/2000;27,60022;5,13;71,161
21/12/2000;27,60961;5,35;39,479
22/12/2000;27,54779;5,35;32,55
23/12/2000;27,51674;5,35;35,686
24/12/2000;27,50433;5,35;36,584
25/12/2000;27,94781;5,36;75,465
26/12/2000;29,05417;5,37;133,331
27/12/2000;30,12434;4,48;133,58
28/12/2000;30,53054;4,88;74,788
29/12/2000;30,97256;5,39;77,342
30/12/2000;31,05738;5,38;44,112
31/12/2000;31,87898;5,39;106,042
01/01/2001;32,34102;4,89;72,423
02/01/2001;32,38901;4,38;35,02
03/01/2001;32,38566;5,25;35,618
04/01/2001;32,45732;5,36;43,467
05/01/2001;32,52936;5,35;44,112
06/01/2001;32,62906;5,34;46,843
07/01/2001;32,71367;5,32;43,731
08/01/2001;32,85826;5,32;47,797
09/01/2001;32,83353;5,31;36,748
10/01/2001;32,72946;5,3;28,539
11/01/2001;32,62122;5,3;28,432
12/01/2001;32,61848;5,3;37,414
13/01/2001;32,75923;5,06;46,407
14/01/2001;32,89374;5,3;46,13
15/01/2001;32,97666;5,31;41,869
16/01/2001;32,8392;5,31;24,505
17/01/2001;32,70412;5,29;25,97
18/01/2001;32,5826;5,28;28,657
19/01/2001;32,40153;5,28;19,533
20/01/2001;32,33932;5,28;32,334
21/01/2001;32,2907;5,27;31,787
22/01/2001;32,24932;5,28;30,703
23/01/2001;32,11354;5,28;26,768
24/01/2001;32,30777;4,97;55,723
25/01/2001;32,41515;5,3;47,838
26/01/2001;32,73362;5,3;64,534
27/01/2001;32,76541;5,29;40,403
28/01/2001;32,85829;5,31;43,813
29/01/2001;33,16282;5,32;63,534
30/01/2001;33,31348;5,32;52,192
31/01/2001;33,20179;5,31;28,587
01/02/2001;33,36652;5,1;51,657
02/02/2001;33,46084;4,99;46,311
03/02/2001;33,29744;5,17;24,374
04/02/2001;33,24182;5,31;33,172
05/02/2001;33,12162;5,31;26,118
06/02/2001;33,2279;5,31;46,805
07/02/2001;33,67739;5,32;74,802
08/02/2001;34,04567;5,32;69,119
09/02/2001;34,22861;5,32;54,239
10/02/2001;34,29637;5,32;43,669
11/02/2001;34,8886;5,33;89,186
12/02/2001;35,22525;5,33;65,772
13/02/2001;35,92229;5,35;100,076
14/02/2001;36,36128;5,35;77,08
15/02/2001;37,03772;5,36;98,234
16/02/2001;37,34371;5,34;65,014
17/02/2001;37,71495;5,35;71,445
18/02/2001;37,8422;5,35;48,844
19/02/2001;37,94589;5,35;46,0
20/02/2001;37,99863;5,35;43,365
21/02/2001;38,07004;5,35;45,868
22/02/2001;38,03309;5,35;35,727
23/02/2001;38,02533;5,35;38,122
24/02/2001;38,12419;5,35;46,909
25/02/2001;38,15513;5,35;39,176
26/02/2001;38,27436;5,36;44,939
27/02/2001;38,36309;5,36;43,893
28/02/2001;38,35438;5,36;33,986
01/03/2001;38,29208;5,35;32,854
02/03/2001;38,13504;5,34;24,524
03/03/2001;37,98325;5,34;24,61
04/03/2001;38,02074;5,34;40,815
05/03/2001;38,01256;5,35;35,963
06/03/2001;38,02514;5,35;39,542
07/03/2001;37,92392;5,35;29,345
08/03/2001;37,98791;5,35;43,526
09/03/2001;38,30609;4,63;64,836
10/03/2001;38,41487;4,8;46,649
11/03/2001;38,42258;4,81;36,524
12/03/2001;38,43237;4,84;36,74
13/03/2001;38,63884;4,64;55,611
14/03/2001;38,75157;3,75;47,104
15/03/2001;38,66289;3,7;28,674
16/03/2001;38,52325;3,69;23,746
17/03/2001;38,41252;3,79;26,528
18/03/2001;38,44268;3,7;38,132
19/03/2001;38,34448;3,7;26,136
20/03/2001;38,31104;3,7;34,353
21/03/2001;38,36503;3,7;41,296
22/03/2001;38,50094;3,7;49,466
23/03/2001;38,63628;3,7;48,873
24/03/2001;38,66028;3,7;38,669
25/03/2001;38,63813;3,7;33,759
26/03/2001;38,67832;3,7;37,101
27/03/2001;38,73107;3,7;40,727
28/03/2001;38,76472;3,7;39,524
29/03/2001;39,22652;3,71;77,284
30/03/2001;39,51378;2,79;60,385
31/03/2001;39,4962;3,54;33,983
01/04/2001;39,75185;3,71;58,308
02/04/2001;40,24905;3,3;75,972
03/04/2001;41,15052;2,72;113,787
04/04/2001;41,31754;3,56;50,166
05/04/2001;41,2938;3,72;33,245
06/04/2001;41,36117;3,72;41,195
07/04/2001;41,41327;3,72;40,842
08/04/2001;41,45874;3,73;39,766
09/04/2001;41,45672;3,72;32,639
10/04/2001;41,39005;3,72;29,762
11/04/2001;41,36398;3,73;33,389
12/04/2001;41,26895;3,73;27,414
13/04/2001;41,15045;3,73;25,3
14/04/2001;41,11081;3,73;27,965
15/04/2001;40,99081;3,73;22,473
16/04/2001;40,88175;3,72;23,608
17/04/2001;40,75523;3,72;25,571
18/04/2001;40,58328;3,72;21,781
19/04/2001;40,42007;3,72;21,795
20/04/2001;40,28273;3,72;24,617
21/04/2001;40,12635;3,72;23,53
22/04/2001;39,9774;3,72;23,543
23/04/2001;39,81051;3,72;19,367
24/04/2001;39,67457;3,72;24,596
25/04/2001;39,54224;3,72;25,649
26/04/2001;39,34046;3,72;18,601
27/04/2001;39,115;3,72;17,064
28/04/2001;38,91932;3,72;19,846
29/04/2001;38,76974;3,72;22,176
30/04/2001;38,59358;3,72;17,436
01/05/2001;38,41065;3,72;19,215
02/05/2001;38,2307;3,72;18,517
03/05/2001;38,06785;3,72;21,58
04/05/2001;37,86895;3,72;19,257
05/05/2001;37,71471;3,72;22,717
06/05/2001;37,533;3,72;17,911
07/05/2001;37,32355;3,71;13,419
08/05/2001;37,12732;3,71;17,196
09/05/2001;36,9371;3,71;17,016
10/05/2001;36,7823;3,71;19,992
11/05/2001;36,56059;3,71;15,87
12/05/2001;36,38922;3,71;18,619
13/05/2001;36,63438;3,71;53,041
14/05/2001;36,91006;3,71;53,099
15/05/2001;36,95238;3,73;39,491
16/05/2001;36,7474;3,73;16,946
17/05/2001;36,83644;3,73;40,701
18/05/2001;36,76429;3,73;29,143
19/05/2001;36,58176;3,73;18,561
20/05/2001;36,48958;3,73;24,928
21/05/2001;36,40456;3,73;23,927
22/05/2001;36,22589;3,74;17,996
23/05/2001;36,06647;3,73;19,321
24/05/2001;35,93684;3,73;21,22
25/05/2001;35,80426;3,95;22,445
26/05/2001;35,62548;4,13;18,64
27/05/2001;35,46386;4,13;18,721
28/05/2001;35,45458;4,13;30,579
29/05/2001;35,28046;4,13;18,971
30/05/2001;35,22215;3,8;28,572
31/05/2001;35,08044;3,73;21,159
01/06/2001;34,93226;3,73;19,558
02/06/2001;34,78657;3,73;20,886
03/06/2001;34,63736;3,73;19,142
04/06/2001;34,47716;3,73;17,763
05/06/2001;34,28502;3,73;16,366
06/06/2001;34,11214;3,73;17,689
07/06/2001;33,91147;3,73;15,002
08/06/2001;33,78519;3,73;19,898
09/06/2001;33,62555;3,72;18,608
10/06/2001;33,48034;3,72;17,878
11/06/2001;33,32356;3,71;16,735
12/06/2001;33,15065;3,72;17,902
13/06/2001;32,99396;3,72;18,781
14/06/2001;32,80669;3,72;17,009
15/06/2001;32,64751;3,72;16,184
16/06/2001;32,47694;3,72;18,068
17/06/2001;32,33597;3,72;18,485
18/06/2001;32,17316;3,72;16,204
19/06/2001;32,02364;2,91;17,072
20/06/2001;31,84351;2,61;14,853
21/06/2001;31,6353;2,52;11,888
22/06/2001;31,43153;2,52;14,389
23/06/2001;31,25087;2,52;15,272
24/06/2001;31,06726;2,52;14,518
25/06/2001;30,8807;2,52;11,691
26/06/2001;30,62702;2,52;10,254
27/06/2001;30,70028;2,52;36,232
28/06/2001;30,68444;2,52;29,063
29/06/2001;30,55645;2,4;18,28
30/06/2001;30,40638;2,32;17,526
01/07/2001;30,22662;2,32;14,642
02/07/2001;30,09105;2,07;17,623
03/07/2001;29,88311;1,98;12,923
04/07/2001;29,67909;1,99;13,461
05/07/2001;29,47222;1,94;12,844
06/07/2001;29,24933;1,89;11,067
07/07/2001;29,07226;1,77;15,183
08/07/2001;28,93829;1,73;17,909
09/07/2001;28,8452;1,73;20,126
10/07/2001;28,69749;1,71;17,322
11/07/2001;28,46575;1,72;11,436
12/07/2001;28,34173;1,71;20,194
13/07/2001;28,16884;1,71;14,929
14/07/2001;28,01016;1,63;14,182
15/07/2001;27,77289;1,72;8,505
16/07/2001;27,7169;1,72;23,03
17/07/2001;27,47182;1,71;9,935
18/07/2001;27,28683;1,71;15,381
19/07/2001;27,08259;1,72;13,315
20/07/2001;26,80673;1,71;7,564
21/07/2001;26,55751;3,65;12,263
22/07/2001;26,33085;5,25;14,414
23/07/2001;26,20621;5,24;19,276
24/07/2001;25,99758;5,24;13,571
25/07/2001;25,87354;5,25;22,426
26/07/2001;25,75175;5,25;23,359
27/07/2001;25,59661;5,25;19,657
28/07/2001;25,44159;4,41;18,593
29/07/2001;25,41168;3,76;25,208
30/07/2001;25,21785;3,76;11,301
31/07/2001;25,04337;3,23;18,681
01/08/2001;24,85748;3,03;15,173
02/08/2001;24,61437;3,0;11,575
03/08/2001;24,36401;2,99;11,01
04/08/2001;24,11397;2,48;10,748
05/08/2001;23,90839;2,4;13,174
06/08/2001;23,77704;2,4;17,301
07/08/2001;23,58115;2,4;15,946
08/08/2001;23,33087;2,39;10,957
09/08/2001;23,11579;2,39;13,566
10/08/2001;22,89873;2,39;13,289
11/08/2001;22,66863;2,38;12,115
12/08/2001;22,44749;2,37;11,255
13/08/2001;22,23346;2,36;9,941
14/08/2001;21,96428;2,37;8,542
15/08/2001;21,70436;2,37;9,228
16/08/2001;21,46482;2,36;11,684
17/08/2001;21,22566;2,36;11,634
18/08/2001;20,95772;2,35;9,571
19/08/2001;20,72726;2,35;10,894
20/08/2001;20,50849;2,34;10,891
21/08/2001;20,27038;2,34;11,573
22/08/2001;20,04553;2,34;11,846
23/08/2001;20,05106;2,35;29,575
24/08/2001;20,14595;2,35;39,7
25/08/2001;19,95838;2,35;15,07
26/08/2001;19,75855;2,34;13,824
27/08/2001;19,49876;2,33;10,102
28/08/2001;19,30139;2,33;11,677
29/08/2001;19,21408;2,32;23,043
30/08/2001;19,14178;2,32;24,033
31/08/2001;18,9055;2,32;12,001
01/09/2001;18,73872;2,31;19,3
02/09/2001;18,52024;2,31;13,685
03/09/2001;18,30288;2,3;12,908
04/09/2001;18,03046;2,29;9,974
05/09/2001;17,79319;2,29;13,093
06/09/2001;17,49254;2,28;6,784
07/09/2001;17,36981;2,28;20,937
08/09/2001;17,1615;2,28;10,837
09/09/2001;16,97474;2,29;12,521
10/09/2001;16,7492;2,29;9,038
11/09/2001;16,46994;2,28;9,104
12/09/2001;16,21648;2,29;7,073
13/09/2001;15,97075;2,29;9,876
14/09/2001;15,72179;2,28;10,614
15/09/2001;15,97022;2,28;51,481
16/09/2001;16,39574;1,85;65,924
17/09/2001;16,36441;1,75;27,729
18/09/2001;16,41129;1,75;33,759
19/09/2001;16,25442;1,75;17,531
20/09/2001;15,97329;1,75;6,666
21/09/2001;15,7439;1,75;10,35
22/09/2001;15,52845;1,75;12,843
23/09/2001;15,33993;1,75;10,687
24/09/2001;15,16737;1,74;12,516
25/09/2001;14,92019;1,74;9,834
26/09/2001;14,88497;1,74;26,795
27/09/2001;14,78901;1,74;21,447
28/09/2001;14,66247;1,74;18,077
29/09/2001;14,39552;1,8;7,268
30/09/2001;14,30185;1,74;20,656
01/10/2001;14,14373;1,74;14,957
02/10/2001;15,01692;1,75;107,685
03/10/2001;15,98357;0,88;117,289
04/10/2001;16,37181;0,72;66,942
05/10/2001;16,49133;0,82;43,72
06/10/2001;16,38738;1,06;22,832
07/10/2001;16,21382;1,06;15,16
08/10/2001;16,08303;1,06;16,848
09/10/2001;16,25189;0,95;44,0
10/10/2001;16,21448;0,72;26,564
11/10/2001;16,13519;0,72;23,839
12/10/2001;16,30833;0,82;44,694
13/10/2001;16,32992;0,72;30,104
14/10/2001;16,34695;0,82;29,969
15/10/2001;16,2778;1,06;21,831
16/10/2001;16,03155;1,45;11,183
17/10/2001;15,8786;1,59;19,709
18/10/2001;15,92301;1,35;36,389
19/10/2001;15,8252;1,06;23,519
20/10/2001;16,1734;1,42;63,064
21/10/2001;16,36093;1,2;47,933
22/10/2001;16,80649;1,31;70,424
23/10/2001;17,1638;0,77;62,875
24/10/2001;17,26572;0,85;39,323
25/10/2001;17,32487;1,08;36,09
26/10/2001;17,18235;1,07;19,733
27/10/2001;16,95515;1,67;13,038
28/10/2001;16,77475;1,99;16,514
29/10/2001;16,61498;1,99;17,283
30/10/2001;16,43267;1,99;18,409
31/10/2001;16,25835;2,26;19,57
01/11/2001;16,05794;2,39;16,291
02/11/2001;15,8047;2,38;11,201
03/11/2001;15,61543;2,38;13,398
04/11/2001;15,42889;2,38;13,513
05/11/2001;15,31547;2,38;19,235
06/11/2001;15,18789;2,37;22,44
07/11/2001;15,00955;2,37;18,807
08/11/2001;14,84689;2,37;18,423
09/11/2001;14,71262;2,36;23,496
10/11/2001;14,53891;2,36;19,646
11/11/2001;14,30354;2,36;12,893
12/11/2001;14,3755;1,86;36,404
13/11/2001;14,65086;0,88;56,361
14/11/2001;15,05181;0,97;68,096
15/11/2001;15,24722;1,05;49,432
16/11/2001;15,49032;1,05;50,806
17/11/2001;15,56004;1,05;35,873
18/11/2001;15,66443;1,05;38,103
19/11/2001;15,98531;1,05;57,804
20/11/2001;16,17684;1,06;49,662
21/11/2001;16,11863;1,06;27,475
22/11/2001;16,02858;1,06;24,923
23/11/2001;16,28115;1,06;56,099
24/11/2001;16,46921;1,06;50,249
25/11/2001;16,44112;1,07;29,931
26/11/2001;16,37136;1,07;25,673
27/11/2001;16,27595;1,02;26,453
28/11/2001;16,08214;1,07;17,77
29/11/2001;16,62081;0,9;80,392
30/11/2001;16,81238;0,74;49,575
01/12/2001;16,92564;0,74;42,238
02/12/2001;16,87287;0,9;26,414
03/12/2001;16,70884;1,04;14,386
04/12/2001;16,56159;1,04;20,45
05/12/2001;16,39474;1,04;18,382
06/12/2001;16,18652;1,04;15,304
07/12/2001;16,05829;1,04;20,927
08/12/2001;16,3913;0,95;63,582
09/12/2001;16,73792;0,74;63,35
10/12/2001;17,46005;0,74;92,501
11/12/2001;17,85331;0,74;66,231
12/12/2001;17,97324;0,74;43,495
13/12/2001;17,97489;0,74;33,129
14/12/2001;18,1156;0,74;42,876
15/12/2001;18,24754;0,75;43,891
16/12/2001;18,95686;0,75;94,343
17/12/2001;20,15706;0,75;136,851
18/12/2001;20,84423;0,75;95,516
19/12/2001;21,20484;0,75;66,548
20/12/2001;21,33906;0,64;45,714
21/12/2001;21,34099;0,74;34,145
22/12/2001;21,3301;1,06;33,367
23/12/2001;21,62123;1,09;57,579
24/12/2001;22,44714;1,09;101,057
25/12/2001;22,70997;1,08;54,738
26/12/2001;23,08812;1,08;62,502
27/12/2001;23,21713;1,08;45,299
28/12/2001;23,36339;1,08;47,723
29/12/2001;23,67163;1,08;61,328
30/12/2001;24,25286;0,77;80,465
31/12/2001;24,51328;0,73;52,887
01/01/2002;24,72681;1,06;50,353
02/01/2002;25,02632;1,07;54,691
03/01/2002;25,0926;1,08;39,194
04/01/2002;25,07242;1,08;32,203
05/01/2002;25,06063;1,08;32,191
06/01/2002;25,18749;1,08;42,917
07/01/2002;25,39378;1,08;49,54
08/01/2002;25,38583;1,08;31,537
09/01/2002;25,93754;1,08;80,337
10/01/2002;26,33125;0,79;65,54
11/01/2002;26,49482;0,73;46,93
12/01/2002;26,53397;1,02;36,133
13/01/2002;26,86232;1,08;58,715
14/01/2002;27,86476;0,83;117,728
15/01/2002;29,19577;0,75;148,294
16/01/2002;30,28529;0,75;127,388
17/01/2002;31,24508;0,74;116,316
18/01/2002;31,82608;0,73;83,733
19/01/2002;32,24195;1,08;68,992
20/01/2002;33,0664;1,11;103,873
21/01/2002;34,24179;0,89;134,946
22/01/2002;35,17937;0,75;114,236
23/01/2002;35,83944;0,75;92,31
24/01/2002;36,34124;0,75;77,62
25/01/2002;37,0741;0,75;98,047
26/01/2002;37,96293;0,76;107,736
27/01/2002;38,40594;0,99;70,769
28/01/2002;38,78254;1,11;65,227
29/01/2002;39,17751;1,11;69,515
30/01/2002;39,49927;1,1;63,364
31/01/2002;39,77474;1,1;58,244
01/02/2002;40,03097;1,09;56,181
02/02/2002;40,32682;1,09;59,462
03/02/2002;40,66158;1,09;60,134
04/02/2002;40,95774;1,11;55,857
05/02/2002;41,04732;1,11;40,354
06/02/2002;41,02205;1,12;31,241
07/02/2002;41,4378;1,13;70,391
08/02/2002;41,98027;1,15;79,301
09/02/2002;42,63269;1,16;89,847
10/02/2002;43,56519;0,83;107,962
11/02/2002;44,37633;0,85;103,255
12/02/2002;45,16715;0,87;100,28
13/02/2002;45,63128;0,89;72,044
14/02/2002;45,95982;1,19;61,006
15/02/2002;46,27708;1,28;61,11
16/02/2002;46,68766;1,21;70,384
17/02/2002;47,11859;1,22;70,156
18/02/2002;47,41189;1,23;57,545
19/02/2002;47,56926;1,03;47,906
20/02/2002;47,71181;1,03;46,83
21/02/2002;48,00511;1,04;58,447
22/02/2002;48,55997;1,04;82,11
23/02/2002;49,30554;0,74;98,463
24/02/2002;50,24018;0,73;115,445
25/02/2002;50,87765;0,73;88,412
26/02/2002;51,37872;1,04;78,971
27/02/2002;51,82183;1,06;72,803
28/02/2002;52,2644;1,05;71,89
01/03/2002;52,87216;0,75;86,623
02/03/2002;53,44494;0,75;85,268
03/03/2002;53,71606;0,74;53,942
04/03/2002;54,2708;0,75;79,507
05/03/2002;54,56888;0,75;60,369
06/03/2002;54,72416;0,75;47,798
07/03/2002;54,98587;0,75;57,437
08/03/2002;55,2336;0,75;56,283
09/03/2002;55,63341;0,74;70,207
10/03/2002;55,78712;0,74;47,682
11/03/2002;55,91861;0,74;44,26
12/03/2002;55,96291;0,82;38,583
13/03/2002;56,03994;0,79;41,582
14/03/2002;56,07822;0,79;37,88
15/03/2002;56,35258;0,79;56,807
16/03/2002;56,5457;0,79;51,263
17/03/2002;56,67518;1,01;45,084
18/03/2002;56,77362;1,04;40,687
19/03/2002;56,94205;1,04;48,477
20/03/2002;57,08625;1,04;46,614
21/03/2002;57,18726;1,04;42,601
22/03/2002;57,31465;1,04;43,824
23/03/2002;57,38653;1,04;40,132
24/03/2002;57,4205;1,05;35,349
25/03/2002;58,11506;1,06;90,487
26/03/2002;58,63451;0,75;78,482
27/03/2002;59,00398;0,75;66,479
28/03/2002;59,39936;0,75;67,362
29/03/2002;59,65692;0,75;56,051
30/03/2002;59,90727;0,74;52,456
31/03/2002;59,98368;0,74;37,692
01/04/2002;60,05632;0,74;36,263
02/04/2002;60,0812;0,86;36,525
03/04/2002;60,11102;1,03;37,08
04/04/2002;60,3133;1,03;51,57
05/04/2002;60,47667;1,03;48,424
06/04/2002;60,58296;1,03;43,468
07/04/2002;61,26558;1,04;91,392
08/04/2002;61,89773;1,05;86,783
09/04/2002;62,34216;1,04;72,947
10/04/2002;62,56259;1,04;52,368
11/04/2002;62,58946;1,04;35,245
12/04/2002;62,65799;1,04;40,193
13/04/2002;62,7506;1,04;42,593
14/04/2002;62,88631;1,04;37,003
15/04/2002;62,91146;1,04;32,957
16/04/2002;62,93872;1,04;35,657
17/04/2002;62,93728;1,04;33,762
18/04/2002;62,88717;1,04;29,37
19/04/2002;62,88119;1,04;33,245
20/04/2002;62,83791;1,04;30,391
21/04/2002;62,84424;1,04;31,107
22/04/2002;62,80879;1,04;24,446
23/04/2002;62,73125;1,05;26,434
24/04/2002;62,65572;1,05;26,965
25/04/2002;62,61046;1,05;29,362
26/04/2002;62,47822;1,05;21,56
27/04/2002;62,39325;1,05;26,592
28/04/2002;62,3502;1,05;28,393
29/04/2002;62,32875;1,05;28,743
30/04/2002;62,27938;1,05;29,338
01/05/2002;62,25647;1,13;30,994
02/05/2002;62,22615;1,15;29,196
03/05/2002;62,19733;1,15;31,115
04/05/2002;62,18229;1,15;31,736
05/05/2002;62,20845;1,15;34,092
06/05/2002;62,19534;1,15;28,644
07/05/2002;62,30334;1,15;42,361
08/05/2002;62,31939;1,14;34,599
09/05/2002;62,24854;1,14;29,135
10/05/2002;62,17888;1,14;27,131
11/05/2002;62,13806;1,14;29,894
12/05/2002;62,08674;1,15;28,086
13/05/2002;62,0691;1,15;29,114
14/05/2002;61,98451;1,15;26,201
15/05/2002;61,89566;1,14;26,495
16/05/2002;61,78068;1,23;23,864
17/05/2002;61,62576;1,32;20,181
18/05/2002;61,51843;1,34;25,199
19/05/2002;61,41365;1,34;24,373
20/05/2002;61,47161;1,35;35,859
21/05/2002;61,54992;1,35;41,233
22/05/2002;61,64016;1,65;40,553
23/05/2002;61,73293;1,68;40,596
24/05/2002;61,67274;1,68;28,991
25/05/2002;61,56923;1,28;24,902
26/05/2002;61,49894;1,28;25,828
27/05/2002;61,37129;1,28;20,266
28/05/2002;61,18708;1,68;18,58
29/05/2002;61,0099;1,68;18,81
30/05/2002;60,94746;1,68;29,348
31/05/2002;60,82222;1,68;21,755
01/06/2002;60,70977;1,68;23,945
02/06/2002;60,58619;1,68;21,59
03/06/2002;60,50469;1,68;25,355
04/06/2002;60,41746;1,69;27,919
05/06/2002;60,24089;1,69;19,318
06/06/2002;60,13921;1,69;25,915
07/06/2002;59,97711;1,69;20,223
08/06/2002;59,82364;1,68;21,167
09/06/2002;59,78222;1,68;30,52
10/06/2002;59,64613;1,68;20,196
11/06/2002;59,51489;1,68;23,249
12/06/2002;59,32075;1,68;18,12
13/06/2002;59,16554;1,68;20,567
14/06/2002;58,71239;1,68;-5,45
15/06/2002;58,80677;1,69;42,954
16/06/2002;58,68812;1,69;22,272
17/06/2002;58,58439;1,68;23,323
18/06/2002;58,42935;2,6;22,334
19/06/2002;58,18466;3,09;14,963
20/06/2002;57,98361;3,08;17,927
21/06/2002;57,85972;3,08;25,251
22/06/2002;57,64915;3,08;17,77
23/06/2002;57,42953;3,08;14,904
24/06/2002;57,31759;3,08;22,211
25/06/2002;57,1567;3,08;21,27
26/06/2002;57,1027;3,07;29,984
27/06/2002;56,87851;3,08;15,424
28/06/2002;56,66351;3,07;17,056
29/06/2002;56,47006;3,07;16,961
30/06/2002;56,27881;3,06;18,888
01/07/2002;56,06503;3,06;13,678
02/07/2002;55,80294;3,05;13,069
03/07/2002;55,61939;3,05;19,149
04/07/2002;55,4288;3,04;18,708
05/07/2002;55,22502;3,85;18,218
06/07/2002;55,07289;4,11;23,908
07/07/2002;54,87175;4,09;18,19
08/07/2002;54,65785;4,09;13,122
09/07/2002;54,36924;4,09;10,815
10/07/2002;54,10132;4,08;10,265
11/07/2002;53,88301;4,08;17,374
12/07/2002;53,76714;4,08;26,276
13/07/2002;53,67131;4,09;25,074
14/07/2002;53,52052;4,09;21,386
15/07/2002;53,32897;4,09;17,11
16/07/2002;53,13176;4,09;19,121
17/07/2002;52,87396;4,1;14,376
18/07/2002;52,62365;4,09;15,011
19/07/2002;52,36507;4,09;13,453
20/07/2002;52,15854;4,08;19,247
21/07/2002;51,90543;4,08;13,071
22/07/2002;51,7129;4,07;17,013
23/07/2002;51,46969;4,06;15,243
24/07/2002;51,2244;4,06;15,661
25/07/2002;50,98155;4,07;14,21
26/07/2002;50,76719;4,08;18,343
27/07/2002;50,53461;4,08;16,538
28/07/2002;50,3242;4,09;17,164
29/07/2002;50,09105;4,09;13,811
30/07/2002;49,80938;4,09;11,711
31/07/2002;49,58561;4,09;16,277
01/08/2002;49,37243;4,1;16,743
02/08/2002;49,39991;4,1;39,185
03/08/2002;49,45819;2,69;39,418
04/08/2002;49,64169;2,56;49,414
05/08/2002;49,52766;2,56;22,628
06/08/2002;49,40285;2,57;25,13
07/08/2002;49,37175;1,95;31,891
08/08/2002;49,25873;2,77;25,372
09/08/2002;49,19823;1,77;29,107
10/08/2002;49,00913;1,78;18,488
11/08/2002;48,81176;1,76;16,379
12/08/2002;48,57725;1,76;13,735
13/08/2002;48,39574;1,76;18,246
14/08/2002;48,20387;1,78;18,681
15/08/2002;48,03034;1,78;18,708
16/08/2002;47,82411;2,48;16,184
17/08/2002;47,57147;3,03;13,62
18/08/2002;47,31065;3,07;12,65
19/08/2002;47,0972;3,07;14,922
20/08/2002;46,81633;3,61;11,729
21/08/2002;46,54694;4,2;13,653
22/08/2002;46,23447;4,2;9,867
23/08/2002;45,96981;4,2;13,925
24/08/2002;45,69422;4,19;13,129
25/08/2002;45,45253;4,19;14,254
26/08/2002;45,21682;4,13;13,735
27/08/2002;44,95254;4,18;13,423
28/08/2002;44,68639;4,17;13,23
29/08/2002;44,40708;4,17;12,259
30/08/2002;44,17613;4,16;16,652
31/08/2002;43,91067;4,16;12,514
01/09/2002;43,82566;4,15;29,093
02/09/2002;43,63594;4,15;16,817
03/09/2002;43,41648;4,15;16,371
04/09/2002;43,18562;3,63;15,566
05/09/2002;42,97058;3,07;15,239
06/09/2002;42,73943;3,06;15,348
07/09/2002;42,59435;3,06;23,163
08/09/2002;42,66975;3,05;39,631
09/09/2002;42,54856;3,05;20,744
10/09/2002;42,39077;2,26;21,241
11/09/2002;42,16592;2,1;15,934
12/09/2002;41,96155;2,09;18,184
13/09/2002;41,76488;2,09;17,603
14/09/2002;41,54611;2,09;14,868
15/09/2002;41,42979;2,08;22,163
16/09/2002;41,24208;2,08;15,599
17/09/2002;41,02953;2,08;15,543
18/09/2002;40,80556;2,08;15,738
19/09/2002;40,48524;2,98;7,717
20/09/2002;40,23448;3,61;14,541
21/09/2002;40,4381;3,36;54,237
22/09/2002;40,47911;2,15;36,346
23/09/2002;40,42296;2,15;26,498
24/09/2002;40,31071;2,14;23,996
25/09/2002;40,18141;2,14;20,654
26/09/2002;39,96042;2,14;15,301
27/09/2002;39,73674;2,13;15,46
28/09/2002;39,50667;2,13;14,744
29/09/2002;39,29056;2,16;14,807
30/09/2002;39,06833;2,68;13,296
01/10/2002;38,81494;3,35;15,341
02/10/2002;38,6057;3,66;15,76
03/10/2002;38,34698;3,64;13,387
04/10/2002;38,07724;3,63;12,38
05/10/2002;37,81534;3,62;13,082
06/10/2002;37,56301;3,62;14,196
07/10/2002;37,35812;3,62;16,617
08/10/2002;37,10234;3,62;14,873
09/10/2002;36,84818;3,62;14,625
10/10/2002;36,55904;3,61;10,897
11/10/2002;36,26906;4,55;11,757
12/10/2002;35,97694;4,98;12,83
13/10/2002;35,70205;5,11;11,774
14/10/2002;35,48036;5,11;16,006
15/10/2002;35,15986;5,25;10,207
16/10/2002;34,83096;5,42;10,311
17/10/2002;34,48833;5,72;9,031
18/10/2002;34,18178;6,09;11,248
19/10/2002;33,8893;6,08;12,036
20/10/2002;33,57908;6,08;10,373
21/10/2002;33,25654;6,08;9,191
22/10/2002;32,94467;6,09;11,42
23/10/2002;32,65673;5,29;9,755
24/10/2002;32,37465;5,11;9,461
25/10/2002;32,05634;4,67;9,138
26/10/2002;31,94787;5,71;28,907
27/10/2002;31,82366;6,03;27,363
28/10/2002;31,58362;6,04;14,922
29/10/2002;31,35516;6,14;18,452
30/10/2002;31,27702;6,15;32,133
31/10/2002;31,19119;3,84;26,488
01/11/2002;31,0879;3,06;22,42
02/11/2002;30,89028;3,03;17,414
03/11/2002;30,68865;3,03;16,468
04/11/2002;30,4358;3,03;11,698
05/11/2002;30,15097;3,96;12,372
06/11/2002;29,92937;4,39;15,771
07/11/2002;29,7233;4,42;17,926
08/11/2002;29,46576;4,45;13,689
09/11/2002;29,17684;4,45;12,195
10/11/2002;28,88985;4,45;12,606
11/11/2002;28,76961;4,42;25,594
12/11/2002;28,56037;5,19;19,912
13/11/2002;28,3976;5,39;22,273
14/11/2002;28,22323;5,11;19,185
15/11/2002;28,2171;5,33;38,532
16/11/2002;28,241;5,34;39,734
17/11/2002;28,34828;4,29;44,823
18/11/2002;28,3428;3,93;33,537
19/11/2002;28,29733;3,15;31,668
20/11/2002;28,16984;2,47;27,089
21/11/2002;28,22345;2,31;40,539
22/11/2002;28,11418;2,2;25,369
23/11/2002;27,95615;5,06;24,056
24/11/2002;27,76075;5,18;19,234
25/11/2002;27,68692;5,08;29,202
26/11/2002;27,55824;6,34;28,353
27/11/2002;27,47508;7,14;30,905
28/11/2002;27,33079;7,3;26,891
29/11/2002;27,52057;6,51;55,704
30/11/2002;27,60321;4,69;47,512
01/12/2002;27,47866;4,4;22,759
02/12/2002;27,33871;5,26;24,724
03/12/2002;27,11295;6,36;20,416
04/12/2002;26,88748;6,35;19,288
05/12/2002;26,79304;5,16;30,42
06/12/2002;26,72581;4,65;31,116
07/12/2002;26,61673;4,08;27,585
08/12/2002;26,54499;3,9;29,976
09/12/2002;26,49417;4,06;28,41
10/12/2002;26,45934;4,38;33,692
11/12/2002;26,40721;4,38;31,629
12/12/2002;26,43437;4,4;38,682
13/12/2002;26,81598;4,41;71,081
14/12/2002;27,11397;3,79;64,375
15/12/2002;27,37688;3,58;58,638
16/12/2002;27,67732;3,58;60,2
17/12/2002;27,74831;2,06;39,834
18/12/2002;27,72063;1,8;30,714
19/12/2002;27,58399;1,83;22,237
20/12/2002;27,38055;2,83;17,334
21/12/2002;27,45763;2,83;42,793
22/12/2002;27,36709;4,08;27,861
23/12/2002;27,25169;4,34;24,717
24/12/2002;27,21354;4,34;34,236
25/12/2002;27,18205;4,34;34,298
26/12/2002;27,16532;4,33;30,227
27/12/2002;27,0528;4,35;24,904
28/12/2002;26,94917;4,35;26,806
29/12/2002;26,77495;4,36;19,394
30/12/2002;26,59317;4,36;17,533
31/12/2002;26,33926;5,13;14,615
01/01/2003;26,07115;5,32;10,978
02/01/2003;25,88654;5,31;16,467
03/01/2003;25,94171;5,33;42,92
04/01/2003;25,94689;3,65;34,777
05/01/2003;25,97627;2,92;35,181
06/01/2003;25,95782;2,65;30,228
07/01/2003;26,1023;1,89;46,566
08/01/2003;26,10838;1,69;34,589
09/01/2003;26,15482;2,73;39,823
10/01/2003;25,92754;2,87;14,881
11/01/2003;26,00866;2,87;42,456
12/01/2003;26,21084;2,88;52,496
13/01/2003;26,55541;2,88;61,739
14/01/2003;26,53062;1,41;29,059
15/01/2003;26,41219;1,35;20,238
16/01/2003;26,35792;1,65;28,156
17/01/2003;26,90359;1,67;78,197
18/01/2003;28,18079;1,67;147,097
19/01/2003;28,94991;1,68;101,133
20/01/2003;29,73929;1,69;101,395
21/01/2003;30,25881;0,93;79,79
22/01/2003;31,67515;1,1;158,036
23/01/2003;32,81934;0,72;133,449
24/01/2003;33,70874;0,64;110,756
25/01/2003;34,65247;0,64;115,38
26/01/2003;35,66452;0,64;119,815
27/01/2003;36,8648;0,64;137,963
28/01/2003;38,00347;0,64;135,239
29/01/2003;39,58883;0,64;172,283
30/01/2003;41,0592;0,63;164,359
31/01/2003;42,65832;0,62;174,657
01/02/2003;43,98516;0,62;151,326
02/02/2003;44,68127;0,62;95,396
03/02/2003;45,13243;0,62;73,103
04/02/2003;45,47361;1,08;64,967
05/02/2003;45,74034;1,21;59,197
06/02/2003;46,15183;1,21;71,996
07/02/2003;46,45195;1,2;61,11
08/02/2003;46,63426;1,2;50,855
09/02/2003;46,77845;1,55;45,993
10/02/2003;46,86647;1,7;39,535
11/02/2003;46,95239;1,7;43,382
12/02/2003;47,01038;1,97;41,035
13/02/2003;46,77098;2,24;14,492
14/02/2003;47,15416;2,24;68,86
15/02/2003;47,16468;2,24;34,832
16/02/2003;47,36025;2,24;50,629
17/02/2003;47,43835;2,24;39,653
18/02/2003;48,33229;1,64;110,231
19/02/2003;48,57285;1,28;54,939
20/02/2003;48,80957;1,28;55,829
21/02/2003;49,05636;1,29;56,656
22/02/2003;49,21424;1,29;49,218
23/02/2003;49,29585;1,29;41,235
24/02/2003;49,27479;1,29;31,191
25/02/2003;49,2775;1,29;36,303
26/02/2003;49,23206;1,69;31,689
27/02/2003;49,16545;1,97;28,857
28/02/2003;49,0947;2,24;28,525
01/03/2003;48,9921;2,24;26,539
02/03/2003;48,86307;2,24;22,217
03/03/2003;48,69974;2,25;18,114
04/03/2003;48,70073;2,25;32,691
05/03/2003;48,63675;2,25;27,092
06/03/2003;48,65008;2,25;35,307
07/03/2003;48,88259;2,02;54,395
08/03/2003;48,87694;1,72;33,997
09/03/2003;49,14293;1,72;55,923
10/03/2003;49,18563;1,73;36,094
11/03/2003;49,34838;1,73;49,474
12/03/2003;49,43055;1,73;42,109
13/03/2003;49,61379;1,73;51,14
14/03/2003;49,74384;1,73;46,472
15/03/2003;49,8586;1,73;45,987
16/03/2003;49,97791;1,73;45,997
17/03/2003;49,94747;1,73;31,443
18/03/2003;49,97402;1,73;36,769
19/03/2003;49,99697;1,73;36,833
20/03/2003;50,03556;1,73;38,257
21/03/2003;50,17309;1,73;47,674
22/03/2003;50,45155;1,73;59,055
23/03/2003;50,52524;1,73;40,303
24/03/2003;50,56118;1,73;35,544
25/03/2003;50,62464;1,73;41,576
26/03/2003;50,55957;1,73;30,188
27/03/2003;50,51251;1,73;31,154
28/03/2003;50,51053;1,73;34,646
29/03/2003;50,46861;1,73;30,568
30/03/2003;50,39207;1,73;28,954
31/03/2003;50,31476;1,73;23,345
01/04/2003;50,18403;2,17;23,464
02/04/2003;50,0619;2,23;25,065
03/04/2003;49,96297;2,23;26,077
04/04/2003;49,80327;2,23;20,828
05/04/2003;49,75311;2,23;30,312
06/04/2003;49,65615;2,23;26,46
07/04/2003;49,62815;2,23;30,085
08/04/2003;49,56566;2,23;28,324
09/04/2003;49,43745;2,23;23,735
10/04/2003;49,32032;2,22;25,031
11/04/2003;49,2365;2,22;27,386
12/04/2003;49,19658;2,22;32,065
13/04/2003;49,08611;2,22;24,433
14/04/2003;48,96197;2,22;21,991
15/04/2003;48,74587;2,22;16,096
16/04/2003;48,52135;2,22;15,144
17/04/2003;48,35498;2,22;20,43
18/04/2003;48,23465;2,54;25,238
19/04/2003;48,11378;2,71;22,539
20/04/2003;48,16419;2,71;37,82
21/04/2003;48,21454;2,11;35,669
22/04/2003;48,14872;2,11;26,531
23/04/2003;47,96298;2,72;20,748
24/04/2003;47,88568;2,72;28,384
25/04/2003;47,76039;2,73;23,005
26/04/2003;47,60368;2,73;21,862
27/04/2003;47,45363;2,73;21,269
28/04/2003;47,28952;2,73;20,073
29/04/2003;47,09128;2,73;19,454
30/04/2003;46,91821;2,73;21,072
01/05/2003;46,74785;3,06;20,574
02/05/2003;46,57641;3,32;19,17
03/05/2003;46,6255;3,22;38,713
04/05/2003;46,58128;3,22;29,355
05/05/2003;46,48451;3,22;26,824
06/05/2003;46,44298;2,78;29,805
07/05/2003;46,44702;2,73;35,75
08/05/2003;46,28814;2,73;21,145
09/05/2003;46,07786;2,71;17,02
10/05/2003;45,90972;2,72;20,324
11/05/2003;45,73634;2,72;19,109
12/05/2003;45,57152;2,72;18,163
13/05/2003;45,37017;2,72;18,087
14/05/2003;45,18346;2,72;19,393
15/05/2003;44,9621;3,11;15,858
16/05/2003;44,72223;3,32;15,26
17/05/2003;44,52814;3,32;19,219
18/05/2003;44,3405;3,32;20,444
19/05/2003;44,19893;3,32;21,062
20/05/2003;44,00128;3,72;20,246
21/05/2003;43,7904;3,91;19,42
22/05/2003;43,595;3,9;19,43
23/05/2003;43,36828;3,9;16,486
24/05/2003;43,2653;3,9;27,234
25/05/2003;43,11339;3,9;21,909
26/05/2003;42,92464;4,0;17,552
27/05/2003;42,69558;4,0;16,453
28/05/2003;42,53279;3,9;21,291
29/05/2003;42,36037;3,9;18,931
30/05/2003;42,16592;3,91;19,079
31/05/2003;41,92153;3,91;15,007
01/06/2003;41,69062;3,9;15,727
02/06/2003;41,49317;3,9;16,622
03/06/2003;41,28517;3,9;18,568
04/06/2003;41,05475;3,9;16,125
05/06/2003;40,83484;3,9;16,763
06/06/2003;40,76138;3,9;28,62
07/06/2003;40,60974;3,91;23,378
08/06/2003;40,47407;3,91;23,828
09/06/2003;40,29262;3,91;16,978
10/06/2003;40,09098;3,91;18,611
11/06/2003;39,89219;3,91;17,353
12/06/2003;39,66388;3,91;15,679
13/06/2003;39,46723;3,91;19,101
14/06/2003;39,24586;3,9;17,148
15/06/2003;39,01225;3,9;15,049
16/06/2003;38,85404;3,9;20,332
17/06/2003;38,6319;3,9;17,944
18/06/2003;38,3358;3,9;11,242
19/06/2003;38,09062;3,9;14,684
20/06/2003;37,88969;3,91;16,883
21/06/2003;37,71852;4,01;20,067
22/06/2003;37,49924;3,91;14,021
23/06/2003;37,28511;3,91;14,339
24/06/2003;37,01006;3,91;12,579
25/06/2003;36,73472;4,7;12,696
26/06/2003;36,48922;4,92;15,202
27/06/2003;36,22229;4,82;13,515
28/06/2003;35,92486;4,82;11,07
29/06/2003;35,64648;4,8;12,013
30/06/2003;35,37907;4,8;11,758
01/07/2003;35,10272;4,79;12,875
02/07/2003;34,85772;4,8;14,7
03/07/2003;34,59043;4,8;13,399
04/07/2003;34,32381;4,79;13,196
05/07/2003;34,12008;4,79;19,539
06/07/2003;33,86212;4,79;12,575
07/07/2003;33,60643;4,79;11,394
08/07/2003;33,35307;4,79;14,158
09/07/2003;33,04554;4,79;9,357
10/07/2003;32,74191;4,79;9,323
11/07/2003;32,68781;4,79;30,17
12/07/2003;32,50451;4,51;17,721
13/07/2003;32,32768;4,39;17,525
14/07/2003;32,17902;4,4;19,088
15/07/2003;31,94357;4,41;16,172
16/07/2003;31,70456;4,42;15,875
17/07/2003;31,43941;4,42;13,463
18/07/2003;31,1918;4,43;14,167
19/07/2003;30,93261;4,43;13,466
20/07/2003;30,64747;4,43;10,825
21/07/2003;30,41338;4,44;13,204
22/07/2003;30,13185;4,44;12,241
23/07/2003;29,89882;4,43;15,763
24/07/2003;29,6435;4,43;14,079
25/07/2003;29,37017;4,43;11,727
26/07/2003;29,08409;4,67;10,616
27/07/2003;28,80607;4,81;10,237
28/07/2003;28,54708;4,82;10,651
29/07/2003;28,23458;4,83;9,82
30/07/2003;27,93398;4,83;9,466
31/07/2003;27,67174;4,85;12,833
01/08/2003;27,41013;4,83;13,191
02/08/2003;27,14209;4,83;12,869
03/08/2003;26,9037;4,97;14,315
04/08/2003;26,65379;4,98;11,599
05/08/2003;26,3715;4,88;10,779
06/08/2003;26,07708;4,82;10,536
07/08/2003;25,7716;4,82;9,883
08/08/2003;25,49671;4,83;11,563
09/08/2003;25,2042;4,83;10,365
10/08/2003;24,96481;4,86;12,78
11/08/2003;24,7128;4,83;9,938
12/08/2003;24,41503;4,83;10,811
13/08/2003;24,11766;4,83;9,959
14/08/2003;23,84436;4,84;12,999
15/08/2003;23,5394;4,84;9,93
16/08/2003;23,33096;4,84;19,229
17/08/2003;23,08188;4,84;13,428
18/08/2003;22,8996;4,83;16,865
19/08/2003;22,6284;4,82;13,187
20/08/2003;22,36267;4,82;13,713
21/08/2003;22,02688;4,82;7,915
22/08/2003;21,68675;5,27;7,606
23/08/2003;21,37857;5,33;10,964
24/08/2003;21,07097;5,33;11,031
25/08/2003;20,75139;5,32;7,578
26/08/2003;20,46514;5,04;9,945
27/08/2003;20,22177;4,83;13,124
28/08/2003;19,98654;4,83;14,391
29/08/2003;19,77909;4,82;13,953
30/08/2003;19,5363;4,92;13,185
31/08/2003;19,29379;4,83;13,558
01/09/2003;19,07876;4,83;14,805
02/09/2003;18,80645;4,79;12,618
03/09/2003;18,52771;4,79;11,426
04/09/2003;18,20207;4,78;8,52
05/09/2003;17,9546;4,83;15,543
06/09/2003;17,66774;4,83;13,504
07/09/2003;17,3735;4,83;11,552
08/09/2003;17,08476;4,83;11,103
09/09/2003;16,79687;5,3;10,768
10/09/2003;16,44763;5,32;6,479
11/09/2003;16,25045;5,32;17,488
12/09/2003;16,07183;5,29;17,919
13/09/2003;15,74582;5,26;7,694
14/09/2003;15,44332;5,25;7,159
15/09/2003;15,18963;5,24;11,072
16/09/2003;14,89908;5,33;11,729
17/09/2003;14,70089;5,33;19,092
18/09/2003;14,45932;5,33;16,025
19/09/2003;14,22273;5,29;15,168
20/09/2003;13,95539;5,33;14,614
21/09/2003;13,66675;5,33;12,412
22/09/2003;13,40425;5,32;12,066
23/09/2003;13,06983;5,21;8,545
24/09/2003;12,73123;5,3;7,618
25/09/2003;12,37455;5,32;6,762
26/09/2003;12,02312;5,32;6,721
27/09/2003;11,76807;5,32;10,535
28/09/2003;11,76286;5,32;11,849
29/09/2003;11,48518;5,3;10,205
30/09/2003;11,22457;5,32;10,683
01/10/2003;10,93869;5,33;7,671
02/10/2003;10,57561;5,33;5,161
03/10/2003;10,22106;5,31;7,004
04/10/2003;9,90811;5,31;10,104
05/10/2003;9,56146;5,33;6,346
06/10/2003;9,20719;5,33;5,34
07/10/2003;8,8408;5,33;6,798
08/10/2003;8,72355;5,04;26,499
09/10/2003;8,48268;4,35;15,949
10/10/2003;8,32897;4,63;24,334
11/10/2003;8,28107;4,33;31,346
12/10/2003;9,37027;3,06;127,041
13/10/2003;9,37031;2,44;30,357
14/10/2003;9,20982;2,43;20,132
15/10/2003;9,00426;2,42;13,727
16/10/2003;8,78333;2,42;14,284
17/10/2003;8,51677;3,18;12,521
18/10/2003;8,22895;3,53;11,456
19/10/2003;7,92697;3,86;9,248
20/10/2003;7,68654;3,92;12,315
21/10/2003;7,42012;3,91;10,661
22/10/2003;7,08921;3,91;6,53
23/10/2003;6,7976;3,92;10,417
24/10/2003;6,55639;4,21;13,032
25/10/2003;6,25976;4,32;11,39
26/10/2003;5,93908;4,78;8,146
27/10/2003;5,63109;4,82;8,888
28/10/2003;5,35081;4,79;10,222
29/10/2003;5,24588;4,73;22,76
30/10/2003;5,42492;4,71;50,615
31/10/2003;5,39857;4,37;33,135
01/11/2003;5,29545;4,89;26,847
02/11/2003;5,04542;4,28;11,83
03/11/2003;4,99706;3,97;26,975
04/11/2003;4,80944;3,83;17,336
05/11/2003;4,56351;3,83;12,982
06/11/2003;4,34645;3,84;16,081
07/11/2003;4,31463;3,84;31,753
08/11/2003;4,10609;3,43;17,467
09/11/2003;3,94791;3,32;18,887
10/11/2003;3,74807;3,32;15,785
11/11/2003;3,45859;3,28;10,179
12/11/2003;3,11502;3,76;5,12
13/11/2003;2,82306;3,86;9,849
14/11/2003;2,92828;3,03;43,127
15/11/2003;2,7894;2,87;22,019
16/11/2003;2,60238;2,87;15,903
17/11/2003;2,50227;2,87;21,833
18/11/2003;3,16694;1,69;90,281
19/11/2003;3,10321;1,53;26,415
20/11/2003;3,14359;1,53;35,506
21/11/2003;2,97224;1,54;16,945
22/11/2003;2,81389;1,54;17,203
23/11/2003;2,63682;1,54;15,05
24/11/2003;2,44375;1,54;13,191
25/11/2003;2,23626;1,54;14,322
26/11/2003;2,01763;1,98;13,711
27/11/2003;1,88042;2,04;20,582
28/11/2003;1,85182;2,04;30,915
29/11/2003;1,69935;2,04;18,249
30/11/2003;1,59497;2,04;20,146
01/12/2003;1,59881;2,04;32,655
02/12/2003;2,21937;1,58;88,48
03/12/2003;2,32827;1,54;43,655
04/12/2003;2,57644;1,54;56,428
05/12/2003;2,78943;1,54;53,913
06/12/2003;2,98676;1,54;52,585
07/12/2003;3,09156;1,54;41,942
08/12/2003;3,15348;1,54;35,5
09/12/2003;3,01491;1,54;20,603
10/12/2003;3,18968;1,54;46,579
11/12/2003;3,11418;1,55;26,072
12/12/2003;3,04018;1,55;27,05
13/12/2003;2,93211;1,55;23,831
14/12/2003;2,79798;1,54;19,814
15/12/2003;2,62815;1,54;16,791
16/12/2003;2,43997;1,86;17,524
17/12/2003;2,57574;2,04;47,436
18/12/2003;2,68073;2,05;43,18
19/12/2003;2,67634;2,05;31,548
20/12/2003;2,60018;2,31;27,017
21/12/2003;2,90254;2,32;60,202
22/12/2003;3,21108;2,05;57,37
23/12/2003;3,59006;1,7;67,831
24/12/2003;4,00563;1,56;70,288
25/12/2003;4,10498;1,56;40,237
26/12/2003;4,20025;1,56;35,421
27/12/2003;4,16785;1,56;28,603
28/12/2003;4,13385;1,56;27,629
29/12/2003;4,26952;1,55;41,904
30/12/2003;3,84035;2,0;-5,074
31/12/2003;5,33596;2,06;172,128
01/01/2004;3,55809;2,06;30,312
02/01/2004;3,68156;2,06;35,159
03/01/2004;3,80497;2,06;38,65
04/01/2004;3,70285;2,06;21,847
05/01/2004;3,69549;2,06;29,726
06/01/2004;3,56965;2,06;22,293
07/01/2004;3,36225;2,71;16,996
08/01/2004;3,4205;2,24;35,833
09/01/2004;3,59163;1,84;46,73
10/01/2004;3,9621;1,74;63,8
11/01/2004;4,11828;1,74;45,13
12/01/2004;4,24083;1,74;40,755
13/01/2004;4,44674;1,75;50,835
14/01/2004;4,47121;1,75;34,44
15/01/2004;4,53448;1,75;38,383
16/01/2004;4,80627;1,75;57,373
17/01/2004;4,84699;1,73;35,654
18/01/2004;4,74144;1,75;21,072
19/01/2004;4,60524;1,75;16,545
20/01/2004;4,42844;1,74;17,516
21/01/2004;4,19623;1,74;12,189
22/01/2004;4,0191;1,74;15,562
23/01/2004;4,15753;1,74;44,06
24/01/2004;4,19713;1,75;36,244
25/01/2004;4,17249;1,75;30,255
26/01/2004;4,07737;1,75;22,607
27/01/2004;4,28172;1,75;50,956
28/01/2004;4,5015;1,31;51,294
29/01/2004;4,66495;1,23;46,358
30/01/2004;4,67303;1,23;34,399
31/01/2004;4,70098;1,23;35,57
01/02/2004;4,77766;1,23;38,687
02/02/2004;4,78497;1,23;31,786
03/02/2004;4,80405;1,23;34,786
04/02/2004;4,74854;1,23;28,815
05/02/2004;4,68024;1,24;26,856
06/02/2004;5,00358;1,24;61,113
07/02/2004;5,43668;0,98;69,883
08/02/2004;5,6489;0,94;50,461
09/02/2004;5,58038;0,94;25,353
10/02/2004;5,49915;1,13;25,107
11/02/2004;5,41078;1,24;24,317
12/02/2004;5,32479;1,24;25,085
13/02/2004;5,19424;1,4;21,17
14/02/2004;5,18267;1,44;32,973
15/02/2004;5,36077;1,44;48,806
16/02/2004;5,76322;1,22;66,411
17/02/2004;5,92853;1,15;48,996
18/02/2004;5,99352;1,15;40,472
19/02/2004;5,92793;1,15;27,989
20/02/2004;5,92336;1,15;34,566
21/02/2004;5,85191;1,15;26,65
22/02/2004;6,60611;1,15;97,711
23/02/2004;7,83247;1,15;136,508
24/02/2004;9,57558;1,16;183,666
25/02/2004;10,88084;1,17;145,904
26/02/2004;12,10028;0,74;139,838
27/02/2004;13,14209;0,6;125,261
28/02/2004;14,03195;0,96;113,102
29/02/2004;14,5543;1,01;78,022
01/03/2004;14,82294;1,0;55,542
02/03/2004;15,06041;1,0;54,489
03/03/2004;15,11957;1,0;38,808
04/03/2004;15,18479;1,0;39,434
05/03/2004;15,35549;1,0;46,959
06/03/2004;15,50728;1,0;45,522
07/03/2004;15,85075;1,0;60,887
08/03/2004;16,08275;1,0;50,056
09/03/2004;16,19433;1,0;42,8
10/03/2004;16,23581;1,0;37,467
11/03/2004;16,27073;1,24;34,925
12/03/2004;16,27285;1,3;32,614
13/03/2004;16,28208;1,3;32,772
14/03/2004;16,29719;1,31;32,683
15/03/2004;16,47781;1,31;43,92
16/03/2004;16,61019;1,31;43,79
17/03/2004;16,7192;1,31;41,794
18/03/2004;16,70381;1,31;30,386
19/03/2004;16,63092;1,3;25,669
20/03/2004;16,90103;1,3;55,874
21/03/2004;17,05824;1,3;43,753
22/03/2004;17,12136;1,3;34,953
23/03/2004;17,09539;1,3;29,337
24/03/2004;17,02382;1,3;23,915
25/03/2004;16,93303;1,3;23,09
26/03/2004;16,87841;1,3;26,715
27/03/2004;17,27496;1,3;67,624
28/03/2004;17,2634;1,3;30,633
29/03/2004;17,21466;1,3;22,783
30/03/2004;17,24831;1,3;35,326
31/03/2004;17,27576;1,3;33,501
01/04/2004;17,28877;1,3;32,268
02/04/2004;17,25636;1,3;28,76
03/04/2004;17,18065;1,3;25,694
04/04/2004;17,0761;1,3;21,571
05/04/2004;17,2995;1,3;49,23
06/04/2004;17,32994;1,3;34,155
07/04/2004;17,53519;1,3;48,137
08/04/2004;17,58624;1,3;36,163
09/04/2004;17,54826;1,3;28,484
10/04/2004;17,58646;1,3;31,151
11/04/2004;17,60823;1,3;30,826
12/04/2004;17,54608;1,3;23,014
13/04/2004;17,45958;1,3;25,86
14/04/2004;17,40091;1,3;26,976
15/04/2004;17,42253;1,3;32,95
16/04/2004;17,52964;1,3;41,222
17/04/2004;17,88201;1,31;64,679
18/04/2004;17,90846;1,31;34,584
19/04/2004;17,93067;1,31;32,496
20/04/2004;18,62291;1,31;92,625
21/04/2004;18,97051;1,31;61,291
22/04/2004;19,24259;1,31;53,904
23/04/2004;19,32079;1,31;39,214
24/04/2004;19,29673;1,31;31,406
25/04/2004;19,30062;1,31;32,187
26/04/2004;19,19073;1,31;20,479
27/04/2004;19,20161;1,31;33,281
28/04/2004;19,16486;1,31;29,212
29/04/2004;19,06082;1,31;23,148
30/04/2004;18,95802;1,3;23,492
01/05/2004;18,85378;1,3;24,105
02/05/2004;18,72167;1,29;19,59
03/05/2004;18,60212;1,29;20,0
04/05/2004;18,45214;1,29;19,705
05/05/2004;18,37038;2,19;26,389
06/05/2004;18,35563;2,1;32,178
07/05/2004;18,45443;2,3;41,167
08/05/2004;18,71222;1,45;54,756
09/05/2004;18,83219;1,31;41,519
10/05/2004;18,89842;1,31;35,629
11/05/2004;18,84222;1,31;27,035
12/05/2004;18,76378;1,3;25,447
13/05/2004;18,63002;1,3;19,846
14/05/2004;18,48128;1,3;18,593
15/05/2004;18,41407;1,3;26,089
16/05/2004;18,58865;1,31;45,672
17/05/2004;18,64239;1,31;35,826
18/05/2004;18,65788;1,31;35,382
19/05/2004;18,67731;1,31;33,235
20/05/2004;18,59059;1,31;23,246
21/05/2004;18,50246;1,83;22,756
22/05/2004;18,57199;2,31;38,228
23/05/2004;18,60692;2,31;33,378
24/05/2004;18,63005;2,31;31,298
25/05/2004;18,7335;1,86;41,306
26/05/2004;19,17454;1,35;70,271
27/05/2004;19,64435;1,11;71,396
28/05/2004;19,88198;1,11;52,561
29/05/2004;19,89884;1,12;32,176
30/05/2004;19,90692;1,12;29,864
31/05/2004;20,08403;1,12;43,876
01/06/2004;20,51287;1,12;67,795
02/06/2004;20,81777;1,12;58,224
03/06/2004;21,1445;1,13;57,653
04/06/2004;21,91175;1,13;97,158
05/06/2004;22,59975;1,13;91,063
06/06/2004;22,94954;1,13;60,762
07/06/2004;23,15841;1,13;47,694
08/06/2004;23,28515;1,13;41,563
09/06/2004;23,38107;1,13;37,458
10/06/2004;23,40699;1,13;30,456
11/06/2004;23,39953;1,12;28,88
12/06/2004;23,45325;1,12;35,313
13/06/2004;23,7624;1,12;55,488
14/06/2004;23,90602;1,12;39,412
15/06/2004;23,96147;1,12;34,817
16/06/2004;24,00813;1,11;34,08
17/06/2004;24,03431;1,11;33,365
18/06/2004;24,06305;1,1;33,844
19/06/2004;24,06564;1,11;32,044
20/06/2004;24,06501;1,11;29,215
21/06/2004;24,06723;1,11;26,834
22/06/2004;24,01064;1,11;25,653
23/06/2004;23,95141;1,29;24,337
24/06/2004;23,88243;1,31;23,435
25/06/2004;23,87569;1,31;29,5
26/06/2004;23,83786;1,31;28,557
27/06/2004;23,84357;1,31;29,884
28/06/2004;23,76891;1,31;21,434
29/06/2004;23,72086;1,31;26,653
30/06/2004;23,68911;1,31;28,279
01/07/2004;23,63215;1,31;25,104
02/07/2004;23,51749;1,31;19,958
03/07/2004;23,40894;1,31;20,535
04/07/2004;23,30883;1,31;20,913
05/07/2004;23,28992;1,31;25,956
06/07/2004;23,22515;1,31;24,528
07/07/2004;23,1105;1,31;17,951
08/07/2004;22,99392;1,31;19,109
09/07/2004;22,9756;1,31;27,093
10/07/2004;22,99567;1,31;28,569
11/07/2004;23,30341;1,31;53,456
12/07/2004;23,54775;1,16;46,627
13/07/2004;23,55532;1,12;31,275
14/07/2004;23,53158;1,12;28,462
15/07/2004;23,39763;1,12;18,96
16/07/2004;23,29171;1,12;21,496
17/07/2004;23,31074;1,12;31,939
18/07/2004;23,3746;1,12;20,916
19/07/2004;23,36997;1,11;27,637
20/07/2004;24,28638;1,12;106,187
21/07/2004;24,87705;1,12;80,63
22/07/2004;25,20484;1,12;57,311
23/07/2004;25,32003;1,12;37,14
24/07/2004;25,38574;1,13;34,285
25/07/2004;25,40293;1,12;28,592
26/07/2004;25,43476;1,12;28,341
27/07/2004;25,3693;1,12;23,008
28/07/2004;25,31664;1,11;22,421
29/07/2004;25,31553;1,11;29,863
30/07/2004;25,23826;1,11;21,495
31/07/2004;25,19394;1,11;26,198
01/08/2004;25,11436;1,11;22,148
02/08/2004;25,07888;1,11;22,86
03/08/2004;24,96946;1,11;20,332
04/08/2004;24,8883;1,56;21,66
05/08/2004;24,83319;1,62;25,736
06/08/2004;24,73586;1,62;22,177
07/08/2004;24,58821;1,04;17,734
08/08/2004;24,47933;2,11;21,876
09/08/2004;24,42794;2,1;22,524
10/08/2004;24,29222;2,1;19,615
11/08/2004;24,15621;2,1;19,088
12/08/2004;24,0149;2,1;19,016
13/08/2004;23,84857;2,1;16,808
14/08/2004;23,68144;2,73;17,53
15/08/2004;23,59447;3,1;22,546
16/08/2004;23,3953;3,1;11,385
17/08/2004;23,24303;3,1;18,955
18/08/2004;23,09434;3,5;18,771
19/08/2004;22,97987;3,74;22,169
20/08/2004;22,81733;4,13;18,854
21/08/2004;22,63238;4,13;18,897
22/08/2004;22,48832;4,0;21,144
23/08/2004;22,3684;4,0;18,451
24/08/2004;22,19741;4,0;19,061
25/08/2004;22,0825;4,01;20,513
26/08/2004;21,90072;4,01;17,114
27/08/2004;21,71333;4,01;15,028
28/08/2004;21,55689;4,01;18,235
29/08/2004;21,43543;4,01;19,242
30/08/2004;21,26134;4,01;15,298
31/08/2004;21,07514;4,01;17,259
01/09/2004;37,65893;4,42;16,471
02/09/2004;37,45079;5,61;11,318
03/09/2004;37,28263;5,61;18,083
04/09/2004;37,09261;5,61;14,773
05/09/2004;36,92036;5,61;15,204
06/09/2004;36,75175;5,62;14,638
07/09/2004;36,55745;5,62;14,266
08/09/2004;36,41248;5,61;19,285
09/09/2004;36,20843;5,61;14,503
10/09/2004;35,99935;5,62;14,892
11/09/2004;35,73605;5,63;9,752
12/09/2004;35,51569;5,63;13,092
13/09/2004;35,34383;5,63;15,234
14/09/2004;35,12572;5,63;13,517
15/09/2004;34,95883;5,62;19,081
16/09/2004;34,72554;5,62;12,117
17/09/2004;34,48929;5,61;11,244
18/09/2004;34,29881;5,61;15,712
19/09/2004;34,34624;5,62;41,92
20/09/2004;34,23963;5,62;25,007
21/09/2004;34,04217;5,64;15,84
22/09/2004;33,82929;5,64;14,35
23/09/2004;33,62827;5,64;15,836
24/09/2004;33,45149;5,65;17,915
25/09/2004;33,21388;5,68;11,105
26/09/2004;32,99687;5,7;11,685
27/09/2004;32,85871;5,71;20,371
28/09/2004;32,67881;5,73;17,308
29/09/2004;32,43931;5,74;11,258
30/09/2004;32,20567;5,73;10,726
01/10/2004;32,1058;5,7;27,035
02/10/2004;31,82927;5,74;5,537
03/10/2004;31,64076;6,1;15,328
04/10/2004;31,63646;6,09;36,07
05/10/2004;31,49708;6,12;23,907
06/10/2004;31,34029;6,12;20,67
07/10/2004;31,16419;6,06;17,373
08/10/2004;30,98042;6,11;16,007
09/10/2004;30,75986;6,1;12,809
10/10/2004;30,55972;6,08;13,437
11/10/2004;30,47142;6,12;23,97
12/10/2004;30,39356;6,12;27,089
13/10/2004;30,26369;6,14;21,448
14/10/2004;30,29542;6,14;41,484
15/10/2004;30,26142;4,28;32,004
16/10/2004;30,30984;3,9;40,085
17/10/2004;30,17645;3,91;19,94
18/10/2004;30,39173;3,92;56,473
19/10/2004;30,32166;3,92;27,747
20/10/2004;30,46622;3,53;50,794
21/10/2004;30,33967;3,43;19,679
22/10/2004;30,26777;3,43;25,257
23/10/2004;30,15176;3,42;23,168
24/10/2004;30,06052;3,41;24,831
25/10/2004;29,99715;3,41;24,93
26/10/2004;30,30469;3,41;68,644
27/10/2004;30,31439;3,43;34,768
28/10/2004;30,19963;3,43;21,758
29/10/2004;30,07399;3,43;19,668
30/10/2004;29,94793;3,42;22,225
31/10/2004;29,79104;3,42;18,97
01/11/2004;29,68064;3,32;21,673
02/11/2004;29,51107;3,0;15,451
03/11/2004;29,36477;2,99;17,641
04/11/2004;29,21066;3,81;20,644
05/11/2004;29,10095;4,4;23,599
06/11/2004;29,03093;4,4;29,267
07/11/2004;29,10393;4,4;43,562
08/11/2004;29,21664;4,4;45,905
09/11/2004;29,2809;4,39;43,318
10/11/2004;29,23381;4,39;30,834
11/11/2004;29,09159;4,39;21,082
12/11/2004;28,93358;4,38;17,304
13/11/2004;28,78056;4,37;18,944
14/11/2004;28,61884;4,37;16,303
15/11/2004;28,48127;4,36;16,713
16/11/2004;28,51912;4,35;37,251
17/11/2004;28,99139;3,2;85,606
18/11/2004;29,36919;2,9;76,678
19/11/2004;29,54298;2,9;54,617
20/11/2004;29,68871;2,9;50,921
21/11/2004;29,73705;2,91;39,539
22/11/2004;29,66254;2,91;24,08
23/11/2004;29,53657;2,9;20,439
24/11/2004;29,41991;2,9;21,983
25/11/2004;29,28042;2,9;19,108
26/11/2004;29,09669;2,9;15,425
27/11/2004;28,9297;4,13;18,674
28/11/2004;28,86485;4,36;29,314
29/11/2004;29,17238;3,87;68,141
30/11/2004;29,34011;2,41;53,922
01/12/2004;29,31471;2,41;31,784
02/12/2004;29,21231;2,4;22,615
03/12/2004;29,11385;2,4;23,511
04/12/2004;29,14742;2,4;38,082
05/12/2004;29,08139;2,4;25,914
06/12/2004;29,07595;2,6;31,549
07/12/2004;29,17789;2,9;45,88
08/12/2004;29,43057;2,9;62,956
09/12/2004;29,74598;2,9;70,39
10/12/2004;29,95472;2,9;57,26
11/12/2004;29,99673;2,9;37,747
12/12/2004;30,00471;2,9;33,31
13/12/2004;30,02315;2,9;33,797
14/12/2004;29,93805;2,89;24,856
15/12/2004;29,84161;2,89;24,447
16/12/2004;29,75293;2,9;25,029
17/12/2004;29,68176;2,89;27,534
18/12/2004;29,62769;2,89;28,639
19/12/2004;29,69037;2,89;39,288
20/12/2004;29,66071;2,91;29,217
21/12/2004;29,67988;2,91;37,542
22/12/2004;29,73171;2,91;38,343
23/12/2004;29,83351;2,91;44,159
24/12/2004;29,85407;2,92;35,862
25/12/2004;29,87223;2,92;32,973
26/12/2004;29,88768;2,92;33,366
27/12/2004;30,58282;2,93;109,235
28/12/2004;30,82709;2,93;63,377
29/12/2004;30,89038;2,93;41,802
30/12/2004;30,86274;2,9;30,951
31/12/2004;30,79925;2,9;26,867
01/01/2005;30,77723;2,93;29,985
02/01/2005;30,75187;2,93;26,445
03/01/2005;30,73598;2,93;30,184
04/01/2005;30,71517;3,33;31,998
05/01/2005;30,86431;3,43;49,683
06/01/2005;31,07697;2,7;55,121
07/01/2005;31,18992;2,5;44,82
08/01/2005;31,32604;2,5;49,712
09/01/2005;31,50404;2,5;53,154
10/01/2005;31,65371;2,5;48,759
11/01/2005;31,8155;2,5;53,231
12/01/2005;32,55136;2,51;114,967
13/01/2005;32,91505;2,51;73,781
14/01/2005;33,11321;2,51;55,816
15/01/2005;33,26486;2,51;51,416
16/01/2005;33,15939;2,51;21,486
17/01/2005;33,84422;2,51;108,462
18/01/2005;34,62014;2,51;119,966
19/01/2005;35,06587;2,51;83,863
20/01/2005;35,63195;2,51;97,164
21/01/2005;36,37827;2,52;116,779
22/01/2005;37,28643;2,53;135,184
23/01/2005;37,959;2,56;108,758
24/01/2005;38,59744;2,54;104,158
25/01/2005;39,03991;2,54;83,154
26/01/2005;40,11434;2,54;153,465
27/01/2005;41,13066;2,54;148,825
28/01/2005;41,80423;2,54;109,705
29/01/2005;42,41864;2,54;104,859
30/01/2005;42,90744;2,54;87,52
31/01/2005;43,42584;2,54;90,173
01/02/2005;43,72929;2,53;69,647
02/02/2005;44,03679;2,53;69,24
03/02/2005;44,52124;2,53;88,546
04/02/2005;45,04083;2,53;93,637
05/02/2005;45,40014;2,53;73,595
06/02/2005;45,75091;2,53;71,264
07/02/2005;46,0703;2,53;65,102
08/02/2005;46,32605;2,53;60,971
09/02/2005;46,4416;2,52;44,709
10/02/2005;46,54584;2,52;45,7
11/02/2005;46,55116;2,52;34,973
12/02/2005;46,73802;2,52;55,73
13/02/2005;46,98301;2,52;60,956
14/02/2005;47,13347;2,52;49,896
15/02/2005;47,26658;2,52;48,595
16/02/2005;47,31504;2,52;39,024
17/02/2005;47,34728;2,52;38,136
18/02/2005;47,36137;2,52;35,771
19/02/2005;47,45436;2,52;46,167
20/02/2005;47,50398;2,52;38,74
21/02/2005;47,51317;2,52;34,932
22/02/2005;47,52553;2,52;37,485
23/02/2005;47,49612;3,29;33,627
24/02/2005;47,46645;4,21;33,515
25/02/2005;47,4117;4,22;30,129
26/02/2005;47,5793;4,22;55,063
27/02/2005;47,8068;4,22;61,042
28/02/2005;48,67693;4,23;132,389
01/03/2005;48,77298;4,24;47,754
02/03/2005;48,76252;4,25;35,411
03/03/2005;48,73729;4,24;32,237
04/03/2005;48,72386;4,24;33,476
05/03/2005;48,70862;5,23;34,997
06/03/2005;48,71406;3,52;35,679
07/03/2005;48,69343;3,21;30,026
08/03/2005;48,69071;3,21;36,11
09/03/2005;48,62109;3,21;28,332
10/03/2005;48,56464;3,21;29,64
11/03/2005;48,48084;4,57;28,626
12/03/2005;48,38774;4,76;27,801
13/03/2005;48,3837;4,76;35,857
14/03/2005;48,32242;4,76;30,367
15/03/2005;48,65514;4,76;74,789
16/03/2005;49,57295;4,79;139,43
17/03/2005;49,8973;3,55;69,582
18/03/2005;50,09026;3,23;56,187
19/03/2005;50,49656;3,23;81,965
20/03/2005;50,73507;3,24;62,354
21/03/2005;51,09564;3,25;75,341
22/03/2005;51,37895;3,29;68,332
23/03/2005;51,74666;3,03;77,506
24/03/2005;52,07476;3,02;73,17
25/03/2005;52,85696;2,8;124,149
26/03/2005;53,57684;2,77;112,754
27/03/2005;54,17552;2,77;98,959
28/03/2005;54,4672;2,79;64,523
29/03/2005;54,68912;2,74;60,805
30/03/2005;54,84728;2,72;53,01
31/03/2005;55,01022;2,71;52,681
01/04/2005;55,16172;2,71;52,15
02/04/2005;55,17021;2,7;36,541
03/04/2005;55,25063;2,7;44,604
04/04/2005;55,34556;2,69;44,45
05/04/2005;55,45465;2,7;46,528
06/04/2005;55,54349;2,7;42,485
07/04/2005;55,65093;2,7;46,961
08/04/2005;55,70217;2,7;41,309
09/04/2005;55,79031;2,71;45,351
10/04/2005;55,95045;2,72;52,211
11/04/2005;56,04431;2,72;44,383
12/04/2005;56,04534;2,72;35,971
13/04/2005;56,01176;2,72;31,913
14/04/2005;56,03134;2,72;36,508
15/04/2005;55,99693;2,72;30,9
16/04/2005;55,97706;2,72;33,42
17/04/2005;55,90693;2,72;26,355
18/04/2005;55,88148;2,72;29,867
19/04/2005;55,84602;2,72;31,243
20/04/2005;55,78919;2,72;28,813
21/04/2005;55,76879;3,63;33,537
22/04/2005;55,7695;4,22;33,415
23/04/2005;55,80938;4,23;39,832
24/04/2005;55,80294;4,23;33,237
25/04/2005;55,76226;4,23;28,283
26/04/2005;55,74105;4,23;33,233
27/04/2005;55,74097;4,23;32,995
28/04/2005;55,69345;4,23;29,641
29/04/2005;55,70348;4,23;34,82
30/04/2005;55,70537;4,23;36,082
01/05/2005;55,73547;4,23;36,949
02/05/2005;55,64685;4,24;22,863
03/05/2005;55,54845;4,24;24,864
04/05/2005;55,48073;4,24;27,7
05/05/2005;55,38746;4,24;25,106
06/05/2005;55,33845;4,24;29,885
07/05/2005;55,2904;4,76;31,235
08/05/2005;55,20515;5,2;26,794
09/05/2005;55,0967;5,19;22,835
10/05/2005;54,97062;5,22;22,682
11/05/2005;54,83362;5,22;21,404
12/05/2005;54,72021;5,22;24,502
13/05/2005;54,60881;5,22;24,86
14/05/2005;54,49872;5,22;25,353
15/05/2005;54,42836;5,22;29,242
16/05/2005;54,39457;5,22;31,058
17/05/2005;54,30891;5,22;27,629
18/05/2005;54,16903;5,22;20,975
19/05/2005;54,10065;5,22;29,568
20/05/2005;53,9426;5,22;19,47
21/05/2005;53,76179;5,22;17,368
22/05/2005;53,68656;5,22;27,202
23/05/2005;53,77639;5,22;44,173
24/05/2005;53,79739;5,23;38,831
25/05/2005;54,46222;4,25;107,171
26/05/2005;56,51744;2,92;265,797
27/05/2005;57,19017;2,74;109,715
28/05/2005;57,4212;2,74;60,239
29/05/2005;57,63912;2,74;57,718
30/05/2005;57,68796;2,74;37,296
31/05/2005;57,71466;2,74;37,748
01/06/2005;57,70125;2,74;31,984
02/06/2005;57,64951;2,74;28,518
03/06/2005;57,62815;2,74;31,934
04/06/2005;57,59615;2,74;31,266
05/06/2005;57,52618;2,74;25,45
06/06/2005;57,48632;2,74;28,467
07/06/2005;57,45342;3,47;31,553
08/06/2005;57,39651;4,01;27,2
09/06/2005;57,34694;4,01;29,806
10/06/2005;57,31158;4,01;31,581
11/06/2005;57,22915;4,01;26,648
12/06/2005;57,08522;4,01;18,889
13/06/2005;56,99492;4,01;23,642
14/06/2005;56,91788;4,01;27,208
15/06/2005;56,84371;4,01;27,558
16/06/2005;56,73077;4,06;23,196
17/06/2005;56,65618;4,02;27,913
18/06/2005;56,52821;4,48;22,35
19/06/2005;56,45331;5,03;27,197
20/06/2005;56,37343;5,03;25,79
21/06/2005;56,49338;5,03;48,432
22/06/2005;56,4769;5,03;33,053
23/06/2005;56,38886;5,03;25,774
24/06/2005;56,2941;5,03;25,408
25/06/2005;56,22069;5,03;28,859
26/06/2005;56,16629;5,04;29,26
27/06/2005;56,06738;5,04;23,689
28/06/2005;55,92096;5,04;19,95
29/06/2005;55,83797;5,04;26,395
30/06/2005;55,83424;5,04;35,724
01/07/2005;55,8207;5,05;35,3
02/07/2005;55,71409;5,05;25,369
03/07/2005;55,62323;5,05;26,043
04/07/2005;55,53643;5,05;25,061
05/07/2005;55,41644;5,05;22,836
06/07/2005;55,28039;5,05;19,393
07/07/2005;55,17595;5,05;23,268
08/07/2005;55,07926;5,04;23,245
09/07/2005;55,01074;5,04;28,233
10/07/2005;54,91777;5,04;24,618
11/07/2005;54,81976;5,04;22,4
12/07/2005;54,68222;5,04;21,171
13/07/2005;54,58375;5,03;25,587
14/07/2005;54,4784;5,03;23,347
15/07/2005;54,37076;5,03;24,044
16/07/2005;54,25497;5,02;23,519
17/07/2005;54,07337;5,01;15,757
18/07/2005;53,93883;5,01;19,096
19/07/2005;53,74443;5,0;14,584
20/07/2005;53,59392;5,0;18,254
21/07/2005;53,41786;4,99;15,724
22/07/2005;53,29494;4,98;21,886
23/07/2005;53,19641;4,98;26,151
24/07/2005;53,09439;4,97;23,527
25/07/2005;53,14695;4,96;39,349
26/07/2005;53,22174;5,02;44,453
27/07/2005;53,14213;5,03;27,059
28/07/2005;52,99687;5,03;18,852
29/07/2005;52,86213;5,03;21,19
30/07/2005;52,74854;5,03;24,624
31/07/2005;52,63078;5,03;22,327
01/08/2005;52,50326;5,02;20,792
02/08/2005;52,34386;5,02;19,442
03/08/2005;52,17593;5,01;18,619
04/08/2005;52,01617;5,01;18,335
05/08/2005;51,86547;5,0;20,079
06/08/2005;51,71769;5,0;20,655
07/08/2005;51,49521;4,99;11,89
08/08/2005;51,36542;4,99;20,504
09/08/2005;51,19911;4,98;18,491
10/08/2005;51,09122;4,98;24,732
11/08/2005;50,90606;4,98;15,255
12/08/2005;50,70703;4,97;15,125
13/08/2005;50,56058;4,97;20,911
14/08/2005;50,39815;4,97;18,507
15/08/2005;50,24841;4,97;18,586
16/08/2005;50,02533;5,81;13,617
17/08/2005;49,84044;5,98;17,678
18/08/2005;49,64462;5,98;16,97
19/08/2005;49,44774;5,98;16,448
20/08/2005;49,22981;7,01;15,544
21/08/2005;49,03281;7,0;16,881
22/08/2005;48,82901;7,0;15,287
23/08/2005;48,58131;6,99;11,557
24/08/2005;48,38464;7,4;18,554
25/08/2005;48,13223;8,89;13,153
26/08/2005;47,89145;9,47;14,01
27/08/2005;47,74067;8,39;24,142
28/08/2005;47,56201;8,02;19,606
29/08/2005;47,38044;8,02;19,436
30/08/2005;47,16285;8,01;17,142
31/08/2005;46,95228;8,01;17,644
01/09/2005;46,72916;8,0;15,901
02/09/2005;46,81086;8,0;49,1
03/09/2005;46,75846;8,01;34,762
04/09/2005;46,59079;8,02;21,517
05/09/2005;46,44153;8,02;22,073
06/09/2005;46,48934;8,02;45,747
07/09/2005;46,53725;8,04;44,094
08/09/2005;46,47924;8,04;30,664
09/09/2005;46,33969;8,05;23,249
10/09/2005;46,21012;8,05;26,498
11/09/2005;46,03936;8,04;21,055
12/09/2005;45,85363;8,04;18,869
13/09/2005;45,70315;8,03;21,769
14/09/2005;45,5627;8,03;24,241
15/09/2005;45,36361;8,02;16,086
16/09/2005;45,24286;8,02;26,881
17/09/2005;45,08524;8,01;22,657
18/09/2005;44,89429;8,01;16,701
19/09/2005;44,71886;8,01;17,479
20/09/2005;44,59633;8,01;26,451
21/09/2005;44,45088;8,01;24,115
22/09/2005;44,2768;8,01;18,025
23/09/2005;44,07202;8,01;17,057
24/09/2005;43,85142;8,0;15,887
25/09/2005;43,64413;8,0;15,548
26/09/2005;43,57645;7,99;28,805
27/09/2005;43,44282;7,99;23,31
28/09/2005;43,40799;7,99;33,623
29/09/2005;43,29919;7,99;27,124
30/09/2005;43,21513;7,99;30,528
01/10/2005;42,98464;7,98;14,509
02/10/2005;42,80679;7,96;19,813
03/10/2005;42,8553;7,96;40,956
04/10/2005;42,72667;7,95;27,208
05/10/2005;42,56975;8,02;23,531
06/10/2005;42,45194;8,02;27,284
07/10/2005;42,30633;8,01;24,172
08/10/2005;42,12861;8,0;20,7
09/10/2005;41,96096;8,0;21,033
10/10/2005;41,80089;7,97;20,579
11/10/2005;41,60091;7,96;17,949
12/10/2005;41,43827;7,95;21,668
13/10/2005;41,2507;7,94;18,187
14/10/2005;41,03112;7,92;16,415
15/10/2005;40,86984;8,01;22,821
16/10/2005;40,68979;8,02;19,418
17/10/2005;40,50641;8,02;17,176
18/10/2005;40,3407;8,03;21,946
19/10/2005;40,2276;8,03;25,956
20/10/2005;40,06318;8,03;19,745
21/10/2005;39,85076;8,03;15,496
22/10/2005;39,99678;8,04;57,398
23/10/2005;40,02233;8,0;42,143
24/10/2005;39,9516;8,01;29,27
25/10/2005;39,88056;8,01;32,918
26/10/2005;39,68687;8,01;19,181
27/10/2005;39,52709;8,0;21,623
28/10/2005;39,40242;7,99;26,007
29/10/2005;39,34652;8,0;34,366
30/10/2005;39,36626;8,0;41,024
31/10/2005;39,36064;7,99;37,278
01/11/2005;39,30816;7,51;32,9
02/11/2005;39,18703;6,05;24,111
03/11/2005;39,09729;6,05;26,641
04/11/2005;39,00376;6,05;28,033
05/11/2005;39,31555;6,06;73,78
06/11/2005;39,55651;6,08;65,591
07/11/2005;39,60461;6,09;42,157
08/11/2005;39,53776;6,09;30,564
09/11/2005;39,51051;6,1;32,494
10/11/2005;39,41152;6,1;26,047
11/11/2005;39,27512;6,08;20,68
12/11/2005;39,11068;6,08;19,038
13/11/2005;38,94899;6,07;18,17
14/11/2005;38,8202;6,07;19,407
15/11/2005;38,64781;6,06;17,92
16/11/2005;38,4965;6,05;20,057
17/11/2005;38,3664;6,05;24,004
18/11/2005;38,43422;6,04;46,191
19/11/2005;38,51528;6,04;48,123
20/11/2005;38,47492;6,04;34,309
21/11/2005;38,39375;6,03;25,667
22/11/2005;38,23548;6,02;20,638
23/11/2005;38,08572;6,0;21,367
24/11/2005;37,97444;5,99;25,237
25/11/2005;37,87711;5,97;27,807
26/11/2005;38,3334;6,04;88,587
27/11/2005;38,41944;6,05;46,514
28/11/2005;38,49431;6,04;45,197
29/11/2005;38,32633;6,01;20,339
30/11/2005;38,15677;5,98;20,117
01/12/2005;38,21253;5,84;44,592
02/12/2005;38,13074;5,56;28,849
03/12/2005;38,13237;3,99;34,569
04/12/2005;38,14065;3,49;33,525
05/12/2005;38,18486;3,49;38,95
06/12/2005;38,17031;3,49;35,042
07/12/2005;38,30027;3,49;49,833
08/12/2005;38,33446;3,51;38,143
09/12/2005;38,25834;3,52;26,184
10/12/2005;38,15115;3,52;24,32
11/12/2005;38,11363;3,52;31,398
12/12/2005;38,15069;3,52;35,442
13/12/2005;38,10553;5,01;30,295
14/12/2005;38,02201;5,5;27,686
15/12/2005;37,86854;5,5;19,312
16/12/2005;37,75462;5,5;24,279
17/12/2005;37,61174;5,5;22,318
18/12/2005;37,78913;5,5;57,027
19/12/2005;38,12343;3,63;68,533
20/12/2005;38,32074;3,0;57,865
21/12/2005;38,78293;3,0;87,934
22/12/2005;39,05665;3,0;65,899
23/12/2005;39,28281;3,0;60,61
24/12/2005;39,56932;3,0;69,004
25/12/2005;39,94281;3,0;77,337
26/12/2005;40,02802;3,0;39,699
27/12/2005;39,9822;3,01;30,791
28/12/2005;39,98032;3,01;34,603
29/12/2005;39,9713;3,01;34,057
30/12/2005;39,88483;3,01;24,297
31/12/2005;39,88035;3,0;32,985
01/01/2006;40,01569;3,0;46,528
02/01/2006;40,28369;3,0;58,797
03/01/2006;40,79885;3,0;89,605
04/01/2006;41,83968;2,72;148,546
05/01/2006;42,78287;2,52;138,022
06/01/2006;43,5041;2,52;114,929
07/01/2006;44,08179;2,53;99,261
08/01/2006;44,59048;2,54;91,37
09/01/2006;44,92416;2,54;70,252
10/01/2006;45,19336;2,54;64,851
11/01/2006;45,27857;2,54;43,248
12/01/2006;45,44573;2,53;53,153
13/01/2006;45,41419;2,88;31,798
14/01/2006;45,42573;3,03;36,952
15/01/2006;45,37973;3,03;29,19
16/01/2006;45,31693;3,03;25,776
17/01/2006;45,25279;3,03;28,959
18/01/2006;45,22178;3,03;32,587
19/01/2006;45,22909;3,03;37,127
20/01/2006;45,18081;3,03;30,583
21/01/2006;45,12168;3,03;28,852
22/01/2006;45,02931;3,03;25,016
23/01/2006;44,97226;3,03;28,46
24/01/2006;44,8576;3,03;23,989
25/01/2006;44,76642;3,03;25,039
26/01/2006;44,70832;3,03;28,954
27/01/2006;44,63269;3,44;28,209
28/01/2006;44,53342;3,53;24,405
29/01/2006;44,50908;3,53;32,064
30/01/2006;44,77462;3,53;62,568
31/01/2006;44,8524;3,22;44,071
01/02/2006;45,13614;3,03;67,821
02/02/2006;45,44688;3,04;71,103
03/02/2006;45,44862;3,04;36,6
04/02/2006;45,57414;3,04;50,783
05/02/2006;45,69141;3,03;48,837
06/02/2006;45,74256;3,03;40,018
07/02/2006;45,72381;3,03;34,949
08/02/2006;45,87046;3,03;52,508
09/02/2006;46,07911;3,03;59,674
10/02/2006;46,35132;3,03;66,861
11/02/2006;47,32164;3,04;145,058
12/02/2006;48,89567;2,68;209,133
13/02/2006;49,70868;1,56;123,94
14/02/2006;50,40179;1,52;112,513
15/02/2006;50,84268;1,51;84,402
16/02/2006;51,89469;1,51;153,087
17/02/2006;52,96572;2,51;156,991
18/02/2006;54,45888;2,51;205,974
19/02/2006;55,07915;2,53;104,767
20/02/2006;55,59453;2,53;92,874
21/02/2006;55,91316;2,52;72,728
22/02/2006;56,27269;2,5;77,982
23/02/2006;56,62873;2,52;75,655
24/02/2006;56,83128;2,51;57,732
25/02/2006;57,04104;2,51;58,324
26/02/2006;57,06004;2,5;35,359
27/02/2006;57,23439;2,5;52,033
28/02/2006;57,37353;2,5;49,198
01/03/2006;57,57628;2,49;55,93
02/03/2006;57,6746;2,49;46,347
03/03/2006;57,81587;2,51;52,519
04/03/2006;58,02947;2,76;60,797
05/03/2006;58,48505;2,82;87,304
06/03/2006;58,75324;2,82;64,932
07/03/2006;59,57916;2,82;128,919
08/03/2006;60,04062;2,83;88,17
09/03/2006;60,48353;2,84;86,469
10/03/2006;60,75144;2,84;67,049
11/03/2006;60,98908;2,84;62,534
12/03/2006;61,1108;2,84;49,229
13/03/2006;61,28863;2,84;54,393
14/03/2006;61,33539;2,84;41,595
15/03/2006;61,39748;2,81;43,048
16/03/2006;61,5598;2,81;54,501
17/03/2006;61,79951;2,81;62,643
18/03/2006;62,01626;2,81;61,448
19/03/2006;62,07123;2,81;41,74
20/03/2006;62,15247;2,81;43,705
21/03/2006;62,36851;3,23;62,237
22/03/2006;62,55516;3,31;57,914
23/03/2006;62,76252;3,32;58,808
24/03/2006;62,89735;3,32;51,018
25/03/2006;63,16722;3,31;67,77
26/03/2006;63,45547;3,31;68,507
27/03/2006;63,8165;3,31;75,183
28/03/2006;63,95069;3,3;52,067
29/03/2006;64,14395;3,3;58,188
30/03/2006;65,35548;2,78;169,406
31/03/2006;65,88148;2,51;94,578
01/04/2006;66,32016;2,52;85,343
02/04/2006;66,55416;2,52;61,691
03/04/2006;66,73872;2,52;54,676
04/04/2006;66,81528;2,52;44,322
05/04/2006;66,84585;2,52;39,186
06/04/2006;66,92097;2,52;44,151
07/04/2006;67,03402;2,52;47,332
08/04/2006;67,22776;2,52;57,591
09/04/2006;67,40443;2,52;53,759
10/04/2006;67,65005;2,52;61,48
11/04/2006;67,81499;2,52;54,402
12/04/2006;67,87383;2,52;42,712
13/04/2006;67,93859;2,52;42,843
14/04/2006;67,91236;2,9;33,231
15/04/2006;67,91887;3,02;36,265
16/04/2006;67,93681;3,02;35,43
17/04/2006;67,96392;3,02;36,065
18/04/2006;67,99393;3,02;39,701
19/04/2006;67,99163;3,02;35,325
20/04/2006;68,04612;3,02;43,102
21/04/2006;68,043;3,03;36,679
22/04/2006;67,98233;3,03;29,256
23/04/2006;68,0068;3,03;38,16
24/04/2006;68,01809;3,03;35,824
25/04/2006;67,99307;3,03;34,224
26/04/2006;67,96145;3,03;33,387
27/04/2006;67,94187;3,03;34,372
28/04/2006;67,90198;4,15;32,166
29/04/2006;67,87893;4,52;34,391
30/04/2006;67,79264;4,52;26,71
01/05/2006;67,73475;4,52;27,033
02/05/2006;67,66088;4,52;27,778
03/05/2006;67,56973;4,52;27,247
04/05/2006;67,43604;4,52;22,069
05/05/2006;67,3936;4,52;32,722
06/05/2006;67,28555;4,52;25,414
07/05/2006;67,20333;4,52;27,367
08/05/2006;67,14311;4,52;28,693
09/05/2006;67,06072;4,52;27,962
10/05/2006;66,94167;4,52;24,394
11/05/2006;66,84819;4,52;26,587
12/05/2006;66,75343;4,52;27,207
13/05/2006;66,66583;4,52;27,154
14/05/2006;66,58969;4,52;28,546
15/05/2006;66,50173;4,52;25,39
16/05/2006;66,42508;4,52;29,167
17/05/2006;66,27297;4,52;21,051
18/05/2006;66,20569;4,52;30,911
19/05/2006;66,09917;4,52;25,386
20/05/2006;65,96076;4,51;21,456
21/05/2006;65,88269;4,51;26,907
22/05/2006;65,79147;4,51;24,362
23/05/2006;65,75266;4,51;31,68
24/05/2006;65,77944;4,51;38,55
25/05/2006;65,75971;4,51;33,605
26/05/2006;65,72126;4,52;32,306
27/05/2006;65,65414;4,52;30,113
28/05/2006;65,53037;4,52;23,022
29/05/2006;65,48215;4,52;30,32
30/05/2006;65,375;4,53;25,458
31/05/2006;65,25845;5,27;24,188
01/06/2006;65,19106;5,52;30,634
02/06/2006;65,04218;5,52;20,793
03/06/2006;64,91357;5,51;23,916
04/06/2006;64,78164;5,5;21,791
05/06/2006;64,64557;5,5;20,367
06/06/2006;64,55648;5,49;27,371
07/06/2006;64,46972;5,51;28,026
08/06/2006;64,29883;5,52;17,857
09/06/2006;64,17776;5,52;23,814
10/06/2006;64,137;5,51;33,436
11/06/2006;63,99854;5,5;21,699
12/06/2006;63,84333;5,49;19,052
13/06/2006;63,69709;5,54;22,485
14/06/2006;63,63367;5,54;31,76
15/06/2006;63,47211;5,54;21,19
16/06/2006;63,25787;5,54;13,563
17/06/2006;63,12426;5,54;23,37
18/06/2006;62,9546;5,52;17,645
19/06/2006;62,89405;5,52;28,156
20/06/2006;62,75603;5,53;22,859
21/06/2006;62,58819;5,52;19,871
22/06/2006;62,42004;5,52;19,649
23/06/2006;62,20526;5,52;14,556
24/06/2006;62,04691;5,53;20,626
25/06/2006;61,8612;5,53;16,997
26/06/2006;61,70161;5,53;17,584
27/06/2006;61,88601;5,53;57,994
28/06/2006;61,76595;5,53;23,314
29/06/2006;61,67308;5,56;25,938
30/06/2006;61,52126;5,56;20,509
01/07/2006;61,34433;5,56;18,202
02/07/2006;61,17749;5,57;18,563
03/07/2006;61,0981;5,57;23,226
04/07/2006;60,93762;5,57;19,99
05/07/2006;60,79787;5,58;22,679
06/07/2006;60,62502;5,58;18,131
07/07/2006;60,45665;5,58;18,485
08/07/2006;60,29369;5,58;19,957
09/07/2006;60,11801;5,57;17,359
10/07/2006;60,03911;5,57;27,39
11/07/2006;60,32394;5,58;68,071
12/07/2006;60,21743;4,79;25,792
13/07/2006;60,02099;4,54;14,875
14/07/2006;59,84314;4,54;17,725
15/07/2006;59,64107;4,54;14,954
16/07/2006;59,57699;4,53;28,272
17/07/2006;59,43022;4,53;17,496
18/07/2006;59,20899;5,03;11,663
19/07/2006;59,07339;5,53;22,032
20/07/2006;58,88666;5,53;16,074
21/07/2006;58,71399;5,53;17,771
22/07/2006;58,5525;5,53;19,922
23/07/2006;58,38396;5,53;18,278
24/07/2006;58,27722;5,53;22,818
25/07/2006;58,07966;5,53;16,535
26/07/2006;57,91611;5,51;19,31
27/07/2006;57,70994;5,51;15,058
28/07/2006;57,5074;5,5;14,747
29/07/2006;57,44374;5,5;32,21
30/07/2006;57,39082;5,5;31,088
31/07/2006;57,4116;5,5;36,037
01/08/2006;57,43911;5,51;36,979
02/08/2006;57,36021;5,51;27,243
03/08/2006;57,27219;5,51;24,683
04/08/2006;57,21378;5,51;29,786
05/08/2006;57,03009;5,52;17,114
06/08/2006;56,89899;5,52;22,335
07/08/2006;56,76436;5,52;22,146
08/08/2006;56,53979;5,52;13,731
09/08/2006;56,34719;5,52;16,793
10/08/2006;56,1332;5,52;14,11
11/08/2006;55,90255;5,51;12,235
12/08/2006;55,67052;5,51;12,415
13/08/2006;55,44922;5,51;12,807
14/08/2006;55,18126;5,5;5,589
15/08/2006;55,04809;5,5;23,113
16/08/2006;54,8907;6,55;22,157
17/08/2006;54,65142;7,59;13,731
18/08/2006;54,40647;7,58;12,398
19/08/2006;54,1882;7,57;15,315
20/08/2006;53,97289;7,56;13,993
21/08/2006;53,81472;7,56;18,201
22/08/2006;53,56791;7,56;11,269
23/08/2006;53,33497;7,56;12,556
24/08/2006;53,1181;8,08;16,865
25/08/2006;52,91834;8,08;18,023
26/08/2006;52,73991;8,54;21,296
27/08/2006;52,59639;8,52;24,275
28/08/2006;52,36749;8,51;11,521
29/08/2006;52,08632;8,5;8,65
30/08/2006;51,86475;7,48;11,329
31/08/2006;51,57444;9,77;8,858
01/09/2006;51,29273;11,49;11,865
02/09/2006;51,13947;10,82;24,545
03/09/2006;51,1037;8,15;36,229
04/09/2006;51,0193;8,01;29,225
05/09/2006;50,88379;8,02;24,034
06/09/2006;50,65867;9,13;14,866
07/09/2006;50,40009;12,53;12,397
08/09/2006;50,13167;12,53;11,927
09/09/2006;49,87659;12,53;14,9
10/09/2006;49,6106;12,51;12,871
11/09/2006;49,33524;12,49;10,876
12/09/2006;49,03175;12,49;11,577
13/09/2006;48,75949;12,48;14,69
14/09/2006;48,456;12,48;11,382
15/09/2006;48,19651;12,52;16,374
16/09/2006;47,9459;12,52;17,643
17/09/2006;47,64875;12,54;9,634
18/09/2006;47,40844;12,51;14,091
19/09/2006;47,31972;12,51;33,902
20/09/2006;47,13945;9,72;21,484
21/09/2006;46,95416;8,02;19,211
22/09/2006;46,83112;8,04;26,204
23/09/2006;46,60076;8,02;14,096
24/09/2006;46,40239;8,04;16,461
25/09/2006;46,24977;8,04;17,934
26/09/2006;46,04509;8,03;15,023
27/09/2006;45,84253;8,01;15,524
28/09/2006;45,60235;8,02;12,569
29/09/2006;45,32735;8,01;10,405
30/09/2006;45,09622;8,01;13,593
01/10/2006;44,95344;8,01;21,383
02/10/2006;44,80817;8,0;20,372
03/10/2006;44,72492;8,0;31,61
04/10/2006;44,6025;8,0;27,035
05/10/2006;44,49479;8,0;29,349
06/10/2006;44,45554;8,0;36,493
07/10/2006;44,29922;8,0;23,21
08/10/2006;44,15954;8,0;23,078
09/10/2006;44,00036;8,0;19,474
10/10/2006;43,74741;8,0;11,803
11/10/2006;43,56409;8,0;18,589
12/10/2006;43,35228;8,0;17,23
13/10/2006;43,16538;8,0;14,668
14/10/2006;43,00819;8,0;20,401
15/10/2006;42,80551;7,96;15,006
16/10/2006;42,66192;7,93;21,338
17/10/2006;42,68565;7,93;42,721
18/10/2006;42,50498;7,93;18,117
19/10/2006;42,40944;7,94;27,867
20/10/2006;42,30573;7,94;25,894
21/10/2006;42,21171;7,93;29,395
22/10/2006;41,99801;7,95;15,593
23/10/2006;41,76539;7,94;12,14
24/10/2006;41,51026;8,0;11,203
25/10/2006;41,26242;8,03;12,528
26/10/2006;41,00019;8,01;11,348
27/10/2006;40,7195;8,53;10,393
28/10/2006;40,45932;10,05;13,516
29/10/2006;40,24159;10,04;17,574
30/10/2006;39,97642;10,04;10,914
31/10/2006;39,68506;10,04;11,392
01/11/2006;39,39057;10,29;10,564
02/11/2006;39,2389;11,05;24,273
03/11/2006;39,16541;11,06;32,545
04/11/2006;39,01652;7,28;21,744
05/11/2006;38,84523;6,04;18,368
06/11/2006;38,64285;6,01;12,312
07/11/2006;38,43322;6,04;14,197
08/11/2006;38,2025;6,04;11,012
09/11/2006;37,98431;7,04;13,566
10/11/2006;37,75111;8,04;13,48
11/11/2006;37,48001;8,78;9,308
12/11/2006;37,19719;9,01;7,802
13/11/2006;36,92299;9,65;7,984
14/11/2006;36,6901;10,0;15,57
15/11/2006;36,47637;10,0;17,69
16/11/2006;36,25713;10,0;16,411
17/11/2006;36,02634;10,0;16,521
18/11/2006;35,7643;10,0;13,903
19/11/2006;35,48023;9,99;9,474
20/11/2006;35,57391;10,0;48,753
21/11/2006;35,62426;7,75;44,866
22/11/2006;35,57656;7,02;33,963
23/11/2006;35,39729;5,89;18,576
24/11/2006;35,20233;5,52;17,159
25/11/2006;35,02948;5,51;19,479
26/11/2006;34,97771;5,53;31,464
27/11/2006;35,09121;5,53;48,55
28/11/2006;35,09948;4,03;38,703
29/11/2006;35,07319;3,14;33,83
30/11/2006;35,37534;3,01;71,208
01/12/2006;35,42753;3,01;41,336
02/12/2006;35,34234;3,02;26,033
03/12/2006;35,22925;3,02;22,391
04/12/2006;35,10452;3,02;19,965
05/12/2006;35,43299;3,02;71,735
06/12/2006;35,43812;3,02;35,109
07/12/2006;35,59414;3,02;50,693
08/12/2006;35,43441;3,01;16,28
09/12/2006;35,2946;3,01;20,025
10/12/2006;35,2039;3,01;22,953
11/12/2006;35,06116;3,01;16,397
12/12/2006;34,89916;3,01;17,137
13/12/2006;34,71601;3,01;13,203
14/12/2006;34,56782;4,01;19,617
15/12/2006;34,52276;5,0;32,79
16/12/2006;34,58523;5,0;44,507
17/12/2006;34,65001;4,33;43,663
18/12/2006;34,64926;4,0;34,462
19/12/2006;34,78246;4,01;52,487
20/12/2006;34,84035;4,01;42,297
21/12/2006;34,80618;3,63;32,019
22/12/2006;34,76758;3,5;31,954
23/12/2006;34,83913;3,5;44,27
24/12/2006;35,50426;3,5;108,19
25/12/2006;35,85139;3,5;72,318
26/12/2006;35,93771;3,5;41,934
27/12/2006;36,05388;3,52;49,889
28/12/2006;36,37974;3,54;71,897
29/12/2006;36,8384;3,14;87,483
30/12/2006;37,11854;3,0;64,971
31/12/2006;37,31966;3,0;52,7
01/01/2007;37,94058;3,0;99,597
02/01/2007;38,05718;3,0;41,871
03/01/2007;38,3255;3,0;63,679
04/01/2007;38,8556;3,02;92,91
05/01/2007;39,81743;2,75;142,24
06/01/2007;40,70926;2,53;133,366
07/01/2007;41,357;2,54;104,973
08/01/2007;42,1723;2,54;123,895
09/01/2007;42,6224;2,55;85,263
10/01/2007;43,0593;2,54;83,017
11/01/2007;43,37737;2,5;70,644
12/01/2007;43,51981;2,54;50,476
13/01/2007;43,66539;2,5;51,495
14/01/2007;44,17567;2,53;91,428
15/01/2007;44,2941;2,53;45,122
16/01/2007;44,31215;2,53;35,252
17/01/2007;44,29214;2,51;32,255
18/01/2007;44,61733;2,51;71,188
19/01/2007;45,41161;2,52;122,644
20/01/2007;45,83195;2,52;82,102
21/01/2007;46,34537;2,52;91,089
22/01/2007;46,90396;2,52;94,213
23/01/2007;47,1316;2,51;60,067
24/01/2007;47,38515;2,51;62,757
25/01/2007;47,48237;2,51;47,061
26/01/2007;47,7244;2,5;61,57
27/01/2007;48,07637;2,51;75,315
28/01/2007;48,33017;2,51;62,997
29/01/2007;48,73179;2,5;77,554
30/01/2007;49,00926;2,5;65,608
31/01/2007;49,30417;2,49;67,83
01/02/2007;49,4547;2,49;51,363
02/02/2007;49,67119;2,49;59,947
03/02/2007;49,68403;2,49;36,858
04/02/2007;49,66423;2,49;32,067
05/02/2007;49,67885;2,49;34,699
06/02/2007;49,66911;2,49;33,743
07/02/2007;49,7759;2,49;44,562
08/02/2007;49,89936;2,49;46,897
09/02/2007;50,27164;2,49;73,895
10/02/2007;50,51931;2,49;62,47
11/02/2007;50,5844;2,5;40,753
12/02/2007;50,75024;2,5;50,636
13/02/2007;50,91959;2,5;53,338
14/02/2007;50,88631;2,5;30,553
15/02/2007;50,83671;3,0;29,055
16/02/2007;50,81048;3,0;32,01
17/02/2007;50,91193;3,0;47,594
18/02/2007;50,90667;3,0;33,019
19/02/2007;50,92122;3,0;32,145
20/02/2007;50,97384;3,0;38,169
21/02/2007;51,08579;3,0;46,175
22/02/2007;51,02047;3,0;29,084
23/02/2007;50,95162;3,0;29,199
24/02/2007;50,83188;4,0;23,917
25/02/2007;50,73445;4,0;24,909
26/02/2007;50,60718;4,0;20,582
27/02/2007;50,79017;4,0;57,152
28/02/2007;50,76677;4,0;32,29
01/03/2007;50,72745;4,0;31,658
02/03/2007;50,62488;4,0;25,354
03/03/2007;50,50381;4,0;23,418
04/03/2007;50,35342;4,0;19,419
05/03/2007;50,29909;4,0;29,011
06/03/2007;50,17523;4,0;23,309
07/03/2007;50,06263;4,0;24,285
08/03/2007;49,92714;4,0;21,433
09/03/2007;49,81825;4,0;24,708
10/03/2007;49,67097;4,0;21,063
11/03/2007;49,53067;4,0;20,381
12/03/2007;49,55287;4,0;35,959
13/03/2007;49,56746;4,0;38,351
14/03/2007;49,48492;3,84;27,362
15/03/2007;49,55717;3,8;43,237
16/03/2007;49,43939;3,8;23,297
17/03/2007;49,60367;3,8;54,65
18/03/2007;49,55515;3,8;28,761
19/03/2007;49,85307;3,8;67,564
20/03/2007;50,25938;3,22;81,329
21/03/2007;50,36966;2,81;47,82
22/03/2007;50,59587;2,81;61,468
23/03/2007;50,7169;2,81;47,709
24/03/2007;50,72998;2,81;37,908
25/03/2007;50,80219;2,81;40,829
26/03/2007;50,8772;2,81;43,255
27/03/2007;50,78353;2,81;24,849
28/03/2007;50,70926;2,81;26,674
29/03/2007;50,64343;3,56;29,382
30/03/2007;50,55647;3,82;27,432
31/03/2007;50,42668;3,82;23,118
01/04/2007;50,33799;3,82;25,722
02/04/2007;50,20201;3,82;20,43
03/04/2007;50,0813;3,82;22,434
04/04/2007;49,94928;3,82;21,075
05/04/2007;49,80797;3,82;20,397
06/04/2007;49,67503;3,71;20,014
07/04/2007;49,59703;3,61;22,626
08/04/2007;50,00284;3,61;80,089
09/04/2007;50,30931;3,61;65,396
10/04/2007;50,46725;3,61;53,645
11/04/2007;50,43641;3,61;31,819
12/04/2007;50,37492;3,61;28,717
13/04/2007;50,28385;3,61;25,857
14/04/2007;50,27179;3,61;34,313
15/04/2007;50,27199;3,61;35,602
16/04/2007;50,19695;3,61;26,843
17/04/2007;50,04584;3,61;19,443
18/04/2007;49,87708;3,61;17,513
19/04/2007;49,75831;3,61;22,674
20/04/2007;49,69503;3,61;29,66
21/04/2007;49,57462;3,61;22,726
22/04/2007;49,54052;3,61;30,366
23/04/2007;49,64868;3,61;46,668
24/04/2007;49,64409;3,61;35,648
25/04/2007;49,56879;3,61;27,745
26/04/2007;49,45279;3,61;23,206
27/04/2007;49,34961;3,61;24,431
28/04/2007;49,33851;3,61;32,645
29/04/2007;49,33663;3,61;32,535
30/04/2007;49,2904;3,61;26,599
01/05/2007;49,15045;3,61;18,397
02/05/2007;49,04839;3,61;23,588
03/05/2007;48,8608;3,61;14,506
04/05/2007;48,78316;3,61;26,67
05/05/2007;48,6475;3,61;20,076
06/05/2007;48,51274;3,61;19,286
07/05/2007;48,39364;3,62;19,935
08/05/2007;48,23558;3,61;18,072
09/05/2007;48,0885;3,61;17,955
10/05/2007;47,94192;3,61;15,98
11/05/2007;47,87443;3,61;26,354
12/05/2007;47,734;3,62;18,869
13/05/2007;47,61028;3,62;21,079
14/05/2007;47,50947;3,62;22,636
15/05/2007;47,34053;3,62;16,504
16/05/2007;47,21789;3,62;22,457
17/05/2007;47,07837;3,62;20,726
18/05/2007;46,94317;3,62;21,542
19/05/2007;46,83234;3,62;24,843
20/05/2007;46,76242;3,62;25,991
21/05/2007;46,66134;3,62;21,897
22/05/2007;46,45337;3,62;12,77
23/05/2007;46,45998;3,62;34,43
24/05/2007;46,67339;3,62;57,452
25/05/2007;46,66952;2,86;32,961
26/05/2007;46,57737;2,6;23,284
27/05/2007;46,47456;2,6;21,611
28/05/2007;46,38168;2,6;21,101
29/05/2007;46,27203;2,6;21,921
30/05/2007;46,17947;2,6;21,88
31/05/2007;46,00374;2,98;12,874
01/06/2007;45,887;3,11;21,573
02/06/2007;45,77064;3,51;22,955
03/06/2007;45,99841;3,51;58,72
04/06/2007;46,19661;3,51;55,237
05/06/2007;46,22278;3,51;38,781
06/06/2007;46,14474;3,51;25,858
07/06/2007;46,09842;3,51;30,641
08/06/2007;46,03655;3,51;28,597
09/06/2007;45,91851;3,51;23,12
10/06/2007;45,81442;3,51;24,014
11/06/2007;45,71261;3,51;22,212
12/06/2007;45,56622;3,51;20,787
13/06/2007;45,40849;3,51;18,488
14/06/2007;45,26118;3,51;19,257
15/06/2007;45,0966;3,5;17,246
16/06/2007;44,93983;3,5;18,603
17/06/2007;44,82649;3,51;22,522
18/06/2007;44,72061;3,5;21,684
19/06/2007;44,55201;3,51;16,952
20/06/2007;44,38559;3,51;16,09
21/06/2007;44,27152;3,21;22,473
22/06/2007;44,09776;3,1;15,672
23/06/2007;43,92728;3,1;16,113
24/06/2007;43,79192;3,1;19,077
25/06/2007;43,64223;3,1;15,847
26/06/2007;43,49875;3,1;17,59
27/06/2007;43,34428;3,1;16,868
28/06/2007;43,17633;3,1;15,773
29/06/2007;43,10158;3,1;25,234
30/06/2007;42,98958;3,73;23,643
01/07/2007;42,77683;4,1;11,309
02/07/2007;42,60809;4,1;14,451
03/07/2007;42,44218;4,1;15,871
04/07/2007;42,26629;4,1;14,342
05/07/2007;42,0704;4,1;11,658
06/07/2007;41,9363;4,1;19,512
07/07/2007;41,73278;4,1;13,073
08/07/2007;41,57963;4,1;16,475
09/07/2007;41,46008;4,1;17,787
10/07/2007;41,30741;4,1;17,759
11/07/2007;41,09935;4,1;12,951
12/07/2007;40,92339;4,1;13,908
13/07/2007;40,74062;4,1;11,638
14/07/2007;40,57758;4,1;16,18
15/07/2007;40,43432;4,1;17,361
16/07/2007;40,34382;4,1;19,924
17/07/2007;40,53992;4,1;53,381
18/07/2007;40,82024;2,86;61,705
19/07/2007;41,03847;2,62;54,879
20/07/2007;41,0456;2,62;34,035
21/07/2007;41,00679;2,62;29,0
22/07/2007;40,8874;2,62;18,692
23/07/2007;40,6938;2,62;8,34
24/07/2007;40,9425;2,62;57,842
25/07/2007;41,52714;2,62;95,58
26/07/2007;42,41264;2,22;129,913
27/07/2007;43,0516;2,12;103,711
28/07/2007;43,45066;2,12;76,88
29/07/2007;43,54527;2,15;39,028
30/07/2007;43,58412;2,15;32,376
31/07/2007;43,53393;2,15;27,332
01/08/2007;43,49013;2,15;26,529
02/08/2007;43,44362;2,15;27,382
03/08/2007;43,37455;2,15;25,411
04/08/2007;43,31655;2,15;27,105
05/08/2007;43,2392;2,15;22,647
06/08/2007;43,16422;2,15;19,39
07/08/2007;43,03516;2,15;18,798
08/08/2007;42,9564;2,14;25,636
09/08/2007;42,8651;2,14;22,744
10/08/2007;42,70025;2,38;15,176
11/08/2007;42,58372;2,62;21,602
12/08/2007;42,46755;2,62;18,204
13/08/2007;42,34195;2,62;14,473
14/08/2007;42,22381;2,62;19,978
15/08/2007;42,07577;2,62;16,869
16/08/2007;41,94995;3,38;19,975
17/08/2007;41,81512;3,62;19,714
18/08/2007;41,72655;3,62;24,955
19/08/2007;41,69334;3,62;15,022
20/08/2007;41,5429;3,62;17,958
21/08/2007;41,34382;3,62;12,983
22/08/2007;41,18626;3,99;15,228
23/08/2007;41,00409;4,19;12,347
24/08/2007;40,85268;4,11;16,907
25/08/2007;40,67929;4,11;15,045
26/08/2007;40,51016;4,11;15,263
27/08/2007;40,3464;4,11;13,19
28/08/2007;40,22925;4,11;20,821
29/08/2007;40,0962;4,09;15,634
30/08/2007;39,97888;4,6;19,034
31/08/2007;39,83208;5,1;15,97
01/09/2007;39,61059;5,1;11,185
02/09/2007;39,41517;5,1;14,1
03/09/2007;39,32423;5,1;23,95
04/09/2007;39,33659;5,1;37,162
05/09/2007;39,19714;5,1;20,198
06/09/2007;39,05125;5,1;19,602
07/09/2007;38,85428;5,1;13,244
08/09/2007;38,72438;5,1;18,491
09/09/2007;38,56965;5,1;14,936
10/09/2007;38,40598;5,1;12,398
11/09/2007;38,24278;5,1;17,479
12/09/2007;38,05062;5,1;13,696
13/09/2007;37,81241;6,24;8,916
14/09/2007;37,59978;6,63;13,269
15/09/2007;37,36135;6,63;10,268
16/09/2007;37,12967;6,63;10,813
17/09/2007;36,92955;7,13;11,889
18/09/2007;36,71854;7,91;12,585
19/09/2007;36,46646;8,1;9,03
20/09/2007;36,21866;8,1;10,008
21/09/2007;35,97087;8,1;11,895
22/09/2007;35,74056;8,1;12,025
23/09/2007;35,49391;8,1;11,798
24/09/2007;35,26242;8,1;11,265
25/09/2007;35,01853;8,1;9,67
26/09/2007;34,78467;8,1;8,999
27/09/2007;34,56981;8,1;12,988
28/09/2007;34,30501;8,09;7,675
29/09/2007;34,08694;8,09;13,71
30/09/2007;33,9011;8,09;14,578
01/10/2007;33,67726;8,09;10,556
02/10/2007;33,44528;8,09;13,505
03/10/2007;33,20444;8,09;12,185
04/10/2007;32,90703;9,97;7,115
05/10/2007;32,6073;10,6;6,494
06/10/2007;32,33085;10,6;10,34
07/10/2007;32,05575;10,6;10,189
08/10/2007;31,76515;10,6;5,588
09/10/2007;31,47814;10,6;8,4
10/10/2007;31,21219;10,6;10,905
11/10/2007;30,92501;10,6;8,837
12/10/2007;30,67349;10,6;13,426
13/10/2007;30,39014;10,6;8,797
14/10/2007;30,13467;10,6;10,635
15/10/2007;29,97402;10,6;19,418
16/10/2007;29,8249;10,6;23,858
17/10/2007;29,61623;10,6;17,574
18/10/2007;29,36573;10,6;12,726
19/10/2007;29,17172;10,6;18,888
20/10/2007;28,95497;10,6;15,083
21/10/2007;28,66681;10,6;8,641
22/10/2007;28,52747;10,6;23,075
23/10/2007;28,29337;10,6;14,364
24/10/2007;28,07887;10,6;14,638
25/10/2007;28,32407;8,12;62,719
26/10/2007;28,51897;4,56;55,709
27/10/2007;28,49369;3,6;32,05
28/10/2007;28,44457;3,6;27,739
29/10/2007;28,31134;3,6;17,239
30/10/2007;28,11656;3,6;14,111
31/10/2007;27,93823;3,6;14,939
01/11/2007;27,81666;4,61;21,838
02/11/2007;28,08808;4,78;66,578
03/11/2007;28,45429;3,11;74,512
04/11/2007;29,08154;3,11;101,729
05/11/2007;29,94931;3,12;126,629
06/11/2007;30,31928;2,48;73,726
07/11/2007;30,47891;2,12;50,08
08/11/2007;30,51474;2,1;36,281
09/11/2007;30,86528;2,12;72,948
10/11/2007;30,94493;2,12;42,52
11/11/2007;31,25746;2,12;68,429
12/11/2007;31,55396;2,11;63,63
13/11/2007;31,62419;2,11;38,567
14/11/2007;31,68721;2,11;37,867
15/11/2007;31,76558;2,11;40,597
16/11/2007;31,8126;2,11;32,924
17/11/2007;31,90882;2,11;41,26
18/11/2007;31,94653;3,24;35,186
19/11/2007;31,89035;3,6;25,26
20/11/2007;32,29468;3,61;78,618
21/11/2007;32,31207;3,61;34,371
22/11/2007;32,29186;3,61;31,333
23/11/2007;32,13174;3,61;15,036
24/11/2007;32,01979;3,61;22,437
25/11/2007;31,92219;3,59;23,358
26/11/2007;31,82199;3,6;21,12
27/11/2007;31,88675;3,6;41,884
28/11/2007;31,88614;3,6;33,287
29/11/2007;31,82597;3,6;27,989
30/11/2007;31,70385;3,6;21,206
01/12/2007;31,52612;3,6;14,637
02/12/2007;31,3713;3,6;15,553
03/12/2007;31,25148;4,51;20,049
04/12/2007;31,04216;5,86;13,747
05/12/2007;30,88023;6,61;20,087
06/12/2007;30,72416;6,61;18,792
07/12/2007;30,92908;5,98;58,692
08/12/2007;31,17861;3,99;61,059
09/12/2007;31,14692;3,6;31,547
10/12/2007;31,18095;3,6;38,161
11/12/2007;31,15942;3,6;32,062
12/12/2007;31,14485;3,6;33,423
13/12/2007;31,28742;3,6;48,018
14/12/2007;31,3567;3,6;40,796
15/12/2007;31,43988;3,6;43,253
16/12/2007;31,45368;3,6;35,648
17/12/2007;31,51715;3,6;39,436
18/12/2007;31,50592;3,6;33,3
19/12/2007;31,4375;3,6;27,428
20/12/2007;31,91278;2,85;84,578
21/12/2007;32,20308;2,1;64,334
22/12/2007;32,53213;2,1;68,886
23/12/2007;32,74508;2,1;56,252
24/12/2007;32,85161;2,1;43,335
25/12/2007;32,84027;2,1;31,915
26/12/2007;32,94821;2,1;41,19
27/12/2007;32,89385;2,1;28,189
28/12/2007;32,83394;2,1;27,602
29/12/2007;32,71768;2,74;21,282
30/12/2007;32,63703;3,1;22,995
31/12/2007;32,5863;3,1;26,894
01/01/2008;32,50357;3,1;22,331
02/01/2008;32,41227;3,1;18,788
03/01/2008;32,31133;3,81;21,124
04/01/2008;32,28221;4,6;30,726
05/01/2008;32,19506;3,92;24,028
06/01/2008;32,28477;3,01;40,549
07/01/2008;32,32998;2,1;34,61
08/01/2008;32,3868;2,1;38,886
09/01/2008;32,323;2,1;24,676
10/01/2008;32,27487;2,1;27,138
11/01/2008;32,19063;2,1;24,383
12/01/2008;32,0649;2,1;20,494
13/01/2008;32,20331;2,1;47,588
14/01/2008;32,34588;2,1;45,051
15/01/2008;32,57391;2,1;56,269
16/01/2008;32,60373;1,76;34,847
17/01/2008;32,59098;1,61;29,987
18/01/2008;32,82578;1,61;55,949
19/01/2008;33,20764;1,49;75,701
20/01/2008;33,71066;1,41;87,327
21/01/2008;34,33441;1,41;98,172
22/01/2008;34,67908;1,41;70,474
23/01/2008;34,93216;1,41;59,687
24/01/2008;35,02379;1,41;42,695
25/01/2008;35,11867;1,41;42,954
26/01/2008;35,21253;1,41;40,244
27/01/2008;35,22856;1,41;31,521
28/01/2008;35,28552;1,41;35,224
29/01/2008;35,3376;1,41;37,229
30/01/2008;36,20111;1,41;125,529
31/01/2008;36,92966;1,41;114,094
01/02/2008;37,43351;1,41;88,957
02/02/2008;37,7075;1,41;63,878
03/02/2008;38,12902;1,41;79,541
04/02/2008;38,53593;1,41;74,403
05/02/2008;38,92996;1,41;72,352
06/02/2008;39,16388;1,41;54,759
07/02/2008;39,36555;1,41;53,887
08/02/2008;39,69082;1,41;67,344
09/02/2008;39,80752;1,41;45,915
10/02/2008;39,98183;1,41;52,22
11/02/2008;40,0516;1,41;38,351
12/02/2008;40,07968;1,42;35,463
13/02/2008;40,37852;1,42;66,593
14/02/2008;40,62327;1,42;61,609
15/02/2008;40,84808;1,42;59,549
16/02/2008;41,03064;1,42;54,212
17/02/2008;41,13642;1,42;44,759
18/02/2008;41,24813;1,42;44,611
19/02/2008;41,58684;1,42;70,492
20/02/2008;41,79784;1,42;56,214
21/02/2008;42,04098;1,42;59,821
22/02/2008;42,37844;1,42;71,116
23/02/2008;42,65524;1,42;64,602
24/02/2008;42,84605;1,42;53,297
25/02/2008;43,24016;1,42;73,894
26/02/2008;43,39887;1,42;50,564
27/02/2008;43,50788;1,42;45,079
28/02/2008;43,5387;1,42;35,994
29/02/2008;43,61539;1,52;41,249
01/03/2008;43,71828;1,62;44,639
02/03/2008;43,86401;1,62;48,438
03/03/2008;44,03539;1,47;50,936
04/03/2008;44,20872;1,42;52,604
05/03/2008;44,21342;1,42;33,848
06/03/2008;44,20583;1,42;33,035
07/03/2008;44,16711;1,94;30,068
08/03/2008;44,27242;2,1;46,513
09/03/2008;44,45753;2,1;54,883
10/03/2008;44,88091;2,1;81,938
11/03/2008;45,0122;1,6;48,344
12/03/2008;45,228;1,41;56,465
13/03/2008;45,51774;1,41;63,14
14/03/2008;46,32937;1,41;122,522
15/03/2008;46,91142;1,41;97,059
16/03/2008;47,1894;1,41;61,649
17/03/2008;47,61791;1,41;77,913
18/03/2008;49,07923;1,41;196,54
19/03/2008;49,99414;1,05;137,673
20/03/2008;50,5271;0,9;94,363
21/03/2008;50,98959;0,9;86,277
22/03/2008;51,21513;0,9;56,482
23/03/2008;51,40582;0,9;51,812
24/03/2008;51,6578;0,9;57,367
25/03/2008;52,12645;0,9;84,634
26/03/2008;52,27277;0,9;48,131
27/03/2008;52,42686;0,9;49,445
28/03/2008;52,71598;0,9;64,973
29/03/2008;52,88158;0,95;51,364
30/03/2008;52,9288;1,0;37,182
31/03/2008;53,04753;1,0;42,303
01/04/2008;53,06066;1,0;33,832
02/04/2008;53,15466;1,34;43,145
03/04/2008;53,20923;1,4;38,104
04/04/2008;53,35602;1,4;47,021
05/04/2008;53,43639;1,4;41,707
06/04/2008;53,56293;1,4;45,349
07/04/2008;53,88723;1,4;64,485
08/04/2008;54,25953;1,4;75,211
09/04/2008;54,77004;1,4;89,784
10/04/2008;55,05064;1,4;63,914
11/04/2008;55,70561;1,4;106,523
12/04/2008;55,99867;1,4;66,939
13/04/2008;56,47242;1,4;86,727
14/04/2008;56,7027;1,4;58,557
15/04/2008;57,00809;1,4;66,312
16/04/2008;57,49421;1,4;86,468
17/04/2008;57,72864;1,4;58,634
18/04/2008;57,94334;1,4;56,602
19/04/2008;58,02777;1,4;41,848
20/04/2008;58,19067;1,4;48,727
21/04/2008;58,55372;1,4;69,496
22/04/2008;58,83488;1,4;62,195
23/04/2008;59,097;1,4;62,548
24/04/2008;59,26882;1,4;51,423
25/04/2008;59,35565;1,4;42,5
26/04/2008;59,43546;1,4;42,311
27/04/2008;59,51056;1,4;40,241
28/04/2008;59,61917;1,4;42,423
29/04/2008;59,62482;1,4;33,594
30/04/2008;60,23943;1,4;102,053
01/05/2008;60,42095;1,4;50,332
02/05/2008;60,55375;1,4;43,571
03/05/2008;61,60069;1,4;145,814
04/05/2008;62,0593;1,4;82,017
05/05/2008;62,29268;1,4;55,883
06/05/2008;62,38216;1,4;41,16
07/05/2008;62,44447;1,4;38,735
08/05/2008;62,7591;1,4;67,861
09/05/2008;62,85167;1,4;42,781
10/05/2008;62,9081;1,4;38,275
11/05/2008;62,88435;1,4;27,968
12/05/2008;62,91872;1,4;34,404
13/05/2008;63,02168;1,4;44,886
14/05/2008;63,01638;1,4;32,058
15/05/2008;63,05479;1,4;36,786
16/05/2008;63,11542;1,4;38,745
17/05/2008;63,10197;1,4;32,059
18/05/2008;63,14809;1,4;36,51
19/05/2008;63,15928;1,4;31,524
20/05/2008;63,15149;2,91;33,262
21/05/2008;63,12067;3,5;32,188
22/05/2008;63,12837;3,5;35,652
23/05/2008;63,09904;3,5;29,769
24/05/2008;63,09546;3,5;33,412
25/05/2008;63,04985;3,5;27,654
26/05/2008;63,10407;3,5;37,888
27/05/2008;63,01282;3,5;24,461
28/05/2008;62,98706;3,5;31,73
29/05/2008;62,99373;3,5;35,4
30/05/2008;62,97352;3,5;31,479
31/05/2008;62,99422;3,5;33,866
01/06/2008;63,16286;3,5;50,871
02/06/2008;63,38992;3,5;54,236
03/06/2008;63,44539;3,5;40,229
04/06/2008;63,63103;3,5;54,476
05/06/2008;64,08419;3,02;84,803
06/06/2008;64,23177;3,02;50,519
07/06/2008;64,28208;3,02;40,188
08/06/2008;64,27113;3,0;32,362
09/06/2008;64,30713;3,0;36,226
10/06/2008;64,26119;3,0;29,712
11/06/2008;64,2657;3,0;35,527
12/06/2008;64,22309;3,0;30,38
13/06/2008;64,1606;3,0;27,491
14/06/2008;64,14323;3,0;31,368
15/06/2008;64,12072;3,0;30,764
16/06/2008;64,22888;3,0;42,64
17/06/2008;64,19204;3,0;27,788
18/06/2008;64,21209;3,0;34,687
19/06/2008;64,12882;3,0;23,393
20/06/2008;64,13294;3,0;33,759
21/06/2008;64,05738;3,0;25,84
22/06/2008;64,00203;3,0;26,556
23/06/2008;63,99792;3,0;28,869
24/06/2008;63,98925;3,0;30,025
25/06/2008;63,94746;3,0;27,59
26/06/2008;63,92948;3,0;30,416
27/06/2008;63,87736;3,0;27,652
28/06/2008;63,84021;3,13;29,943
29/06/2008;63,78482;4,0;26,248
30/06/2008;63,7338;4,0;26,285
01/07/2008;63,64406;4,0;24,222
02/07/2008;63,62088;4,0;31,915
03/07/2008;63,54473;4,0;25,25
04/07/2008;63,48597;4,0;27,645
05/07/2008;63,38361;4,25;23,213
06/07/2008;63,2962;4,5;23,824
07/07/2008;63,28427;4,5;31,147
08/07/2008;63,18591;4,5;24,292
09/07/2008;63,08193;4,5;22,82
10/07/2008;63,0041;4,5;25,897
11/07/2008;62,90028;4,5;23,523
12/07/2008;62,84587;5,05;28,124
13/07/2008;62,76703;5,5;26,887
14/07/2008;62,68522;5,5;22,981
15/07/2008;62,56374;5,5;22,1
16/07/2008;62,48205;5,5;26,427
17/07/2008;62,37623;5,5;23,442
18/07/2008;62,25839;5,5;22,033
19/07/2008;62,11979;5,5;19,836
20/07/2008;61,98942;5,5;20,357
21/07/2008;61,87162;5,5;20,081
22/07/2008;61,79462;5,5;27,465
23/07/2008;61,67713;5,5;23,461
24/07/2008;61,54389;5,5;20,94
25/07/2008;61,42064;5,5;21,722
26/07/2008;61,28048;5,5;19,876
27/07/2008;61,20043;5,5;25,001
28/07/2008;61,08283;5,5;19,227
29/07/2008;60,87154;5,5;13,286
30/07/2008;60,67634;5,5;14,05
31/07/2008;60,52439;5,5;18,826
01/08/2008;60,34172;5,5;15,046
02/08/2008;60,14024;7,0;15,678
03/08/2008;60,05276;7,0;26,842
04/08/2008;60,10059;7,0;38,334
05/08/2008;59,98568;7,0;24,017
06/08/2008;59,95889;7,0;34,148
07/08/2008;59,90036;7,0;30,662
08/08/2008;60,21943;6,44;72,005
09/08/2008;60,33378;5,5;47,48
10/08/2008;60,44914;5,5;45,738
11/08/2008;60,45414;5,5;32,673
12/08/2008;60,40662;5,5;30,978
13/08/2008;60,32715;5,5;27,61
14/08/2008;60,21954;5,5;22,632
15/08/2008;60,1461;5,5;26,772
16/08/2008;60,02762;5,5;22,355
17/08/2008;59,90148;5,5;21,581
18/08/2008;59,75034;5,5;16,576
19/08/2008;59,61734;5,5;22,681
20/08/2008;59,47951;5,5;21,916
21/08/2008;59,35657;5,5;22,732
22/08/2008;59,16768;5,5;14,743
23/08/2008;59,01176;5,5;19,03
24/08/2008;58,89994;5,5;20,969
25/08/2008;58,79466;5,5;21,184
26/08/2008;58,66276;5,5;21,327
27/08/2008;58,49095;5,5;16,266
28/08/2008;58,29428;5,5;13,442
29/08/2008;58,09528;5,5;13,308
30/08/2008;57,89258;7,75;15,066
31/08/2008;57,82074;10,0;30,855
01/09/2008;57,66881;10,0;19,291
02/09/2008;57,43731;10,0;14,809
03/09/2008;57,26012;10,0;20,395
04/09/2008;57,05038;10,0;16,374
05/09/2008;56,847;10,0;18,82
06/09/2008;56,62006;10,0;15,81
07/09/2008;56,38948;10,0;12,813
08/09/2008;56,20795;10,0;16,321
09/09/2008;56,03274;10,0;18,34
10/09/2008;55,8238;10,0;14,794
11/09/2008;55,57798;10,0;12,561
12/09/2008;55,34185;10,0;14,259
13/09/2008;55,10511;10,0;15,411
14/09/2008;54,90282;10,0;15,465
15/09/2008;54,76936;10,0;20,501
16/09/2008;54,57589;10,0;15,945
17/09/2008;54,35733;10,0;12,955
18/09/2008;54,13992;10,0;14,628
19/09/2008;53,94218;10,0;17,649
20/09/2008;53,67987;10,0;9,847
21/09/2008;53,46876;10,0;14,451
22/09/2008;53,46743;7,46;33,232
23/09/2008;53,42302;6,0;31,588
24/09/2008;53,32073;6,0;24,154
25/09/2008;53,18705;6,0;19,051
26/09/2008;52,99227;6,0;13,427
27/09/2008;52,85569;6,0;20,35
28/09/2008;52,73603;6,0;20,989
29/09/2008;52,64573;6,0;22,555
30/09/2008;52,55972;6,0;26,526
01/10/2008;52,40968;6,96;18,08
02/10/2008;52,47648;8,0;45,673
03/10/2008;52,43121;8,0;30,842
04/10/2008;52,32521;5,5;24,364
05/10/2008;52,2033;5,5;20,838
06/10/2008;52,13805;5,5;23,417
07/10/2008;52,15593;4,89;34,069
08/10/2008;52,07725;4,5;24,579
09/10/2008;52,01462;4,5;24,266
10/10/2008;51,92346;4,5;23,214
11/10/2008;51,80161;5,23;22,224
12/10/2008;51,67919;6,0;21,655
13/10/2008;51,56992;6,0;24,671
14/10/2008;51,38185;6,0;16,624
15/10/2008;51,13992;7,21;11,85
16/10/2008;50,87678;8,0;10,378
17/10/2008;50,69647;8,0;18,28
18/10/2008;50,57428;9,44;25,744
19/10/2008;50,52085;10,0;28,069
20/10/2008;50,58123;10,0;43,194
21/10/2008;50,37562;10,0;16,381
22/10/2008;50,25346;8,5;24,663
23/10/2008;50,09572;8,0;21,163
24/10/2008;49,96984;8,0;24,071
25/10/2008;49,83034;8,0;23,178
26/10/2008;49,62156;8,0;14,684
27/10/2008;49,38847;8,0;10,065
28/10/2008;49,15636;8,0;12,37
29/10/2008;48,95031;8,0;14,653
30/10/2008;49,30005;6,72;76,552
31/10/2008;49,30204;4,0;33,896
01/11/2008;49,19296;4,0;20,531
02/11/2008;49,08325;4,0;20,148
03/11/2008;49,04757;4,0;27,479
04/11/2008;48,93582;4,0;21,669
05/11/2008;48,72704;4,73;11,322
06/11/2008;48,5637;5,5;17,335
07/11/2008;48,49321;5,5;25,507
08/11/2008;48,63377;5,5;50,471
09/11/2008;48,78098;5,5;50,894
10/11/2008;48,72166;5,5;26,936
11/11/2008;48,97716;5,5;64,661
12/11/2008;48,92855;5,5;30,1
13/11/2008;48,91246;5,5;33,4
14/11/2008;48,97617;5,5;42,714
15/11/2008;49,05099;4,63;43,697
16/11/2008;49,10528;4,0;39,461
17/11/2008;49,09614;4,0;30,845
18/11/2008;49,0271;4,0;24,172
19/11/2008;48,94944;5,06;25,213
20/11/2008;48,78772;6,0;16,376
21/11/2008;48,6511;6,0;18,937
22/11/2008;48,55464;6,0;25,023
23/11/2008;48,59667;6,0;37,15
24/11/2008;48,64436;6,0;38,56
25/11/2008;48,69866;4,69;40,553
26/11/2008;48,65438;4,0;27,678
27/11/2008;48,68787;4,0;36,811
28/11/2008;48,70003;4,0;35,671
29/11/2008;48,68378;4,25;32,318
30/11/2008;48,66537;4,5;31,003
01/12/2008;48,6102;4,5;27,214
02/12/2008;48,53349;4,5;27,037
03/12/2008;48,61758;4,5;44,079
04/12/2008;48,53195;4,5;23,889
05/12/2008;48,36876;4,5;15,925
06/12/2008;48,24947;4,5;20,533
07/12/2008;48,127;4,5;19,001
08/12/2008;47,9977;4,5;18,959
09/12/2008;47,93936;5,88;30,083
10/12/2008;47,70243;6,5;11,714
11/12/2008;47,70279;6,5;37,302
12/12/2008;47,70229;6,5;35,605
13/12/2008;47,64623;5,73;29,167
14/12/2008;47,47621;5,5;14,369
15/12/2008;47,39456;5,5;23,06
16/12/2008;47,27786;5,5;21,805
17/12/2008;47,69451;4,74;81,905
18/12/2008;47,85807;4,0;51,808
19/12/2008;47,96872;4,0;46,168
20/12/2008;48,26867;4,0;68,733
21/12/2008;48,57833;4,0;67,215
22/12/2008;49,06118;3,3;86,36
23/12/2008;49,50384;2,5;83,161
24/12/2008;49,55028;2,5;39,728
25/12/2008;49,81669;2,5;64,363
26/12/2008;50,1758;2,5;69,578
27/12/2008;50,30091;2,5;44,333
28/12/2008;50,50967;2,5;50,801
29/12/2008;50,63085;2,5;42,748
30/12/2008;50,63399;2,5;31,84
31/12/2008;50,59949;3,49;28,45
01/01/2009;51,10217;4,0;87,557
02/01/2009;51,33976;4,0;54,082
03/01/2009;51,67004;4,0;66,658
04/01/2009;51,99723;3,29;63,445
05/01/2009;52,39365;3,0;74,599
06/01/2009;52,66315;3,0;58,658
07/01/2009;52,88747;3,0;57,535
08/01/2009;53,02063;3,0;46,994
09/01/2009;53,11907;3,0;44,152
10/01/2009;53,31248;3,0;55,281
11/01/2009;53,65281;3,0;69,915
12/01/2009;53,78154;3,0;44,773
13/01/2009;53,78277;3,0;33,682
14/01/2009;53,83069;3,0;39,717
15/01/2009;54,20309;3,0;74,473
16/01/2009;54,38073;3,0;52,832
17/01/2009;54,82903;3,0;84,404
18/01/2009;55,17079;3,0;71,029
19/01/2009;55,47603;3,0;63,652
20/01/2009;55,68414;3,0;58,402
21/01/2009;55,76439;3,0;43,25
22/01/2009;55,91203;3,0;49,38
23/01/2009;56,12922;3,0;57,163
24/01/2009;56,34132;3,0;57,018
25/01/2009;56,52771;3,0;55,2
26/01/2009;57,29353;3,0;116,452
27/01/2009;57,86203;2,63;96,826
28/01/2009;58,27248;2,5;77,018
29/01/2009;58,80927;2,5;92,274
30/01/2009;59,53892;2,5;114,661
31/01/2009;60,40901;2,5;129,778
01/02/2009;60,83132;2,5;79,124
02/02/2009;61,22789;2,5;76,099
03/02/2009;61,62876;2,5;78,78
04/02/2009;62,03722;2,5;78,206
05/02/2009;62,4997;2,5;84,07
06/02/2009;62,77375;2,5;63,628
07/02/2009;62,96341;2,5;55,1
08/02/2009;63,4766;2,5;88,757
09/02/2009;63,9732;2,2;83,179
10/02/2009;64,38119;1,5;76,446
11/02/2009;64,89546;1,5;88,611
12/02/2009;65,65902;2,09;118,445
13/02/2009;66,26219;2,5;98,491
14/02/2009;66,76393;2,5;88,531
15/02/2009;68,17179;2,5;189,684
16/02/2009;69,55223;2,5;186,391
17/02/2009;71,49876;2,5;255,047
18/02/2009;72,4793;2,5;145,926
19/02/2009;73,06042;2,5;100,943
20/02/2009;73,46959;2,5;82,328
21/02/2009;73,72031;2,5;63,111
22/02/2009;74,00404;2,5;64,294
23/02/2009;74,28096;2,5;61,224
24/02/2009;74,94277;2,5;106,626
25/02/2009;75,71849;2,5;118,05
26/02/2009;76,14899;2,5;80,642
27/02/2009;76,46403;2,5;67,362
28/02/2009;77,29073;2,5;128,413
01/03/2009;77,61217;2,5;69,326
02/03/2009;77,86129;2,5;61,403
03/03/2009;77,97511;2,5;48,848
04/03/2009;78,15639;2,5;55,09
05/03/2009;78,25474;2,5;46,172
06/03/2009;78,2928;2,5;38,943
07/03/2009;78,35276;2,5;40,253
08/03/2009;78,38188;2,5;39,674
09/03/2009;78,56922;2,5;52,391
10/03/2009;78,95965;2,5;77,229
11/03/2009;79,21743;2,5;62,203
12/03/2009;79,45226;2,5;58,564
13/03/2009;79,77859;2,5;69,863
14/03/2009;80,34797;2,5;97,709
15/03/2009;80,66871;2,5;69,536
16/03/2009;81,00314;2,5;69,29
17/03/2009;81,17734;2,5;54,913
18/03/2009;82,24659;2,5;154,532
19/03/2009;83,1042;2,5;131,425
20/03/2009;83,63102;2,5;93,867
21/03/2009;83,96812;2,5;72,741
22/03/2009;84,28321;2,5;67,957
23/03/2009;84,51823;2,5;57,21
24/03/2009;84,84357;2,5;69,659
25/03/2009;85,06713;2,5;59,31
26/03/2009;85,17982;2,5;47,276
27/03/2009;85,37196;2,5;56,26
28/03/2009;85,46068;3,0;44,798
29/03/2009;85,76923;3,5;70,035
30/03/2009;86,09818;3,5;70,512
31/03/2009;86,33132;3,5;61,855
01/04/2009;86,49671;3,5;55,023
02/04/2009;86,53968;3,5;40,07
03/04/2009;86,62375;3,5;45,384
04/04/2009;86,70578;4,25;46,42
05/04/2009;86,76588;5,0;43,978
06/04/2009;86,96276;5,0;56,747
07/04/2009;87,42605;5,0;88,354
08/04/2009;87,68631;5,0;65,946
09/04/2009;87,85721;5,0;55,997
10/04/2009;87,92314;5,0;43,608
11/04/2009;87,9847;5,0;41,529
12/04/2009;87,98429;5,45;34,919
13/04/2009;88,05032;6,0;42,397
14/04/2009;88,30706;6,0;66,494
15/04/2009;88,32827;6,0;37,84
16/04/2009;88,31586;6,0;36,551
17/04/2009;88,36478;6,0;43,608
18/04/2009;88,35825;6,0;36,882
19/04/2009;88,37023;6,0;37,703
20/04/2009;88,37389;6,0;34,961
21/04/2009;88,35994;6,0;34,767
22/04/2009;88,29575;6,0;26,849
23/04/2009;88,22256;6,0;28,313
24/04/2009;88,2832;6,0;43,659
25/04/2009;88,33411;6,5;43,2
26/04/2009;88,34566;7,0;38,515
27/04/2009;88,29101;7,0;29,948
28/04/2009;88,25861;7,0;34,083
29/04/2009;88,22684;7,0;34,726
30/04/2009;88,18527;7,0;33,769
01/05/2009;88,11586;7,0;30,367
02/05/2009;88,02965;7,0;26,496
03/05/2009;87,99406;7,0;31,693
04/05/2009;87,95032;7,0;30,917
05/05/2009;87,8661;7,0;26,992
06/05/2009;87,80431;7,0;31,336
07/05/2009;87,72663;7,0;29,063
08/05/2009;87,64353;7,0;29,174
09/05/2009;87,54882;7,0;27,532
10/05/2009;87,60503;7,0;44,072
11/05/2009;87,73923;7,0;52,178
12/05/2009;87,7241;7,0;38,142
13/05/2009;87,65752;7,0;31,336
14/05/2009;87,58606;7,0;31,575
15/05/2009;87,59989;7,0;41,396
16/05/2009;87,67304;6,17;44,652
17/05/2009;87,69184;4,0;35,855
18/05/2009;87,64265;4,0;27,131
19/05/2009;87,56411;4,0;26,552
20/05/2009;87,49918;4,0;27,356
21/05/2009;87,44703;4,75;29,263
22/05/2009;87,35228;5,5;26,399
23/05/2009;87,27349;5,5;28,227
24/05/2009;87,19731;5,5;28,073
25/05/2009;87,08089;5,5;22,341
26/05/2009;87,0321;5,5;31,565
27/05/2009;86,97529;5,5;30,385
28/05/2009;86,98372;5,5;35,906
29/05/2009;86,9062;5,75;27,594
30/05/2009;86,82612;6,0;26,099
31/05/2009;86,79037;6,0;32,122
01/06/2009;86,76055;6,0;30,722
02/06/2009;86,70611;6,0;30,319
03/06/2009;86,56455;6,0;18,906
04/06/2009;86,49613;6,0;28,182
05/06/2009;86,3323;6,0;17,833
06/06/2009;86,22662;6,5;26,387
07/06/2009;86,14275;7,0;27,712
08/06/2009;86,06082;7,0;27,001
09/06/2009;85,94241;7,0;26,511
10/06/2009;85,84352;7,0;27,637
11/06/2009;85,94096;7,0;48,244
12/06/2009;86,03624;4,75;45,09
13/06/2009;86,0138;4,0;30,565
14/06/2009;85,95557;4,0;26,814
15/06/2009;85,86638;4,0;21,939
16/06/2009;85,78641;4,0;25,82
17/06/2009;85,68807;5,46;23,923
18/06/2009;85,57836;6,0;24,955
19/06/2009;85,45775;6,0;24,018
20/06/2009;85,37105;6,0;26,936
21/06/2009;85,24225;6,0;21,314
22/06/2009;85,16338;6,0;25,709
23/06/2009;85,00824;6,0;19,8
24/06/2009;84,80944;6,0;14,78
25/06/2009;84,66757;6,0;20,206
26/06/2009;84,80029;6,0;49,648
27/06/2009;84,76747;5,6;32,456
28/06/2009;84,84193;5,5;43,007
29/06/2009;84,9039;5,5;40,469
30/06/2009;84,87217;5,5;33,58
01/07/2009;84,73774;5,5;21,695
02/07/2009;84,63589;6,72;25,913
03/07/2009;84,62072;7,0;33,965
04/07/2009;84,56068;7,0;30,133
05/07/2009;84,45169;7,0;24,897
06/07/2009;84,35838;7,0;25,564
07/07/2009;84,19761;7,0;19,524
08/07/2009;84,07876;7,0;24,722
09/07/2009;83,96998;7,0;25,656
10/07/2009;83,83174;7,0;20,979
11/07/2009;83,80902;7,0;34,236
12/07/2009;84,03147;7,0;57,062
13/07/2009;84,07678;7,0;39,34
14/07/2009;84,02341;7,0;31,39
15/07/2009;83,9182;7,0;25,9
16/07/2009;83,80756;7,0;23,16
17/07/2009;83,66764;7,0;21,881
18/07/2009;83,49706;7,0;19,916
19/07/2009;83,42821;7,0;27,07
20/07/2009;83,3599;7,0;26,337
21/07/2009;83,23953;7,0;22,745
22/07/2009;83,09894;7,0;21,855
23/07/2009;82,91663;7,0;16,836
24/07/2009;82,82992;7,0;26,768
25/07/2009;83,11789;7,0;69,721
26/07/2009;83,3717;7,0;63,175
27/07/2009;83,57919;7,0;58,992
28/07/2009;83,67067;7,0;47,135
29/07/2009;83,81043;7,0;53,733
30/07/2009;84,07562;7,0;65,775
31/07/2009;84,06572;7,0;35,63
01/08/2009;84,03169;5,83;30,876
02/08/2009;83,93487;5,0;24,954
03/08/2009;83,84103;5,0;24,373
04/08/2009;83,74733;5,0;26,078
05/08/2009;83,63896;5,0;23,103
06/08/2009;83,50959;6,04;23,389
07/08/2009;83,35823;7,0;21,67
08/08/2009;83,2284;7,0;23,894
09/08/2009;83,04891;7,0;17,405
10/08/2009;82,91704;7,0;21,931
11/08/2009;82,82053;7,0;27,461
12/08/2009;82,65878;7,0;17,253
13/08/2009;82,49615;7,0;19,866
14/08/2009;82,32095;7,0;18,514
15/08/2009;82,12442;7,0;16,81
16/08/2009;81,98128;7,0;20,557
17/08/2009;81,81733;7,0;17,919
18/08/2009;81,65542;7,0;21,459
19/08/2009;81,69159;7,0;40,12
20/08/2009;81,66142;7,0;33,611
21/08/2009;81,68634;7,0;40,091
22/08/2009;81,73536;7,0;41,785
23/08/2009;81,67337;7,0;29,291
24/08/2009;81,64181;7,0;31,051
25/08/2009;81,62324;7,0;35,414
26/08/2009;81,57125;7,0;30,786
27/08/2009;81,42192;7,0;21,105
28/08/2009;81,2534;7,0;18,902
29/08/2009;81,08235;7,0;19,759
30/08/2009;80,95774;7,0;24,852
31/08/2009;80,82588;7,0;21,099
01/09/2009;80,63628;7,0;17,982
02/09/2009;80,45306;7,0;18,333
03/09/2009;80,26516;7,0;18,372
04/09/2009;80,24916;7,0;36,845
05/09/2009;80,19226;7,0;30,848
06/09/2009;80,05434;7,0;20,897
07/09/2009;80,11;7,0;38,012
08/09/2009;80,00925;7,0;26,5
09/09/2009;80,85732;5,3;126,755
10/09/2009;81,38481;4,0;93,327
11/09/2009;81,60345;5,0;61,244
12/09/2009;81,61899;5,0;39,325
13/09/2009;81,55894;5,0;30,818
14/09/2009;81,5194;5,0;31,674
15/09/2009;81,4425;5,0;26,343
16/09/2009;81,33221;5,0;24,016
17/09/2009;81,18423;5,0;19,409
18/09/2009;81,08857;6,3;27,096
19/09/2009;80,97204;7,0;26,651
20/09/2009;80,84616;7,0;24,341
21/09/2009;80,70597;7,0;21,505
22/09/2009;80,58958;7,0;24,118
23/09/2009;80,49668;7,0;26,254
24/09/2009;80,53211;7,0;41,671
25/09/2009;80,49438;7,0;34,02
26/09/2009;80,38948;7,0;26,582
27/09/2009;80,21977;7,0;20,319
28/09/2009;80,0807;7,0;23,386
29/09/2009;80,14816;7,0;46,992
30/09/2009;80,03982;12,47;30,375
01/10/2009;79,88142;7,5;20,086
02/10/2009;79,78829;7,0;28,335
03/10/2009;79,63382;7,0;22,866
04/10/2009;79,52428;7,0;26,511
05/10/2009;79,46932;7,0;31,067
06/10/2009;79,34927;7,0;26,302
07/10/2009;79,35571;7,0;39,699
08/10/2009;79,41749;7,0;46,512
09/10/2009;79,57058;7,0;54,132
10/10/2009;79,72893;7,0;56,913
11/10/2009;79,78304;7,0;43,017
12/10/2009;79,69453;7,0;27,146
13/10/2009;79,70323;7,0;38,214
14/10/2009;79,66676;7,0;34,375
15/10/2009;79,54244;7,0;25,528
16/10/2009;79,563;7,0;41,461
17/10/2009;79,53921;7,0;36,126
18/10/2009;79,47621;7,0;30,195
19/10/2009;79,45253;7,0;35,846
20/10/2009;80,41688;7,0;149,089
21/10/2009;80,61633;7,0;61,685
22/10/2009;80,74417;7,0;54,048
23/10/2009;80,90435;5,92;56,599
24/10/2009;80,96869;5,0;44,772
25/10/2009;80,8776;7,04;29,696
26/10/2009;80,77217;7,0;26,432
27/10/2009;80,85344;7,0;46,647
28/10/2009;80,87685;7,0;38,662
29/10/2009;80,91376;7,0;42,347
30/10/2009;80,82758;7,0;28,682
31/10/2009;80,71423;7,0;26,738
01/11/2009;80,57438;7,0;23,698
02/11/2009;80,46074;7,0;24,825
03/11/2009;80,37138;7,0;28,235
04/11/2009;80,18487;8,0;20,371
05/11/2009;79,95523;9,0;16,52
06/11/2009;79,75412;9,0;19,339
07/11/2009;79,56915;9,0;20,427
08/11/2009;79,39946;9,0;22,754
09/11/2009;79,35764;9,0;34,665
10/11/2009;79,40936;9,0;47,425
11/11/2009;79,56728;9,0;53,844
12/11/2009;80,11588;9,0;100,516
13/11/2009;80,29242;7,13;60,295
14/11/2009;80,24308;6,0;33,04
15/11/2009;80,14149;6,44;27,74
16/11/2009;80,24854;7,0;48,107
17/11/2009;80,54321;7,0;72,303
18/11/2009;80,56361;7,0;41,613
19/11/2009;80,4675;7,0;28,533
20/11/2009;80,37246;7,0;29,121
21/11/2009;80,35152;7,0;35,842
22/11/2009;80,54087;7,0;57,909
23/11/2009;80,57313;7,0;40,604
24/11/2009;80,55678;7,0;33,869
25/11/2009;80,76606;7,0;58,241
26/11/2009;80,91542;5,62;53,611
27/11/2009;81,00178;3,58;44,324
28/11/2009;81,42588;3,0;83,277
29/11/2009;81,69;3,0;63,617
30/11/2009;81,85976;3,25;52,998
01/12/2009;81,91673;4,0;43,629
02/12/2009;81,93378;4,0;38,044
03/12/2009;82,87079;4,0;142,759
04/12/2009;83,45864;4,0;103,473
05/12/2009;83,91025;4,0;86,048
06/12/2009;84,14971;4,0;61,18
07/12/2009;84,27295;4,0;48,358
08/12/2009;84,64346;4,0;76,109
09/12/2009;86,49736;3,0;239,393
10/12/2009;87,53663;3,0;152,765
11/12/2009;88,91936;3,0;192,863
12/12/2009;89,72581;3,0;127,47
13/12/2009;90,42177;3,0;114,495
14/12/2009;91,63338;3,0;168,817
15/12/2009;92,53691;3,48;138,277
16/12/2009;93,56692;4,0;153,842
17/12/2009;94,55634;3,5;146,015
18/12/2009;96,02153;6,83;205,07
19/12/2009;96,43403;21,9;101,368
20/12/2009;96,54346;41,17;85,228
21/12/2009;96,56529;43,16;76,112
22/12/2009;96,45512;43,0;64,937
23/12/2009;96,17992;42,5;44,25
24/12/2009;95,92193;50,14;52,649
25/12/2009;95,83443;55,0;76,588
26/12/2009;95,73547;55,0;71,827
27/12/2009;95,66132;55,0;76,43
28/12/2009;96,11549;54,69;135,033
29/12/2009;96,55366;65,3;145,298
30/12/2009;96,72823;74,11;127,027
31/12/2009;96,50211;81,25;86,436
01/01/2010;96,24944;84,15;85,995
02/01/2010;96,75691;84,14;164,671
03/01/2010;96,88266;87,14;128,161
04/01/2010;96,68559;88,1;93,507
05/01/2010;96,44907;85,97;90,46
06/01/2010;96,76668;84,18;148,686
07/01/2010;97,03388;84,14;145,38
08/01/2010;97,39595;84,98;155,931
09/01/2010;97,44703;85,1;122,025
10/01/2010;97,42911;86,1;114,244
11/01/2010;97,21283;86,08;92,007
12/01/2010;97,38463;85,32;135,791
13/01/2010;97,31166;86,1;109,963
14/01/2010;97,06099;87,96;92,081
15/01/2010;96,85099;89,0;96,148
16/01/2010;96,41667;88,97;70,558
17/01/2010;96,70932;88,74;152,532
18/01/2010;96,84312;88,0;130,573
19/01/2010;96,81351;88,0;117,59
20/01/2010;96,77726;88,0;115,158
21/01/2010;96,67569;88,65;109,447
22/01/2010;96,74659;88,53;127,923
23/01/2010;96,49008;88,2;90,89
24/01/2010;96,87651;88,2;161,798
25/01/2010;97,60717;88,2;198,978
26/01/2010;98,65154;88,2;236,012
27/01/2010;99,09411;98,32;179,94
28/01/2010;99,28085;108,42;162,276
29/01/2010;99,62964;119,03;189,407
30/01/2010;99,79823;128,2;177,554
31/01/2010;99,45308;128,2;119,629
01/02/2010;99,06828;128,0;114,951
02/02/2010;98,92788;100,38;116,611
03/02/2010;98,80033;82,08;100,23
04/02/2010;98,60386;82,73;92,131
05/02/2010;98,31434;93,02;90,911
06/02/2010;97,92344;93,06;81,111
07/02/2010;97,52351;93,61;79,427
08/02/2010;97,02489;92,89;66,462
09/02/2010;96,66074;91,31;81,483
10/02/2010;96,41728;71,46;75,256
11/02/2010;96,32276;68,32;88,433
12/02/2010;96,15019;65,26;77,457
13/02/2010;95,94272;61,05;68,711
14/02/2010;95,70456;58,47;62,237
15/02/2010;95,59308;53,2;70,5
16/02/2010;95,39872;53,2;61,152
17/02/2010;95,22508;53,2;64,69
18/02/2010;95,35045;53,2;99,903
19/02/2010;95,35885;53,2;86,59
20/02/2010;95,26096;53,2;75,286
21/02/2010;95,11118;53,2;67,573
22/02/2010;94,97723;53,2;68,891
23/02/2010;94,79199;53,2;60,853
24/02/2010;94,6073;53,2;65,03
25/02/2010;94,49395;53,2;73,081
26/02/2010;94,43432;53,2;76,14
27/02/2010;94,29156;53,2;68,833
28/02/2010;94,03482;53,2;54,498
01/03/2010;94,10668;53,2;90,967
02/03/2010;94,77357;32,05;137,846
03/03/2010;95,3092;18,2;110,891
04/03/2010;95,83256;18,2;109,007
05/03/2010;96,00504;18,2;69,948
06/03/2010;95,98745;18,2;48,039
07/03/2010;96,58914;32,78;129,283
08/03/2010;96,60791;53,2;85,35
09/03/2010;96,44879;53,2;67,56
10/03/2010;96,16232;53,2;52,665
11/03/2010;95,92738;53,2;58,98
12/03/2010;95,57482;53,2;45,713
13/03/2010;95,28457;53,2;52,953
14/03/2010;94,91449;50,33;40,707
15/03/2010;94,85312;49,2;72,601
16/03/2010;94,94604;31,0;74,9
17/03/2010;94,91952;26,2;56,358
18/03/2010;94,91474;24,83;57,071
19/03/2010;94,82012;24,2;47,245
20/03/2010;94,98721;16,04;68,33
21/03/2010;95,06133;7,2;47,564
22/03/2010;95,74089;7,2;115,294
23/03/2010;96,07583;7,2;78,226
24/03/2010;96,3636;7,2;72,851
25/03/2010;96,62519;7,2;69,848
26/03/2010;96,92698;7,2;72,671
27/03/2010;97,16901;7,2;66,796
28/03/2010;97,28056;7,2;50,531
29/03/2010;97,38085;7,2;49,17
30/03/2010;97,77919;7,2;84,104
31/03/2010;98,06482;7,2;71,721
01/04/2010;98,56615;7,2;72,193
02/04/2010;98,59735;7,2;43,106
03/04/2010;98,62817;7,2;40,703
04/04/2010;98,99098;7,2;75,099
05/04/2010;99,32321;7,2;72,104
06/04/2010;99,70229;7,2;80,283
07/04/2010;100,2017;40,01;124,466
08/04/2010;100,5069;45,45;111,324
09/04/2010;100,49409;46,2;76,134
10/04/2010;100,47738;46,2;75,013
11/04/2010;100,40348;46,2;67,503
12/04/2010;100,13946;46,2;47,215
13/04/2010;99,90353;46,7;53,396
14/04/2010;99,70075;47,0;57,282
15/04/2010;99,49339;47,0;55,869
16/04/2010;99,51062;11,25;46,578
17/04/2010;99,50122;8,0;40,682
18/04/2010;99,61897;8,0;53,825
19/04/2010;99,57945;8,0;35,165
20/04/2010;99,54777;8,0;36,966
21/04/2010;99,57709;8,0;43,759
22/04/2010;99,58782;8,06;40,633
23/04/2010;99,70227;8,0;53,631
24/04/2010;99,73723;8,0;44,605
25/04/2010;99,74614;8,0;38,882
26/04/2010;99,75368;8,0;39,288
27/04/2010;99,71558;8,0;35,83
28/04/2010;99,72958;8,0;41,999
29/04/2010;99,74479;8,0;41,99
30/04/2010;99,75979;8,0;42,243
01/05/2010;99,74216;7,25;37,396
02/05/2010;99,69865;5,0;31,337
03/05/2010;99,59692;5,0;24,087
04/05/2010;99,59323;5,0;37,452
05/05/2010;99,55217;5,0;32,077
06/05/2010;99,5707;5,0;39,042
07/05/2010;99,54509;5,0;33,706
08/05/2010;99,50141;5,0;32,895
09/05/2010;99,63846;5,0;50,83
10/05/2010;99,60431;5,0;31,502
11/05/2010;99,58724;5,0;35,631
12/05/2010;99,60281;5,0;39,314
13/05/2010;99,52069;5,0;28,536
14/05/2010;99,53267;5,0;39,155
15/05/2010;99,50303;5,0;33,976
16/05/2010;99,57402;5,0;44,723
17/05/2010;99,53626;5,0;31,43
18/05/2010;99,50606;5,0;34,513
19/05/2010;99,40974;5,0;26,593
20/05/2010;99,43504;5,0;38,369
21/05/2010;99,40025;5,0;32,082
22/05/2010;99,38052;5,0;34,605
23/05/2010;99,35529;5,0;33,632
24/05/2010;99,2892;5,0;27,788
25/05/2010;99,1753;5,0;24,533
26/05/2010;99,14654;5,0;34,107
27/05/2010;99,06653;5,0;27,929
28/05/2010;99,00027;5,0;29,397
29/05/2010;98,98803;5,0;37,529
30/05/2010;98,88466;5,0;25,046
31/05/2010;98,877;5,0;34,729
01/06/2010;98,79563;5,0;27,321
02/06/2010;98,70256;5,0;24,991
03/06/2010;98,58977;5,0;21,704
04/06/2010;98,51703;5,0;26,193
05/06/2010;98,51129;5,0;35,58
06/06/2010;98,6045;5,0;44,936
07/06/2010;98,69783;5,0;46,001
08/06/2010;98,69687;5,0;37,363
09/06/2010;98,55806;5,0;20,493
10/06/2010;98,4072;5,0;19,299
11/06/2010;98,33498;5,0;27,509
12/06/2010;98,18854;5,0;20,073
13/06/2010;98,11614;5,0;26,599
14/06/2010;98,03687;5,0;26,91
15/06/2010;97,94564;5,0;26,451
16/06/2010;97,87953;5,0;29,266
17/06/2010;97,76158;5,0;23,76
18/06/2010;97,63996;5,0;24,859
19/06/2010;97,55746;5,0;28,301
20/06/2010;97,45754;5,0;24,344
21/06/2010;97,38091;5,0;24,089
22/06/2010;97,26122;5,0;23,837
23/06/2010;97,15689;5,0;23,848
24/06/2010;97,06368;5,0;25,749
25/06/2010;96,96365;5,0;25,855
26/06/2010;96,90178;5,0;30,095
27/06/2010;96,79257;5,0;23,317
28/06/2010;96,6762;5,0;21,501
29/06/2010;96,57597;5,0;24,906
30/06/2010;96,42767;5,0;20,071
01/07/2010;96,29265;5,0;20,971
02/07/2010;96,15534;5,0;20,984
03/07/2010;96,01731;5,0;21,187
04/07/2010;95,87581;5,0;19,957
05/07/2010;95,78066;5,0;23,164
06/07/2010;95,65974;5,0;22,901
07/07/2010;95,50456;5,0;19,126
08/07/2010;95,39163;5,0;23,039
09/07/2010;95,26967;5,42;23,002
10/07/2010;95,14691;5,9;23,465
11/07/2010;95,02685;5,9;22,284
12/07/2010;94,93151;5,9;23,666
13/07/2010;94,78232;5,9;21,058
14/07/2010;95,07492;5,41;69,2
15/07/2010;95,46463;3,49;75,696
16/07/2010;95,93514;3,0;84,83
17/07/2010;95,97797;3,0;37,811
18/07/2010;95,96697;3,0;32,248
19/07/2010;95,8997;3,0;24,918
20/07/2010;95,77677;3,0;20,827
21/07/2010;95,72919;3,29;29,608
22/07/2010;95,6644;3,5;27,531
23/07/2010;95,56986;3,5;24,615
24/07/2010;95,45658;4,12;22,812
25/07/2010;95,32349;5,0;21,276
26/07/2010;95,20689;5,0;22,291
27/07/2010;95,07656;5,0;21,578
28/07/2010;94,97419;5,0;22,847
29/07/2010;94,87523;5,0;23,332
30/07/2010;94,75434;5,0;23,014
31/07/2010;94,6275;5,56;22,159
01/08/2010;94,53435;6,0;26,812
02/08/2010;94,40335;6,0;18,794
03/08/2010;94,2839;6,0;22,609
04/08/2010;94,11874;6,0;17,093
05/08/2010;94,03231;6,0;25,258
06/08/2010;93,86154;6,0;16,926
07/08/2010;93,67092;6,0;15,3
08/08/2010;93,49787;6,0;17,544
09/08/2010;93,3589;6,0;20,887
10/08/2010;93,24779;6,27;25,086
11/08/2010;93,0945;6,5;19,348
12/08/2010;92,98906;6,5;24,269
13/08/2010;92,79854;6,5;15,856
14/08/2010;92,61452;7,25;18,395
15/08/2010;92,44984;8,0;18,887
16/08/2010;92,24122;8,0;12,498
17/08/2010;92,01103;8,0;12,665
18/08/2010;91,81855;8,0;16,724
19/08/2010;91,61471;8,0;15,258
20/08/2010;91,42776;8,0;18,341
21/08/2010;91,25627;8,0;20,294
22/08/2010;91,06887;8,0;17,661
23/08/2010;90,86762;8,0;15,475
24/08/2010;90,67117;8,0;17,87
25/08/2010;90,44753;8,0;14,444
26/08/2010;90,24962;8,0;17,021
27/08/2010;90,0561;8,0;18,831
28/08/2010;89,87142;8,0;19,428
29/08/2010;89,66431;8,0;15,377
30/08/2010;89,44951;8,0;13,641
31/08/2010;89,23362;8,0;16,213
01/09/2010;89,01009;8,0;14,99
02/09/2010;88,77739;10,4;15,663
03/09/2010;88,55381;11,0;18,126
04/09/2010;88,33469;11,0;18,153
05/09/2010;88,16885;11,0;23,768
06/09/2010;87,95161;11,0;13,833
07/09/2010;87,71766;11,0;12,354
08/09/2010;87,57818;11,0;23,326
09/09/2010;87,32834;11,0;14,084
10/09/2010;87,05713;11,0;11,885
11/09/2010;86,77633;11,0;10,299
12/09/2010;86,5481;11,0;16,864
13/09/2010;86,31434;11,0;14,029
14/09/2010;86,03897;11,0;11,475
15/09/2010;85,7587;11,0;10,851
16/09/2010;85,50022;11,0;12,337
17/09/2010;85,23756;11,0;12,056
18/09/2010;84,95674;11,0;10,94
19/09/2010;84,70683;11,0;11,113
20/09/2010;84,50194;11,0;16,187
21/09/2010;84,29298;11,0;17,481
22/09/2010;84,15837;11,0;26,0
23/09/2010;83,87431;11,0;9,752
24/09/2010;83,65011;11,0;17,061
25/09/2010;83,53372;11,0;27,926
26/09/2010;83,34359;11,0;18,549
27/09/2010;83,41737;11,0;46,254
28/09/2010;83,38023;11,0;37,611
29/09/2010;83,26657;11,0;27,448
30/09/2010;83,08974;11,0;21,092
01/10/2010;82,96842;11,0;27,728
02/10/2010;82,9049;11,0;34,551
03/10/2010;82,72992;11,0;21,739
04/10/2010;82,61369;11,0;25,712
05/10/2010;82,43343;11,0;20,111
06/10/2010;82,24777;11,0;20,696
07/10/2010;82,04862;11,0;19,486
08/10/2010;81,95599;11,0;30,049
09/10/2010;81,82461;11,0;27,088
10/10/2010;81,62574;11,0;17,174
11/10/2010;81,42267;11,0;13,818
12/10/2010;81,20981;11,0;15,105
13/10/2010;80,9783;11,0;13,385
14/10/2010;80,72783;11,0;13,281
15/10/2010;80,48276;11,0;14,297
16/10/2010;80,27362;11,0;18,879
17/10/2010;79,99146;11,0;9,175
18/10/2010;79,73352;11,0;10,78
19/10/2010;79,58853;11,0;24,215
20/10/2010;79,42434;11,0;22,601
21/10/2010;79,21877;11,0;18,431
22/10/2010;79,01526;11,0;18,442
23/10/2010;78,76712;11,0;14,073
24/10/2010;78,50437;11,0;12,226
25/10/2010;78,28672;11,0;13,854
26/10/2010;78,07265;11,0;17,63
27/10/2010;77,78139;11,0;8,015
28/10/2010;77,59279;11,0;19,543
29/10/2010;77,39274;11,0;20,204
30/10/2010;77,12794;11,0;12,715
31/10/2010;76,99039;11,0;24,415
01/11/2010;76,86929;11,0;26,53
02/11/2010;76,73527;11,0;26,72
03/11/2010;76,46722;11,0;10,968
04/11/2010;76,22822;11,0;15,126
05/11/2010;75,97438;11,0;14,024
06/11/2010;75,81844;11,0;25,053
07/11/2010;75,70862;11,0;28,762
08/11/2010;75,5148;11,0;19,029
09/11/2010;75,25335;11,0;13,617
10/11/2010;75,12425;11,0;29,207
11/11/2010;74,94242;11,0;21,715
12/11/2010;74,71256;11,0;15,259
13/11/2010;74,48879;11,0;15,521
14/11/2010;74,25797;11,0;13,623
15/11/2010;74,04028;11,0;13,656
16/11/2010;73,81808;11,0;17,244
17/11/2010;74,10432;11,0;74,167
18/11/2010;74,15816;11,0;48,714
19/11/2010;74,17232;11,0;45,523
20/11/2010;74,05001;11,0;30,063
21/11/2010;73,89117;11,0;24,889
22/11/2010;73,61637;11,0;11,847
23/11/2010;73,60242;11,0;42,012
24/11/2010;73,44633;11,0;25,503
25/11/2010;73,28322;11,0;25,621
26/11/2010;73,21201;11,0;35,772
27/11/2010;73,09415;11,0;30,348
28/11/2010;72,92157;11,0;23,505
29/11/2010;72,76264;11,0;24,045
30/11/2010;72,65156;11,0;31,174
01/12/2010;72,44509;11,0;17,685
02/12/2010;72,29067;9,38;24,401
03/12/2010;72,14326;9,0;25,37
04/12/2010;72,0351;9,0;30,059
05/12/2010;71,94898;9,0;32,106
06/12/2010;72,33285;9,0;83,123
07/12/2010;72,59956;4,76;67,946
08/12/2010;72,62044;5,13;38,725
09/12/2010;72,59796;4,5;35,32
10/12/2010;72,52159;5,25;29,263
11/12/2010;72,3276;7,0;18,639
12/12/2010;72,28474;8,0;35,577
13/12/2010;72,35789;8,0;47,748
14/12/2010;72,38947;8,0;42,859
15/12/2010;72,45051;6,03;43,403
16/12/2010;72,43709;5,5;33,7
17/12/2010;72,86504;5,0;82,926
18/12/2010;72,9496;4,0;45,895
19/12/2010;72,99155;4,0;39,853
20/12/2010;72,99738;4,0;37,492
21/12/2010;73,01308;4,0;39,903
22/12/2010;73,04291;4,0;39,932
23/12/2010;73,16358;5,5;52,049
24/12/2010;73,25662;6,06;48,652
25/12/2010;73,30362;5,5;43,08
26/12/2010;73,34442;5,5;39,285
27/12/2010;74,41802;5,5;155,359
28/12/2010;74,84833;5,5;86,336
29/12/2010;75,03817;4,91;58,374
30/12/2010;75,09219;4,5;41,798
31/12/2010;74,98961;4,76;24,049
01/01/2011;74,94117;5,5;30,346
02/01/2011;75,29871;5,5;70,475
03/01/2011;76,3368;4,48;147,125
04/01/2011;78,8883;2,27;321,239
05/01/2011;80,57798;2,0;223,21
06/01/2011;81,76051;2,0;168,225
07/01/2011;82,94934;2,0;168,489
08/01/2011;83,76266;2,23;125,485
09/01/2011;84,44414;2,5;110,511
10/01/2011;84,98952;2,5;95,058
11/01/2011;86,53106;2,5;204,393
12/01/2011;88,16237;38,81;251,124
13/01/2011;89,29468;84,12;239,453
14/01/2011;92,51736;52,58;449,524
15/01/2011;93,95799;47,68;242,383
16/01/2011;94,41679;63,85;147,436
17/01/2011;94,96135;62,82;155,375
18/01/2011;95,62829;63,12;171,854
19/01/2011;96,10157;82,7;169,244
20/01/2011;96,23917;82,83;131,775
21/01/2011;96,4044;82,83;134,379
22/01/2011;96,37534;82,83;113,301
23/01/2011;96,2212;82,83;96,914
24/01/2011;95,91942;82,22;81,165
25/01/2011;95,49784;82,26;67,28
26/01/2011;95,12241;82,0;69,344
27/01/2011;94,71261;81,69;68,576
28/01/2011;94,29284;81,25;66,849
29/01/2011;93,87616;81,11;67,309
30/01/2011;93,35492;80,8;53,428
31/01/2011;92,81688;80,4;50,672
01/02/2011;92,32209;79,86;56,931
02/02/2011;91,84186;79,54;58,613
03/02/2011;91,60649;79,45;85,367
04/02/2011;91,33155;78,9;79,578
05/02/2011;90,7093;78,9;40,531
06/02/2011;90,09508;78,45;41,043
07/02/2011;89,5393;78,03;46,411
08/02/2011;88,95451;80,33;46,437
09/02/2011;88,66502;39,26;38,756
10/02/2011;88,44315;30,94;39,089
11/02/2011;88,17871;30,94;33,972
12/02/2011;88,08477;30,93;53,695
13/02/2011;87,89501;30,93;41,774
14/02/2011;87,71601;30,93;41,729
15/02/2011;87,71737;30,94;63,673
16/02/2011;87,77172;28,87;67,01
17/02/2011;87,83334;26,51;64,37
18/02/2011;87,793;35,9;63,711
19/02/2011;87,62211;36,53;49,913
20/02/2011;87,4076;36,49;44,023
21/02/2011;87,21233;36,49;44,105
22/02/2011;87,07836;36,49;52,499
23/02/2011;86,78381;36,49;35,628
24/02/2011;86,69965;36,49;58,837
25/02/2011;86,54045;36,49;50,623
26/02/2011;86,34579;36,49;47,094
27/02/2011;86,2046;33,65;48,612
28/02/2011;86,27757;35,62;73,904
01/03/2011;87,74275;23,31;217,629
02/03/2011;88,09275;29,1;99,796
03/03/2011;88,32413;35,98;92,675
04/03/2011;88,62486;40,77;105,001
05/03/2011;88,82062;50,46;102,497
06/03/2011;89,01369;50,46;99,932
07/03/2011;89,25436;50,46;104,808
08/03/2011;89,35494;50,46;91,54
09/03/2011;89,48663;50,46;94,05
10/03/2011;89,58349;51,5;94,188
11/03/2011;89,55268;57,33;85,275
12/03/2011;89,47489;61,5;85,64
13/03/2011;89,25134;61,5;66,301
14/03/2011;89,01886;61,5;64,97
15/03/2011;88,75758;61,5;63,906
16/03/2011;88,43574;61,5;56,071
17/03/2011;88,21579;61,5;67,524
18/03/2011;88,13568;44,0;67,371
19/03/2011;88,12578;42,59;73,87
20/03/2011;88,16156;43,0;78,499
21/03/2011;88,11607;43,0;67,297
22/03/2011;87,98641;43,0;60,274
23/03/2011;87,89019;43,0;64,165
24/03/2011;87,69396;43,0;50,441
25/03/2011;87,51294;43,0;54,833
26/03/2011;87,31016;43,0;52,282
27/03/2011;87,11518;43,0;52,177
28/03/2011;86,9328;44,76;54,893
29/03/2011;86,79512;28,5;44,714
30/03/2011;87,10873;23,5;91,78
31/03/2011;87,30799;22,0;75,203
01/04/2011;87,44998;15,3;60,286
02/04/2011;87,5002;3,5;41,538
03/04/2011;88,05941;3,5;97,901
04/04/2011;88,37563;3,5;68,162
05/04/2011;88,83097;3,5;86,521
06/04/2011;89,14622;3,5;70,676
07/04/2011;89,36975;3,5;60,554
08/04/2011;89,57991;3,5;58,661
09/04/2011;89,70643;3,5;49,468
10/04/2011;89,82243;3,5;48,163
11/04/2011;90,22263;3,5;78,707
12/04/2011;90,49052;3,5;66,951
13/04/2011;91,16514;3,5;111,286
14/04/2011;91,45873;3,5;67,941
15/04/2011;91,73737;3,5;67,405
16/04/2011;91,9321;3,5;59,322
17/04/2011;92,2267;3,5;70,327
18/04/2011;92,20172;3,5;30,604
19/04/2011;92,4371;3,5;62,978
20/04/2011;92,41407;3,5;32,259
21/04/2011;92,45016;5,0;40,725
22/04/2011;92,45134;6,0;36,33
23/04/2011;92,47935;6,0;38,101
24/04/2011;92,5678;6,0;45,805
25/04/2011;92,67547;6,0;46,175
26/04/2011;92,97654;5,69;72,015
27/04/2011;93,03454;5,5;43,285
28/04/2011;93,05901;5,5;39,797
29/04/2011;93,16934;4,3;45,833
30/04/2011;93,25219;4,0;45,84
01/05/2011;93,30835;4,0;42,043
02/05/2011;93,47595;4,0;53,765
03/05/2011;93,61397;4,0;50,989
04/05/2011;93,67656;4,0;41,614
05/05/2011;93,71766;4,0;40,642
06/05/2011;93,69973;4,3;35,4
07/05/2011;93,73394;4,59;41,183
08/05/2011;93,70883;5,0;33,434
09/05/2011;93,68796;5,0;33,227
10/05/2011;93,68796;5,0;37,5
11/05/2011;93,69245;5,0;37,929
12/05/2011;93,66292;5,0;34,107
13/05/2011;93,61129;5,0;32,571
14/05/2011;93,56734;5,0;32,583
15/05/2011;93,50591;5,0;29,966
16/05/2011;93,52874;5,0;38,787
17/05/2011;93,53693;5,0;39,258
18/05/2011;93,52553;5,0;35,459
19/05/2011;93,51942;5,0;36,741
20/05/2011;93,48298;5,0;34,524
21/05/2011;93,39476;5,0;28,477
22/05/2011;93,40351;5,0;39,268
23/05/2011;93,31065;5,0;26,479
24/05/2011;93,27598;5,0;34,218
25/05/2011;93,14698;5,0;23,771
26/05/2011;93,09007;5,0;31,531
27/05/2011;93,041;5,0;32,829
28/05/2011;93,01373;5,0;34,698
29/05/2011;92,90062;5,0;23,676
30/05/2011;92,77235;5,0;22,209
31/05/2011;92,7483;5,0;35,247
01/06/2011;92,632;5,0;24,443
02/06/2011;92,54695;5,0;27,983
03/06/2011;92,47094;5,0;29,106
04/06/2011;92,39702;5,0;29,942
05/06/2011;92,27527;5,0;23,78
06/06/2011;92,28596;5,0;36,656
07/06/2011;92,17596;5,0;25,608
08/06/2011;92,23231;5,0;42,235
09/06/2011;92,16465;5,0;29,868
10/06/2011;92,49269;3,4;71,523
11/06/2011;92,52916;3,0;40,128
12/06/2011;92,63665;3,0;48,125
13/06/2011;92,56091;3,0;26,467
14/06/2011;92,54796;3,0;35,059
15/06/2011;92,42393;3,0;22,313
16/06/2011;92,35345;4,17;28,712
17/06/2011;92,2911;4,5;27,521
18/06/2011;92,19579;4,98;28,644
19/06/2011;92,1082;5,5;28,262
20/06/2011;91,98527;5,5;23,509
21/06/2011;91,89537;5,5;29,283
22/06/2011;91,83747;5,5;32,086
23/06/2011;91,72178;5,5;25,031
24/06/2011;91,65037;5,5;28,881
25/06/2011;91,57904;5,5;29,8
26/06/2011;91,43689;5,5;21,159
27/06/2011;91,34524;5,5;25,669
28/06/2011;91,34569;5,5;36,393
29/06/2011;91,32424;5,5;35,58
30/06/2011;91,20659;5,5;24,601
01/07/2011;91,1415;5,5;31,132
02/07/2011;91,01722;5,5;25,173
03/07/2011;90,9546;5,5;31,031
04/07/2011;90,83083;5,5;21,36
05/07/2011;90,7249;5,5;24,61
06/07/2011;90,61583;5,5;25,752
07/07/2011;90,53218;5,5;27,595
08/07/2011;90,47329;5,5;30,135
09/07/2011;90,33231;5,5;22,339
10/07/2011;90,16293;5,5;18,727
11/07/2011;90,07237;5,5;27,035
12/07/2011;89,99125;5,5;30,194
13/07/2011;89,83018;5,5;20,348
14/07/2011;89,70337;5,5;24,344
15/07/2011;89,53962;5,5;20,44
16/07/2011;89,42594;5,5;26,114
17/07/2011;89,29731;5,5;23,879
18/07/2011;89,14261;6,9;20,514
19/07/2011;89,03585;7,5;27,842
20/07/2011;88,91551;7,5;26,876
21/07/2011;88,7095;7,5;17,156
22/07/2011;88,56695;7,5;25,044
23/07/2011;88,41151;7,21;22,047
24/07/2011;88,2859;7,0;23,339
25/07/2011;88,165;7,0;23,707
26/07/2011;88,0186;7,0;23,213
27/07/2011;87,86799;7,0;23,226
28/07/2011;87,70975;7,0;21,887
29/07/2011;87,54736;7,6;21,628
30/07/2011;87,30068;8,6;14,02
31/07/2011;87,19039;9,0;27,928
01/08/2011;87,09871;9,0;28,278
02/08/2011;86,89292;9,0;17,237
03/08/2011;86,62248;9,0;10,211
04/08/2011;86,45131;9,0;21,218
05/08/2011;86,31409;9,0;24,987
06/08/2011;86,05837;9,0;12,77
07/08/2011;85,93691;9,0;28,247
08/08/2011;85,74375;9,0;19,401
09/08/2011;85,56697;9,0;22,319
10/08/2011;85,40281;9,0;22,91
11/08/2011;85,1751;9,0;16,007
12/08/2011;85,0417;9,0;26,418
13/08/2011;84,8152;9,0;16,147
14/08/2011;84,60085;9,0;18,099
15/08/2011;84,37821;9,0;14,581
16/08/2011;84,162;9,0;17,701
17/08/2011;83,91675;9,0;14,712
18/08/2011;83,77014;9,0;26,051
19/08/2011;83,45783;9,0;6,139
20/08/2011;83,33761;9,0;28,583
21/08/2011;83,25834;9,0;30,822
22/08/2011;83,13419;9,0;23,689
23/08/2011;82,97272;9,0;20,897
24/08/2011;82,79663;9,0;20,645
25/08/2011;82,63193;9,0;22,419
26/08/2011;82,41677;9,0;18,153
27/08/2011;82,17745;9,0;15,438
28/08/2011;81,92384;9,0;13,241
29/08/2011;81,66452;9,0;11,497
30/08/2011;81,42782;9,0;16,224
31/08/2011;81,22148;9,0;19,01
01/09/2011;81,27331;9,0;45,77
02/09/2011;81,10106;9,0;21,006
03/09/2011;80,87819;9,0;16,301
04/09/2011;80,63668;9,0;14,349
05/09/2011;80,44309;9,0;19,066
06/09/2011;80,25054;9,4;21,526
07/09/2011;79,98291;9,5;12,359
08/09/2011;79,73597;9,5;13,653
09/09/2011;79,50407;10,23;16,726
10/09/2011;79,26706;11,56;18,473
11/09/2011;79,05275;12,0;20,076
12/09/2011;78,82936;12,0;17,519
13/09/2011;78,58406;12,0;16,842
14/09/2011;78,27974;12,0;10,867
15/09/2011;78,01875;16,53;18,27
16/09/2011;77,81696;12,0;23,16
17/09/2011;77,56296;12,0;16,508
18/09/2011;77,30728;12,0;15,576
19/09/2011;77,04885;12,0;14,456
20/09/2011;76,76488;12,0;13,682
21/09/2011;76,49315;12,0;14,549
22/09/2011;76,26057;12,0;16,301
23/09/2011;75,96381;12,0;10,336
24/09/2011;75,67204;12,0;11,235
25/09/2011;75,44504;12,0;16,576
26/09/2011;75,15643;12,0;8,839
27/09/2011;74,94318;12,0;19,902
28/09/2011;74,63531;12,0;9,199
29/09/2011;74,40566;12,0;12,852
30/09/2011;74,07529;12,0;8,131
01/10/2011;73,75673;12,0;8,978
02/10/2011;73,48675;12,0;13,026
03/10/2011;73,41093;12,0;32,127
04/10/2011;73,16929;12,0;16,393
05/10/2011;72,89864;12,0;11,556
06/10/2011;72,67386;12,0;18,507
07/10/2011;72,4325;12,0;17,493
08/10/2011;72,07737;12,0;4,068
09/10/2011;71,85828;12,0;18,159
10/10/2011;71,74244;12,0;26,855
11/10/2011;71,48612;12,0;14,381
12/10/2011;71,29199;12,0;19,771
13/10/2011;71,05874;12,0;15,137
14/10/2011;70,93908;12,0;28,361
15/10/2011;70,82883;12,0;29,684
16/10/2011;71,11373;9,17;68,636
17/10/2011;71,33301;7,0;56,236
18/10/2011;71,39903;7,0;44,429
19/10/2011;71,34004;7,0;30,995
20/10/2011;71,19458;7,0;21,548
21/10/2011;71,022;9,44;20,824
22/10/2011;70,81944;11,11;18,885
23/10/2011;70,57039;12,0;14,792
24/10/2011;70,34469;12,0;16,245
25/10/2011;70,12698;12,0;20,159
26/10/2011;69,87782;12,0;16,275
27/10/2011;69,56023;12,0;8,323
28/10/2011;69,29901;12,0;15,345
29/10/2011;69,09324;12,0;22,009
30/10/2011;69,01775;12,0;36,203
31/10/2011;69,13478;12,0;54,262
01/11/2011;69,00597;12,0;26,198
02/11/2011;68,78736;8,55;13,732
03/11/2011;68,56583;8,0;11,635
04/11/2011;68,30371;8,0;8,78
05/11/2011;68,15299;8,0;22,531
06/11/2011;67,92919;8,0;14,44
07/11/2011;67,7046;8,0;11,358
08/11/2011;67,49152;8,0;15,612
09/11/2011;67,22374;8,0;8,9
10/11/2011;66,9964;10,84;16,55
11/11/2011;66,72583;12,0;13,239
12/11/2011;66,49883;12,0;16,998
13/11/2011;66,45885;12,0;36,541
14/11/2011;66,81829;7,62;75,268
15/11/2011;67,20838;3,0;75,563
16/11/2011;68,2331;3,0;143,461
17/11/2011;68,68232;3,0;81,397
18/11/2011;68,72215;4,01;38,616
19/11/2011;68,80758;5,0;45,721
20/11/2011;68,75335;5,0;27,566
21/11/2011;68,6699;7,23;27,804
22/11/2011;68,48005;8,0;19,159
23/11/2011;68,43336;8,0;33,253
24/11/2011;68,30045;8,0;23,851
25/11/2011;68,18026;8,0;27,392
26/11/2011;67,95944;8,0;15,347
27/11/2011;68,17666;8,0;62,437
28/11/2011;68,19262;8,0;38,458
29/11/2011;68,05794;7,32;23,985
30/11/2011;68,05387;5,0;35,147
01/12/2011;68,05968;5,0;36,56
02/12/2011;68,1388;5,0;45,22
03/12/2011;68,02956;5,0;22,957
04/12/2011;67,93328;5,0;23,572
05/12/2011;67,93087;5,0;34,137
06/12/2011;67,89952;5,0;32,697
07/12/2011;67,8597;5,0;29,304
08/12/2011;67,81143;5,0;30,989
09/12/2011;67,85566;5,0;40,877
10/12/2011;68,39622;5,0;95,716
11/12/2011;68,79239;3,67;76,031
12/12/2011;68,87749;3,0;40,399
13/12/2011;68,87743;3,5;35,454
14/12/2011;68,95376;4,0;43,88
15/12/2011;69,02512;4,0;43,883
16/12/2011;68,95204;4,0;26,364
17/12/2011;68,80663;4,0;20,356
18/12/2011;68,68174;4,0;21,775
19/12/2011;68,70275;4,0;37,644
20/12/2011;68,61381;4,0;27,595
21/12/2011;68,48668;4,0;23,177
22/12/2011;68,34674;4,58;21,724
23/12/2011;68,18381;5,54;18,935
24/12/2011;68,01172;6,0;18,405
25/12/2011;67,96255;6,0;31,411
26/12/2011;67,7937;6,0;12,525
27/12/2011;67,62676;6,0;15,466
28/12/2011;67,45588;6,0;15,492
29/12/2011;67,34191;6,0;22,89
30/12/2011;67,20459;6,0;17,644
31/12/2011;67,19779;6,0;33,475
01/01/2012;67,34218;6,0;48,052
02/01/2012;67,79177;4,84;78,907
03/01/2012;67,93649;4,0;49,246
04/01/2012;67,93306;4,0;33,384
05/01/2012;67,83696;4,0;23,603
06/01/2012;67,87781;4,0;38,11
07/01/2012;67,8934;4,0;35,082
08/01/2012;67,8928;4,0;31,641
09/01/2012;67,85609;4,0;27,608
10/01/2012;67,90117;4,0;38,857
11/01/2012;68,07083;4,0;50,263
12/01/2012;68,13349;4,0;40,213
13/01/2012;68,27567;4,0;49,712
14/01/2012;68,44669;4,0;54,42
15/01/2012;68,48616;4,0;38,286
16/01/2012;68,84535;4,0;70,942
17/01/2012;69,47198;4,0;104,813
18/01/2012;70,50144;3,13;149,603
19/01/2012;71,43375;3,0;138,834
20/01/2012;72,33557;3,0;134,084
21/01/2012;72,68003;3,0;73,265
22/01/2012;73,13024;3,0;83,384
23/01/2012;73,48328;3,0;70,393
24/01/2012;73,67339;3,0;54,923
25/01/2012;73,90381;3,0;59,79
26/01/2012;74,04282;3,0;47,923
27/01/2012;74,3272;3,0;64,197
28/01/2012;74,84321;3,0;87,987
29/01/2012;75,26701;3,0;79,553
30/01/2012;75,69139;3,0;78,814
31/01/2012;75,84647;3,0;52,44
01/02/2012;75,95046;3,0;45,32
02/02/2012;76,0488;3,0;44,678
03/02/2012;76,08866;3,0;38,708
04/02/2012;76,22792;3,25;51,401
05/02/2012;76,06952;3,0;15,754
06/02/2012;75,98268;3,0;23,02
07/02/2012;75,88283;3,0;23,887
08/02/2012;75,82055;3,35;28,086
09/02/2012;75,77256;4,0;30,168
10/02/2012;75,57682;4,0;13,758
11/02/2012;75,59166;4,0;37,65
12/02/2012;76,14476;4,0;96,057
13/02/2012;76,56616;4,0;81,317
14/02/2012;76,6989;3,33;48,847
15/02/2012;76,67497;3,0;31,85
16/02/2012;76,72826;3,0;41,0
17/02/2012;76,69213;3,0;31,627
18/02/2012;76,63846;3,65;30,478
19/02/2012;76,54865;5,0;25,947
20/02/2012;76,51399;5,0;29,067
21/02/2012;76,51858;5,0;34,611
22/02/2012;76,57531;5,0;39,371
23/02/2012;76,47494;5,0;25,261
24/02/2012;76,50409;5,0;39,644
25/02/2012;76,43287;5,0;28,269
26/02/2012;76,36698;4,64;27,023
27/02/2012;76,49161;4,0;48,452
28/02/2012;76,53015;4,0;40,081
29/02/2012;76,47645;4,0;30,173
01/03/2012;76,4445;4,0;33,223
02/03/2012;76,31034;4,0;22,255
03/03/2012;76,46299;4,54;55,067
04/03/2012;76,374;5,0;25,573
05/03/2012;76,33745;5,0;30,245
06/03/2012;76,29384;5,22;32,44
07/03/2012;76,08924;5,75;15,202
08/03/2012;75,95828;6,0;22,714
09/03/2012;75,77086;6,0;16,596
10/03/2012;75,59851;6,79;19,415
11/03/2012;75,77609;6,06;57,144
12/03/2012;75,67346;5,0;23,135
13/03/2012;75,5063;5,0;18,25
14/03/2012;75,37083;5,0;22,436
15/03/2012;75,29041;5,0;27,203
16/03/2012;75,3689;5,0;45,023
17/03/2012;75,24622;5,0;21,157
18/03/2012;75,15764;5,0;25,285
19/03/2012;75,04856;5,0;21,327
20/03/2012;74,90407;5,0;19,588
21/03/2012;74,7945;5,38;24,799
22/03/2012;74,64798;5,5;20,544
23/03/2012;74,70911;5,5;43,377
24/03/2012;74,62276;5,5;27,05
25/03/2012;74,54888;5,5;27,315
26/03/2012;74,47407;5,5;25,945
27/03/2012;74,43149;5,5;32,425
28/03/2012;74,35123;5,5;27,364
29/03/2012;74,3993;5,5;39,74
30/03/2012;74,30727;4,96;25,672
31/03/2012;74,19221;4,5;23,249
01/04/2012;74,10919;4,5;25,363
02/04/2012;73,93658;4,5;13,617
03/04/2012;73,81245;4,5;21,963
04/04/2012;73,75496;4,5;28,91
05/04/2012;73,65058;4,5;24,78
06/04/2012;73,49651;4,5;19,054
07/04/2012;73,3776;4,5;18,985
08/04/2012;73,32455;4,5;27,561
09/04/2012;73,18605;4,5;16,566
10/04/2012;73,03248;4,5;18,707
11/04/2012;72,90389;4,5;21,68
12/04/2012;72,70238;4,5;12,943
13/04/2012;72,6143;4,5;26,712
14/04/2012;72,62772;4,5;37,239
15/04/2012;72,46674;4,5;15,712
16/04/2012;72,40252;4,5;26,242
17/04/2012;72,34612;4,5;28,592
18/04/2012;72,16425;4,5;14,299
19/04/2012;72,01756;4,5;17,489
20/04/2012;71,80469;4,5;10,66
21/04/2012;71,68935;4,5;22,4
22/04/2012;72,24662;3,46;94,84
23/04/2012;72,47679;3,0;55,241
24/04/2012;72,46592;3,0;32,257
25/04/2012;72,41204;4,13;28,157
26/04/2012;72,27855;5,99;21,028
27/04/2012;72,40262;6,12;48,707
28/04/2012;72,36611;4,1;28,054
29/04/2012;72,33074;4,0;27,98
30/04/2012;72,48923;4,0;48,218
01/05/2012;73,37258;3,39;134,598
02/05/2012;73,73636;3,0;72,082
03/05/2012;73,98517;5,72;60,222
04/05/2012;74,0323;7,0;42,091
05/05/2012;74,01293;7,0;35,106
06/05/2012;73,98228;7,0;32,739
07/05/2012;73,92811;7,0;30,556
08/05/2012;73,81608;7,0;25,629
09/05/2012;73,68791;7,0;22,832
10/05/2012;73,57376;7,0;25,894
11/05/2012;73,48798;4,7;26,423
12/05/2012;73,38046;4,96;24,736
13/05/2012;73,29291;5,0;24,909
14/05/2012;73,22888;5,0;23,835
15/05/2012;73,22641;5,0;32,843
16/05/2012;73,24002;5,0;35,584
17/05/2012;73,16407;5,0;26,094
18/05/2012;73,03396;5,0;20,696
19/05/2012;72,92072;5,0;22,447
20/05/2012;72,77058;5,0;18,115
21/05/2012;72,66529;5,0;21,546
22/05/2012;72,48115;5,0;11,682
23/05/2012;72,37586;5,0;22,921
24/05/2012;72,2207;5,0;16,864
25/05/2012;72,20287;5,0;32,347
26/05/2012;72,30541;5,0;46,993
27/05/2012;72,21797;5,0;24,367
28/05/2012;72,14074;5,0;24,434
29/05/2012;71,98788;5,0;17,894
30/05/2012;71,87082;5,0;23,144
31/05/2012;71,71886;5,0;20,799
01/06/2012;71,52174;5,7;15,121
02/06/2012;71,57104;6,0;43,888
03/06/2012;71,4753;5,11;26,789
04/06/2012;71,32278;4,5;19,046
05/06/2012;71,3117;4,5;36,205
06/06/2012;71,73367;3,57;79,716
07/06/2012;72,0166;2,9;61,338
08/06/2012;72,15301;3,57;47,024
09/06/2012;72,36977;4,0;59,575
10/06/2012;72,46335;4,0;45,291
11/06/2012;72,48435;4,0;36,633
12/06/2012;72,84319;4,0;75,414
13/06/2012;72,97824;4,0;52,28
14/06/2012;73,0231;4,0;41,689
15/06/2012;72,91236;4,0;24,285
16/06/2012;72,83209;4,22;28,403
17/06/2012;72,76993;4,5;30,612
18/06/2012;72,6723;4,5;25,513
19/06/2012;72,5751;4,5;26,747
20/06/2012;72,66493;4,5;45,439
21/06/2012;73,32103;3,56;108,398
22/06/2012;74,04823;3,0;113,077
23/06/2012;74,73515;3,0;112,732
24/06/2012;75,13633;3,0;80,366
25/06/2012;75,25056;3,0;46,554
26/06/2012;75,29792;3,0;39,309
27/06/2012;75,30861;3,0;37,079
28/06/2012;75,37759;3,0;43,163
29/06/2012;75,29285;3,0;26,203
30/06/2012;75,25488;3,38;32,625
01/07/2012;75,30883;4,0;43,132
02/07/2012;75,23371;4,0;26,673
03/07/2012;75,12757;4,0;25,48
04/07/2012;75,08316;4,0;31,795
05/07/2012;74,93875;4,0;20,586
06/07/2012;74,81897;4,0;22,996
07/07/2012;74,70593;4,0;24,523
08/07/2012;74,67614;4,0;31,099
09/07/2012;74,70758;4,0;34,119
10/07/2012;74,63301;4,0;26,516
11/07/2012;74,55643;4,0;28,35
12/07/2012;74,45422;4,0;25,526
13/07/2012;74,374;4,0;25,3
14/07/2012;74,27845;4,0;25,348
15/07/2012;74,19426;4,0;25,711
16/07/2012;74,07645;4,0;19,966
17/07/2012;74,09201;4,0;35,894
18/07/2012;74,5082;4,0;81,349
19/07/2012;74,83524;3,17;72,192
20/07/2012;74,98281;3,0;52,504
21/07/2012;74,99067;3,0;36,728
22/07/2012;74,91256;3,0;26,14
23/07/2012;74,87849;3,0;30,159
24/07/2012;74,80899;3,0;27,408
25/07/2012;74,74285;3,0;28,339
26/07/2012;74,60153;3,0;19,072
27/07/2012;74,47992;3,0;21,295
28/07/2012;74,40043;4,0;28,0
29/07/2012;74,26181;5,0;21,332
30/07/2012;74,12342;5,0;21,53
31/07/2012;73,97553;5,0;20,789
01/08/2012;73,85859;5,0;23,83
02/08/2012;73,69685;5,0;20,508
03/08/2012;73,57756;5,0;24,287
04/08/2012;73,45589;5,0;24,812
05/08/2012;73,3016;5,0;19,683
06/08/2012;73,16895;5,0;21,138
07/08/2012;72,982;5,0;16,768
08/08/2012;72,80591;5,0;17,929
09/08/2012;72,67534;5,0;22,717
10/08/2012;72,49688;5,0;17,752
11/08/2012;72,28491;5,0;14,754
12/08/2012;72,11993;5,0;19,639
13/08/2012;71,96256;5,0;17,978
14/08/2012;71,80279;5,0;20,446
15/08/2012;71,61695;3,5;15,181
16/08/2012;71,39778;5,0;13,459
17/08/2012;71,23652;5,35;19,897
18/08/2012;71,06061;5,0;18,965
19/08/2012;70,87212;5,0;16,725
20/08/2012;70,65601;5,0;12,149
21/08/2012;70,43927;5,0;13,418
22/08/2012;70,25891;5,0;18,313
23/08/2012;70,04018;5,0;13,572
24/08/2012;69,85655;4,63;16,408
25/08/2012;69,61867;5,0;11,442
26/08/2012;69,43514;5,0;16,624
27/08/2012;69,26465;5,0;16,694
28/08/2012;69,02101;5,0;10,754
29/08/2012;68,80098;5,0;12,369
30/08/2012;68,53975;5,0;7,483
31/08/2012;68,2869;4,59;8,984
01/09/2012;68,02142;6,69;9,956
02/09/2012;67,76642;8,5;12,038
03/09/2012;67,49802;8,5;8,992
04/09/2012;67,29205;8,5;18,236
05/09/2012;67,11545;8,5;20,173
06/09/2012;66,85361;8,5;11,751
07/09/2012;66,62817;8,5;16,171
08/09/2012;66,39688;8,5;14,054
09/09/2012;66,17358;8,5;14,929
10/09/2012;65,96885;8,5;17,097
11/09/2012;65,70362;8,5;12,171
12/09/2012;65,44935;8,5;12,544
13/09/2012;65,24112;8,5;18,358
14/09/2012;64,93746;8,5;6,564
15/09/2012;64,75722;8,5;21,189
16/09/2012;64,48705;8,5;10,597
17/09/2012;64,24673;8,5;13,404
18/09/2012;64,03597;8,5;18,182
19/09/2012;63,74293;8,5;8,796
20/09/2012;63,4354;8,5;7,095
21/09/2012;63,29568;8,5;25,203
22/09/2012;63,1057;8,5;18,595
23/09/2012;62,83076;8,5;8,757
24/09/2012;62,58527;8,5;11,695
25/09/2012;62,43243;8,5;24,311
26/09/2012;62,22328;8,5;16,162
27/09/2012;62,05311;8,5;18,337
28/09/2012;61,79354;8,5;9,227
29/09/2012;61,49175;8,5;5,878
30/09/2012;61,21146;8,5;8,651
01/10/2012;61,03093;8,5;18,115
02/10/2012;60,77002;10,3;13,626
03/10/2012;60,56892;10,5;20,422
04/10/2012;60,29304;10,5;12,234
05/10/2012;60,03866;10,5;14,84
06/10/2012;59,86677;10,5;23,317
07/10/2012;59,65758;10,5;18,086
08/10/2012;59,44857;10,5;18,211
09/10/2012;59,15807;10,5;10,002
10/10/2012;58,87853;10,5;11,578
11/10/2012;58,56718;10,5;8,368
12/10/2012;58,30166;10,5;10,912
13/10/2012;58,16717;10,5;23,435
14/10/2012;58,0075;10,5;20,345
15/10/2012;57,83885;10,5;18,839
16/10/2012;57,5863;10,5;14,244
17/10/2012;57,38871;10,5;19,882
18/10/2012;57,18853;9,69;17,981
19/10/2012;56,93636;9,0;12,738
20/10/2012;56,76837;9,0;21,379
21/10/2012;56,65;9,0;26,744
22/10/2012;56,51084;9,0;24,847
23/10/2012;56,34635;9,0;24,207
24/10/2012;56,43271;9,0;50,693
25/10/2012;56,32028;6,44;26,457
26/10/2012;56,2048;5,0;25,169
27/10/2012;56,17375;5,0;34,87
28/10/2012;56,02881;5,0;21,127
29/10/2012;56,00092;5,0;32,734
30/10/2012;55,89284;5,0;25,563
31/10/2012;55,66645;5,0;12,955
01/11/2012;55,41953;5,5;10,467
02/11/2012;55,17383;6,0;10,228
03/11/2012;54,9269;6,0;10,008
04/11/2012;54,62975;6,0;5,72
05/11/2012;54,44083;6,0;16,335
06/11/2012;54,18877;6,98;12,657
07/11/2012;53,96864;8,0;16,367
08/11/2012;53,73304;8,0;13,522
09/11/2012;53,54003;8,0;18,497
10/11/2012;53,41847;8,0;26,582
11/11/2012;53,29444;8,0;26,846
12/11/2012;53,2377;8,0;33,643
13/11/2012;53,28775;8,0;45,363
14/11/2012;53,13445;8,0;22,33
15/11/2012;52,95102;8,0;19,048
16/11/2012;52,73005;8,0;14,239
17/11/2012;52,57597;8,0;22,289
18/11/2012;52,31727;8,0;9,429
19/11/2012;52,07576;8,0;11,832
20/11/2012;51,94149;8,0;26,63
21/11/2012;51,76873;6,09;19,899
22/11/2012;51,55243;5,5;14,513
23/11/2012;51,3869;5,5;19,221
24/11/2012;51,17267;5,5;14,2
25/11/2012;51,04232;5,5;22,086
26/11/2012;50,86582;5,5;16,316
27/11/2012;50,68573;5,5;17,331
28/11/2012;50,5539;5,5;22,419
29/11/2012;50,3305;5,5;13,495
30/11/2012;50,08558;6,77;11,879
01/12/2012;49,85453;8,0;14,858
02/12/2012;49,65332;8,0;15,927
03/12/2012;49,52932;8,0;24,748
04/12/2012;49,49726;8,0;37,411
05/12/2012;49,32123;8,0;21,103
06/12/2012;49,09795;8,0;16,148
07/12/2012;48,87117;8,0;15,646
08/12/2012;48,65366;8,0;17,012
09/12/2012;48,43133;8,0;14,462
10/12/2012;48,22949;8,25;15,033
11/12/2012;48,03127;8,0;18,98
12/12/2012;47,83483;8,0;18,956
13/12/2012;47,58412;8,0;13,197
14/12/2012;47,37393;8,0;17,074
15/12/2012;47,60129;7,02;64,847
16/12/2012;47,73713;6,0;50,879
17/12/2012;47,6666;6,0;28,594
18/12/2012;47,78037;4,65;49,705
19/12/2012;47,73535;4,0;33,055
20/12/2012;47,75818;4,0;39,283
21/12/2012;47,84966;4,0;46,92
22/12/2012;47,96309;4,0;48,347
23/12/2012;47,85982;4,0;22,141
24/12/2012;47,79515;4,0;26,017
25/12/2012;47,86752;4,0;44,038
26/12/2012;47,82727;4,0;29,207
27/12/2012;47,73103;4,0;26,737
28/12/2012;47,70976;4,73;34,637
29/12/2012;47,55831;5,0;19,904
30/12/2012;47,72802;5,0;53,672
31/12/2012;48,52308;4,48;121,946
01/01/2013;48,77969;3,0;62,565
02/01/2013;48,83475;3,0;37,366
03/01/2013;48,75498;3,0;24,832
04/01/2013;48,67928;3,0;25,496
05/01/2013;48,66055;3,0;32,558
06/01/2013;48,59179;3,0;27,797
07/01/2013;48,53275;3,0;27,427
08/01/2013;48,41622;3,0;22,81
09/01/2013;48,28098;3,49;20,825
10/01/2013;48,29875;4,0;36,225
11/01/2013;48,85918;4,0;97,42
12/01/2013;49,19888;4,0;74,34
13/01/2013;49,68478;4,0;89,58
14/01/2013;50,20767;4,0;93,083
15/01/2013;50,72074;2,84;93,396
16/01/2013;51,06907;2,5;74,23
17/01/2013;51,55035;2,5;89,257
18/01/2013;51,81506;2,5;64,321
19/01/2013;51,92644;2,76;47,882
20/01/2013;52,04996;3,0;47,378
21/01/2013;52,08736;3,0;38,067
22/01/2013;52,05566;3,0;30,767
23/01/2013;52,03077;3,0;31,025
24/01/2013;52,12489;3,0;45,818
25/01/2013;52,26335;3,0;51,582
26/01/2013;52,19549;3,5;27,652
27/01/2013;52,26629;3,5;41,37
28/01/2013;52,32802;3,5;39,591
29/01/2013;52,39986;3,5;43,691
30/01/2013;52,37429;3,5;32,807
31/01/2013;52,34069;3,5;32,46
01/02/2013;52,29392;3,77;30,913
02/02/2013;52,37372;4,0;45,701
03/02/2013;52,26489;4,0;24,088
04/02/2013;52,44215;4,0;53,247
05/02/2013;52,55921;4,0;49,402
06/02/2013;52,55242;4,0;34,772
07/02/2013;52,71589;4,0;54,818
08/02/2013;53,11697;2,92;79,901
09/02/2013;53,64669;2,5;94,375
10/02/2013;54,135;2,5;88,052
11/02/2013;54,66263;2,5;89,875
12/02/2013;54,92422;2,5;63,298
13/02/2013;55,13309;2,5;57,921
14/02/2013;55,37877;2,5;63,722
15/02/2013;55,70507;2,5;72,936
16/02/2013;55,97104;2,5;64,959
17/02/2013;56,20205;2,5;60,901
18/02/2013;56,34043;2,5;50,552
19/02/2013;56,64246;2,5;69,5
20/02/2013;56,80298;2,5;54,453
21/02/2013;56,79809;2,5;35,692
22/02/2013;56,71548;2,5;26,924
23/02/2013;56,76617;3,03;40,46
24/02/2013;56,81332;3,5;40,847
25/02/2013;56,90693;3,5;46,222
26/02/2013;56,93929;3,5;41,014
27/02/2013;57,10421;3,5;55,281
28/02/2013;57,04099;3,5;29,385
01/03/2013;57,0489;3,77;37,669
02/03/2013;57,1065;4,0;43,757
03/03/2013;57,09728;4,0;35,24
04/03/2013;57,14553;4,0;41,543
05/03/2013;57,08504;4,0;30,961
06/03/2013;57,04247;4,7;33,213
07/03/2013;57,00141;5,5;33,954
08/03/2013;57,09979;5,5;49,906
09/03/2013;57,08872;5,5;37,36
10/03/2013;57,50251;5,5;83,883
11/03/2013;57,85868;5,5;76,484
12/03/2013;58,14697;3,24;68,702
13/03/2013;58,37156;2,5;60,035
14/03/2013;58,58257;2,5;57,778
15/03/2013;58,66063;2,5;42,149
16/03/2013;58,69933;2,5;39,113
17/03/2013;58,93582;2,5;61,703
18/03/2013;59,38714;2,5;83,254
19/03/2013;59,76408;2,5;76,786
20/03/2013;60,11953;2,5;74,861
21/03/2013;60,37254;2,5;62,837
22/03/2013;60,69475;2,5;69,788
23/03/2013;60,93778;2,5;62,207
24/03/2013;61,0855;2,5;50,255
25/03/2013;61,39273;2,5;67,211
26/03/2013;61,5616;2,5;54,158
27/03/2013;61,83417;2,5;64,53
28/03/2013;61,91917;2,5;43,114
29/03/2013;61,96083;2,5;39,412
30/03/2013;62,02863;2,5;39,415
31/03/2013;62,06092;2,5;37,098
01/04/2013;61,94214;2,5;18,834
02/04/2013;61,88153;2,5;28,463
03/04/2013;61,90832;2,5;36,944
04/04/2013;61,99035;2,5;42,617
05/04/2013;61,96966;2,5;33,315
06/04/2013;62,45837;2,5;88,691
07/04/2013;62,60353;2,5;51,236
08/04/2013;62,82959;2,5;57,644
09/04/2013;62,91047;2,5;43,708
10/04/2013;62,97971;2,5;40,974
11/04/2013;63,08421;2,5;45,592
12/04/2013;63,09488;2,5;35,626
13/04/2013;63,17626;4,48;46,748
14/04/2013;63,57621;5,0;78,306
15/04/2013;63,81503;5,0;60,763
16/04/2013;63,80195;4,71;35,71
17/04/2013;63,93055;4,5;50,149
18/04/2013;63,91291;4,5;34,259
19/04/2013;63,77562;4,5;20,421
20/04/2013;63,72487;4,5;30,387
21/04/2013;63,75267;4,5;38,483
22/04/2013;63,67001;4,5;24,208
23/04/2013;63,5497;4,5;22,522
24/04/2013;63,50491;4,5;31,008
25/04/2013;63,38591;4,5;22,761
26/04/2013;63,30296;4,5;27,242
27/04/2013;63,22038;5,56;29,842
28/04/2013;63,08986;7,0;24,798
29/04/2013;63,00966;7,0;29,624
30/04/2013;62,84835;7,0;21,365
01/05/2013;62,75128;7,0;28,767
02/05/2013;62,64362;7,0;26,829
03/05/2013;62,54993;7,0;29,679
04/05/2013;62,3954;7,0;23,162
05/05/2013;62,31523;7,0;30,887
06/05/2013;62,12588;7,0;17,273
07/05/2013;62,0384;7,0;30,168
08/05/2013;61,87527;7,0;21,128
09/05/2013;61,76462;7,0;23,035
10/05/2013;61,60639;7,0;21,814
11/05/2013;61,46155;7,0;23,943
12/05/2013;61,31228;7,0;22,266
13/05/2013;61,18345;7,0;23,002
14/05/2013;60,99382;7,0;19,05
15/05/2013;60,8915;7,0;28,035
16/05/2013;60,76747;7,0;25,831
17/05/2013;60,61693;7,0;22,726
18/05/2013;60,38767;7,0;13,65
19/05/2013;60,19975;7,0;18,456
20/05/2013;60,00893;7,0;16,439
21/05/2013;59,86916;7,0;24,477
22/05/2013;59,69697;7,0;20,714
23/05/2013;59,57098;7,0;25,515
24/05/2013;59,50758;7,0;32,472
25/05/2013;59,31316;7,0;18,081
26/05/2013;59,1653;7,0;23,686
27/05/2013;59,02106;7,0;22,351
28/05/2013;58,9526;7,0;31,651
29/05/2013;59,04276;7,0;48,82
30/05/2013;59,09064;4,85;43,168
31/05/2013;59,18376;3,5;46,177
01/06/2013;59,16954;3,5;33,53
02/06/2013;59,09178;3,5;27,75
03/06/2013;59,08506;3,5;32,212
04/06/2013;58,99059;3,5;26,058
05/06/2013;58,92115;3,5;29,253
06/06/2013;58,8827;3,5;32,496
07/06/2013;58,76646;3,77;23,506
08/06/2013;58,63132;4,23;22,076
09/06/2013;58,48498;4,5;20,079
10/06/2013;58,32949;4,5;19,226
11/06/2013;58,1909;4,84;23,28
12/06/2013;58,07941;5,0;25,244
13/06/2013;58,09051;5,0;38,75
14/06/2013;57,98145;5,0;24,969
15/06/2013;57,87337;5,0;26,793
16/06/2013;57,74734;5,0;22,776
17/06/2013;57,65188;5,0;26,035
18/06/2013;57,52011;5,0;22,818
19/06/2013;57,40328;5,0;25,627
20/06/2013;57,2505;5,0;21,277
21/06/2013;57,08669;5,0;19,036
22/06/2013;56,95747;5,0;23,329
23/06/2013;56,81186;5,0;20,868
24/06/2013;56,6713;5,0;20,883
25/06/2013;56,60112;5,0;28,515
26/06/2013;56,69247;4,48;45,189
27/06/2013;56,65303;4,0;30,773
28/06/2013;56,56342;4,0;27,29
29/06/2013;56,4149;4,0;21,421
30/06/2013;56,31241;4,0;25,098
01/07/2013;56,48129;4,0;53,346
02/07/2013;56,54926;3,7;41,376
03/07/2013;56,57864;3,5;37,516
04/07/2013;56,49173;3,5;26,913
05/07/2013;56,45492;3,5;32,988
06/07/2013;56,30469;3,5;20,203
07/07/2013;56,17116;3,5;20,069
08/07/2013;56,09587;3,5;24,954
09/07/2013;56,00338;3,5;24,31
10/07/2013;55,86287;3,5;17,329
11/07/2013;55,71364;4,31;20,347
12/07/2013;55,53539;5,0;18,035
13/07/2013;55,28992;5,0;10,371
14/07/2013;55,1699;5,0;23,79
15/07/2013;54,98912;5,0;14,3
16/07/2013;54,86946;5,54;23,89
17/07/2013;54,74778;6,0;24,116
18/07/2013;54,56774;6,0;18,011
19/07/2013;54,37294;6,0;16,673
20/07/2013;54,17193;6,0;14,356
21/07/2013;54,04623;6,0;23,174
22/07/2013;53,93161;6,0;25,146
23/07/2013;53,77127;6,0;19,016
24/07/2013;53,7029;4,78;25,593
25/07/2013;53,74988;4,5;38,71
26/07/2013;53,84149;4,5;44,694
27/07/2013;53,86541;4,5;38,393
28/07/2013;53,82099;4,5;30,795
29/07/2013;53,70592;4,5;23,37
30/07/2013;53,56485;4,5;22,471
31/07/2013;53,37446;4,5;16,182
01/08/2013;53,20826;4,77;18,658
02/08/2013;53,08025;5,0;23,502
03/08/2013;52,96094;5,0;24,641
04/08/2013;52,79434;5,0;18,273
05/08/2013;52,6516;5,0;19,973
06/08/2013;52,49709;5,52;21,365
07/08/2013;52,32444;6,0;20,011
08/08/2013;52,13099;6,0;16,774
09/08/2013;51,95427;6,0;18,269
10/08/2013;51,73391;6,48;15,364
11/08/2013;51,51151;7,0;14,14
12/08/2013;51,30419;7,0;14,43
13/08/2013;51,12117;7,0;19,851
14/08/2013;50,93679;7,0;19,754
15/08/2013;50,73482;7,0;15,663
16/08/2013;50,56189;7,0;18,872
17/08/2013;50,3069;7,0;11,156
18/08/2013;50,0611;7,0;10,2
19/08/2013;49,92197;7,0;20,249
20/08/2013;49,69934;7,0;14,531
21/08/2013;49,51867;7,0;19,649
22/08/2013;49,29927;7,0;14,785
23/08/2013;49,0698;7,0;14,249
24/08/2013;48,88961;7,0;20,443
25/08/2013;48,64998;7,0;12,253
26/08/2013;48,4472;7,0;15,178
27/08/2013;48,23656;7,0;15,983
28/08/2013;48,02414;7,0;14,367
29/08/2013;47,77988;7,0;11,924
30/08/2013;47,55684;7,0;14,256
31/08/2013;47,31928;7,0;12,626
01/09/2013;47,10557;7,0;14,91
02/09/2013;46,87556;7,0;12,618
03/09/2013;46,63401;7,0;12,998
04/09/2013;46,46418;7,0;18,892
05/09/2013;46,29125;7,0;17,806
06/09/2013;46,09139;7,0;15,421
07/09/2013;45,8651;7,0;14,386
08/09/2013;45,68244;7,0;17,981
09/09/2013;45,43563;7,0;10,346
10/09/2013;45,19053;8,05;11,677
11/09/2013;44,9602;9,0;15,619
12/09/2013;44,69068;9,01;11,393
13/09/2013;44,41154;9,63;10,901
14/09/2013;44,12311;10,0;10,38
15/09/2013;43,84726;10,0;11,078
16/09/2013;43,57848;10,0;10,705
17/09/2013;43,28958;10,0;10,075
18/09/2013;43,10188;10,0;19,807
19/09/2013;42,87232;10,0;14,636
20/09/2013;42,68814;10,0;20,225
21/09/2013;42,50057;10,0;21,501
22/09/2013;42,27284;10,0;16,818
23/09/2013;42,04363;10,0;15,222
24/09/2013;41,80876;9,38;15,083
25/09/2013;41,57759;9,0;14,12
26/09/2013;41,34628;9,0;15,671
27/09/2013;41,07101;9,0;10,674
28/09/2013;40,77051;9,0;8,169
29/09/2013;40,48836;9,0;8,34
30/09/2013;40,26788;9,0;16,429
01/10/2013;40,1696;9,0;27,058
02/10/2013;40,06735;9,0;29,511
03/10/2013;39,95651;5,35;23,97
04/10/2013;39,99263;4,5;39,706
05/10/2013;40,14034;3,31;51,57
06/10/2013;40,10387;3,0;29,355
07/10/2013;39,99796;3,0;21,099
08/10/2013;39,81676;3,0;13,088
09/10/2013;39,64503;4,48;16,716
10/10/2013;39,44123;6,0;15,543
11/10/2013;39,21799;6,0;13,262
12/10/2013;38,99004;7,87;14,738
13/10/2013;38,73814;8,5;9,981
14/10/2013;38,49798;8,5;10,607
15/10/2013;38,27063;8,5;15,417
16/10/2013;38,1878;8,5;30,856
17/10/2013;38,15361;8,5;33,984
18/10/2013;38,07655;8,5;30,497
19/10/2013;38,27042;7,7;61,399
20/10/2013;38,2953;7,0;41,477
21/10/2013;38,23715;7,0;30,915
22/10/2013;38,11438;7,0;27,025
23/10/2013;38,05289;5,63;31,414
24/10/2013;38,04769;5,0;37,67
25/10/2013;37,9316;5,0;25,414
26/10/2013;37,7557;5,0;17,019
27/10/2013;37,58899;5,0;18,17
28/10/2013;37,41238;6,5;16,27
29/10/2013;37,19132;7,0;14,437
30/10/2013;36,96139;7,48;12,42
31/10/2013;36,76376;8,0;16,742
01/11/2013;36,56467;8,0;16,052
02/11/2013;36,29361;8,45;10,446
03/11/2013;36,07195;8,9;15,803
04/11/2013;35,84723;8,9;14,353
05/11/2013;35,62413;8,9;14,504
06/11/2013;35,6016;8,9;36,539
07/11/2013;35,57011;8,9;34,213
08/11/2013;35,42599;8,9;23,326
09/11/2013;35,12449;8,9;7,217
10/11/2013;34,85537;8,9;10,124
11/11/2013;34,59794;8,9;9,35
12/11/2013;34,37399;8,9;16,828
13/11/2013;34,15636;8,9;16,373
14/11/2013;33,85541;10,56;8,679
15/11/2013;33,53681;12,0;8,605
16/11/2013;33,25691;12,0;12,893
17/11/2013;33,19382;12,0;36,371
18/11/2013;32,94801;12,0;12,76
19/11/2013;32,72169;12,0;17,576
20/11/2013;32,47487;12,0;15,876
21/11/2013;32,22241;12,0;15,977
22/11/2013;32,01059;12,0;20,814
23/11/2013;31,8342;12,0;23,733
24/11/2013;31,71702;12,0;28,154
25/11/2013;31,70065;10,26;37,526
26/11/2013;31,7367;5,5;41,295
27/11/2013;31,72936;5,5;36,728
28/11/2013;31,83701;5,5;50,085
29/11/2013;31,87155;5,5;42,605
30/11/2013;31,76755;5,5;26,892
01/12/2013;31,67327;5,5;25,554
02/12/2013;31,54087;5,5;20,079
03/12/2013;31,48225;5,5;32,235
04/12/2013;31,43938;6,83;35,242
05/12/2013;31,2711;8,0;22,681
06/12/2013;31,19186;8,72;31,494
07/12/2013;31,12361;9,5;33,283
08/12/2013;31,05977;9,5;32,563
09/12/2013;31,02351;9,5;34,545
10/12/2013;30,85488;9,5;22,622
11/12/2013;30,85115;9,5;38,724
12/12/2013;30,73431;6,74;24,836
13/12/2013;30,59502;5,5;20,867
14/12/2013;30,47274;5,5;22,357
15/12/2013;30,33312;5,5;20,075
16/12/2013;30,1636;5,5;15,53
17/12/2013;29,92814;7,84;12,377
18/12/2013;29,71033;9,0;15,543
19/12/2013;29,45061;9,53;11,595
20/12/2013;29,21497;10,0;13,312
21/12/2013;28,9923;10,0;16,407
22/12/2013;28,69876;10,0;7,134
23/12/2013;28,48891;10,0;14,616
24/12/2013;28,28451;10,0;16,964
25/12/2013;28,15573;10,0;25,596
26/12/2013;28,04689;10,0;24,358
27/12/2013;27,93177;10,0;27,517
28/12/2013;27,68752;10,0;13,12
29/12/2013;27,52997;10,0;21,178
30/12/2013;27,41752;6,76;20,546
31/12/2013;27,33435;5,5;24,178
01/01/2014;27,24051;5,5;22,534
02/01/2014;27,1307;5,5;17,876
03/01/2014;26,95229;5,5;15,576
04/01/2014;26,88576;4,21;28,457
05/01/2014;26,74116;4,0;16,498
06/01/2014;26,55997;4,0;10,615
07/01/2014;26,35503;4,0;11,379
08/01/2014;26,14934;4,0;11,88
09/01/2014;25,9396;4,0;11,436
10/01/2014;25,80076;4,0;18,954
11/01/2014;25,54308;4,0;6,564
12/01/2014;25,33788;4,0;10,941
13/01/2014;25,21659;4,0;17,733
14/01/2014;25,19004;4,0;30,872
15/01/2014;25,10475;4,0;24,765
16/01/2014;24,96374;4,0;17,938
17/01/2014;24,79901;4,0;15,409
18/01/2014;24,77856;4,0;31,976
19/01/2014;24,61407;4,0;15,004
20/01/2014;24,41686;4,0;9,969
21/01/2014;24,17097;4,0;7,458
22/01/2014;24,00966;4,0;17,238
23/01/2014;23,83506;4,0;12,856
24/01/2014;23,6646;4,0;16,449
25/01/2014;23,43936;4,0;9,941
26/01/2014;23,2502;4,0;12,931
27/01/2014;23,07155;4,0;13,128
28/01/2014;22,88356;3,63;14,77
29/01/2014;22,65487;3,5;9,895
30/01/2014;22,4379;3,5;11,192
31/01/2014;22,17903;3,5;6,333
01/02/2014;21,92354;3,5;6,428
02/02/2014;21,69586;3,5;9,178
03/02/2014;21,44381;3,5;5,218
04/02/2014;21,18389;3,5;6,211
05/02/2014;20,91001;3,5;4,739
06/02/2014;20,62537;3,5;3,502
07/02/2014;20,35705;3,5;4,816
08/02/2014;20,07392;3,5;2,618
09/02/2014;19,83253;3,5;6,762
10/02/2014;19,61696;3,5;8,897
11/02/2014;19,36582;3,5;6,002
12/02/2014;19,10178;3,5;4,339
13/02/2014;18,81993;3,5;3,221
14/02/2014;18,65954;3,5;16,823
15/02/2014;18,60534;3,5;28,128
16/02/2014;18,478;4,6;16,959
17/02/2014;18,4908;4,2;31,818
18/02/2014;18,41007;4,2;25,388
19/02/2014;18,17927;4,2;7,361
20/02/2014;17,94458;4,2;7,162
21/02/2014;17,69187;4,2;5,383
22/02/2014;17,52452;4,2;15,678
23/02/2014;17,35371;4,2;12,585
24/02/2014;17,10492;4,2;4,921
25/02/2014;16,91573;4,2;11,789
26/02/2014;16,75133;4,2;12,851
27/02/2014;16,57456;4,2;12,597
28/02/2014;16,38946;4,2;11,651
01/03/2014;16,5909;4,2;54,325
02/03/2014;16,46943;4,2;16,853
03/03/2014;16,35715;4,2;15,088
04/03/2014;16,21129;4,2;13,339
05/03/2014;16,09407;4,2;15,726
06/03/2014;15,96394;3,78;15,138
07/03/2014;15,8049;3,2;13,001
08/03/2014;15,96712;3,2;46,585
09/03/2014;16,10814;3,2;44,031
10/03/2014;15,9625;3,2;12,991
11/03/2014;15,79945;3,2;13,149
12/03/2014;15,6928;3,2;18,721
13/03/2014;15,56361;3,2;15,054
14/03/2014;15,46997;3,2;20,074
15/03/2014;15,33387;3,2;15,608
16/03/2014;15,17699;3,2;12,368
17/03/2014;15,00603;3,2;9,925
18/03/2014;14,88599;3,2;18,598
19/03/2014;14,72515;3,2;11,941
20/03/2014;14,59409;3,2;16,181
21/03/2014;14,48491;3,2;17,19
22/03/2014;14,61363;3,2;44,416
23/03/2014;14,55003;3,2;21,509
24/03/2014;14,45532;3,2;15,416
25/03/2014;14,29974;3,2;11,767
26/03/2014;14,1391;3,2;11,735
27/03/2014;13,96231;3,2;9,139
28/03/2014;13,79171;3,2;10,324
29/03/2014;13,63504;3,2;12,042
30/03/2014;13,4864;3,2;12,747
31/03/2014;13,43651;3,2;21,389
01/04/2014;13,37379;3,2;22,223
02/04/2014;13,32478;3,2;23,308
03/04/2014;13,27947;3,2;23,466
04/04/2014;13,17957;3,2;16,959
05/04/2014;13,04883;3,2;13,576
06/04/2014;12,96712;3,2;20,731
07/04/2014;12,85108;3,2;15,379
08/04/2014;12,69112;3,2;11,673
09/04/2014;12,51256;3,2;9,149
10/04/2014;12,35718;3,2;11,805
11/04/2014;12,20816;3,2;12,698
12/04/2014;12,01175;3,2;8,003
13/04/2014;12,14453;3,2;43,711
14/04/2014;12,13605;2,71;24,231
15/04/2014;11,96845;3,2;7,674
16/04/2014;12,26611;2,22;58,294
17/04/2014;12,23923;1,95;23,825
18/04/2014;12,17276;2,67;20,87
19/04/2014;12,1388;3,2;22,695
20/04/2014;12,06278;3,2;16,031
21/04/2014;11,98974;3,2;16,082
22/04/2014;11,85721;3,2;11,04
23/04/2014;11,71543;3,2;11,73
24/04/2014;11,59494;3,2;13,905
25/04/2014;11,43983;3,2;9,278
26/04/2014;11,27345;3,2;8,878
27/04/2014;11,14607;3,2;11,548
28/04/2014;11,0101;3,2;9,849
29/04/2014;10,86173;3,2;10,284
30/04/2014;10,69565;3,2;8,222
01/05/2014;10,54396;3,2;8,651
02/05/2014;10,40653;3,2;9,579
03/05/2014;10,2651;3,2;10,771
04/05/2014;10,11892;3,2;9,514
05/05/2014;9,95653;3,2;6,514
06/05/2014;9,76597;3,2;7,058
07/05/2014;9,60335;3,2;10,243
08/05/2014;9,41524;3,2;7,007
09/05/2014;9,23813;3,2;8,288
10/05/2014;9,08513;3,2;9,607
11/05/2014;8,90982;3,2;5,75
12/05/2014;8,79082;3,2;9,009
13/05/2014;8,57406;3,2;2,715
14/05/2014;8,39764;3,2;6,524
15/05/2014;8,21252;3,2;6,191
16/05/2014;8,08309;3,2;12,916
17/05/2014;7,92392;3,2;9,505
18/05/2014;7,80212;3,2;13,149
19/05/2014;7,72619;3,2;16,105
20/05/2014;7,6067;3,13;12,593
21/05/2014;7,43293;3,1;6,056
22/05/2014;7,23779;3,1;4,084
23/05/2014;7,15391;3,1;16,39
24/05/2014;7,07403;3,1;16,888
25/05/2014;6,9976;3,1;14,911
26/05/2014;6,9014;3,1;12,135
27/05/2014;6,79549;3,1;13,742
28/05/2014;6,67588;3,1;11,936
29/05/2014;6,56319;3,1;12,447
30/05/2014;6,43349;3,1;10,503
31/05/2014;6,31366;3,1;13,467
01/06/2014;6,20668;3,1;14,243
02/06/2014;6,13216;3,1;16,684
03/06/2014;6,00261;2,7;12,047
04/06/2014;5,92939;3,1;17,133
05/06/2014;5,81286;3,1;13,517
06/06/2014;5,65603;3,1;10,075
07/06/2014;5,55584;3,1;13,45
08/06/2014;5,41269;3,1;10,26
09/06/2014;5,28094;3,1;9,199
10/06/2014;5,15177;3,1;12,338
11/06/2014;5,02891;3,1;10,953
12/06/2014;4,90289;3,1;11,62
13/06/2014;4,74339;3,1;8,354
14/06/2014;4,62323;3,1;13,786
15/06/2014;4,5125;3,1;13,594
16/06/2014;4,40716;3,1;12,556
17/06/2014;4,26308;3,1;10,945
18/06/2014;4,12957;3,1;11,692
19/06/2014;3,97957;3,1;9,96
20/06/2014;3,84063;3,1;8,225
21/06/2014;3,69534;3,1;8,129
22/06/2014;3,50777;3,84;4,868
23/06/2014;3,32938;4,1;5,048
24/06/2014;3,13008;4,1;5,453
25/06/2014;2,9439;4,1;6,824
26/06/2014;2,7525;4,1;5,789
27/06/2014;2,55052;4,1;5,747
28/06/2014;2,35173;4,1;5,801
29/06/2014;2,17182;4,1;7,168
30/06/2014;1,99892;4,1;5,366
01/07/2014;1,79381;4,1;5,035
02/07/2014;1,59423;4,1;5,18
03/07/2014;1,39253;4,1;4,417
04/07/2014;1,20455;4,1;6,028
05/07/2014;1,00288;4,1;4,922
06/07/2014;0,79719;4,1;3,399
07/07/2014;0,60652;4,1;4,237
08/07/2014;0,40127;4,1;3,091
09/07/2014;0,24852;3,31;7,192
10/07/2014;0,11324;3,1;8,123
11/07/2014;-0,00484;3,1;10,615
12/07/2014;-0,12546;3,1;10,616
13/07/2014;-0,26131;3,1;9,342
14/07/2014;-0,42473;3,1;5,441
15/07/2014;-0,56047;3,1;9,861
16/07/2014;-0,74907;3,1;4,68
17/07/2014;-0,92332;3,1;5,001
18/07/2014;-1,09992;3,1;5,238
19/07/2014;-1,25924;3,1;6,702
20/07/2014;-1,45269;3,1;3,003
21/07/2014;-1,60855;3,1;5,82
22/07/2014;-1,81081;3,89;2,809
23/07/2014;-1,989;4,1;5,0
24/07/2014;-2,18109;4,1;4,57
25/07/2014;-2,35216;4,1;5,513
26/07/2014;-2,48285;3,31;7,956
27/07/2014;-2,6387;3,1;6,494
28/07/2014;-2,75474;3,1;9,43
29/07/2014;-2,89869;3,1;8,082
30/07/2014;-3,01868;3,1;11,498
31/07/2014;-3,15424;3,1;9,995
01/08/2014;-3,30224;3,1;8,807
02/08/2014;-3,44293;3,1;10,149
03/08/2014;-3,58729;3,1;8,232
04/08/2014;-3,71452;3,1;9,371
05/08/2014;-3,86526;3,39;8,093
06/08/2014;-4,00844;4,1;8,261
07/08/2014;-4,17481;4,1;5,554
08/08/2014;-4,35075;4,1;5,607
09/08/2014;-4,5102;4,1;6,351
10/08/2014;-4,67242;4,1;6,061
11/08/2014;-4,82936;4,1;6,689
12/08/2014;-4,9806;4,1;9,0
13/08/2014;-5,14042;4,1;6,716
14/08/2014;-5,2676;3,7;8,299
15/08/2014;-5,379;3,1;8,799
16/08/2014;-5,51931;3,1;7,862
17/08/2014;-5,58855;3,1;16,3
18/08/2014;-5,7023;3,1;9,681
19/08/2014;-5,83448;3,1;9,013
20/08/2014;-5,96746;3,1;8,867
21/08/2014;-6,11991;3,1;7,062
22/08/2014;-6,26784;3,1;7,211
23/08/2014;-6,42513;3,1;7,649
24/08/2014;-6,57203;3,1;7,619
25/08/2014;-6,71605;3,1;6,415
26/08/2014;-6,89381;3,73;6,186
27/08/2014;-7,01654;4,1;11,488
28/08/2014;-7,16516;4,1;9,367
29/08/2014;-7,3013;4,1;9,618
30/08/2014;-7,45104;4,1;7,985
31/08/2014;-7,61502;4,1;6,36
01/09/2014;-7,75298;4,1;7,919
02/09/2014;-7,87073;3,29;10,057
03/09/2014;-7,92781;3,1;18,521
04/09/2014;-8,00412;3,1;13,381
05/09/2014;-8,11895;3,1;10,956
06/09/2014;-8,22658;3,1;10,129
07/09/2014;-8,3516;3,1;9,318
08/09/2014;-8,48246;3,1;7,662
09/09/2014;-8,61831;3,1;9,227
10/09/2014;-8,74951;3,1;8,79
11/09/2014;-8,88725;3,1;9,221
12/09/2014;-9,0354;3,35;8,659
13/09/2014;-9,19135;4,1;8,225
14/09/2014;-9,35688;4,1;5,922
15/09/2014;-9,50971;4,1;6,477
16/09/2014;-9,68339;4,1;6,296
17/09/2014;-9,84494;4,1;6,9
18/09/2014;-10,01516;4,1;5,139
19/09/2014;-10,1998;4,35;4,794
20/09/2014;-10,36887;5,1;6,717
21/09/2014;-10,49087;4,68;12,059
22/09/2014;-10,62341;4,1;8,107
23/09/2014;-10,79658;4,1;6,69
24/09/2014;-10,97669;4,1;6,628
25/09/2014;-11,16545;4,1;5,367
26/09/2014;-11,33698;4,1;5,849
27/09/2014;-11,37538;3,85;20,666
28/09/2014;-11,47972;2,41;10,051
29/09/2014;-11,59042;1,6;9,136
30/09/2014;-11,71466;1,6;9,837
01/10/2014;-11,85284;2,38;9,217
02/10/2014;-12,0041;3,1;7,428
03/10/2014;-12,1709;3,1;4,665
04/10/2014;-12,35315;3,1;3,817
05/10/2014;-12,56321;3,516;3,234
06/10/2014;-12,75532;4,1;3,477
07/10/2014;-12,95273;4,1;3,248
08/10/2014;-13,12354;4,1;3,487
09/10/2014;-13,30117;4,1;3,527
10/10/2014;-13,48038;4,1;3,829
11/10/2014;-13,62941;4,1;6,593
12/10/2014;-13,76121;4,1;6,176
13/10/2014;-13,93239;4,1;5,901
14/10/2014;-14,09879;4,1;5,405
15/10/2014;-14,28435;4,6;4,213
16/10/2014;-14,45774;4,6;5,153
17/10/2014;-14,57565;4,6;11,325
18/10/2014;-14,76054;4,6;3,748
19/10/2014;-14,94522;4,6;3,539
20/10/2014;-15,06061;4,6;9,676
21/10/2014;-15,19339;4,6;8,661
22/10/2014;-15,35434;4,6;4,479
23/10/2014;-15,52451;4,6;3,794
24/10/2014;-15,68547;4,6;4,065
25/10/2014;-15,88889;4,6;4,026
26/10/2014;-16,08783;4,6;3,606
27/10/2014;-16,2344;4,6;5,04
28/10/2014;-16,40562;4,6;3,517
29/10/2014;-16,54904;4,6;5,403
30/10/2014;-16,71604;4,6;3,946
31/10/2014;-16,895;4,6;3,777
01/11/2014;-17,09196;4,6;3,202
02/11/2014;-17,21456;4,6;9,617
03/11/2014;-17,33437;4,6;10,219
04/11/2014;-17,32677;4,6;24,229
05/11/2014;-17,45707;4,6;9,654
06/11/2014;-17,58317;4,6;8,211
07/11/2014;-17,69591;4,18;9,593
08/11/2014;-17,77682;3,55;12,951
09/11/2014;-17,86494;3,52;11,832
10/11/2014;-17,98133;3,52;9,246
11/11/2014;-18,13672;3,52;5,621
12/11/2014;-18,29;3,52;5,241
13/11/2014;-18,44447;3,52;4,962
14/11/2014;-18,51894;3,52;12,929
15/11/2014;-18,64597;3,52;8,034
16/11/2014;-18,78747;3,52;6,236
17/11/2014;-18,93143;3,52;5,723
18/11/2014;-19,08463;3,52;5,388
19/11/2014;-19,23624;3,52;5,187
20/11/2014;-19,40108;3,52;4,647
21/11/2014;-19,56248;3,52;4,656
22/11/2014;-19,7166;3,52;4,985
23/11/2014;-19,79005;3,52;10,921
24/11/2014;-19,90842;3,52;7,296
25/11/2014;-20,01931;3,52;8,434
26/11/2014;-20,06833;3,52;16,129
27/11/2014;-20,16211;3,23;11,484
28/11/2014;-20,26138;3,02;9,781
29/11/2014;-20,37425;3,02;9,536
30/11/2014;-20,49041;3,02;8,572
01/12/2014;-20,60243;3,02;9,274
02/12/2014;-20,73175;3,02;9,02
03/12/2014;-20,84731;3,02;8,661
04/12/2014;-20,97889;3,02;7,964
05/12/2014;-21,06742;3,02;11,885
06/12/2014;-21,15696;2,82;11,296
07/12/2014;-21,28841;3,68;8,012
08/12/2014;-21,423;4,02;7,285
09/12/2014;-21,57185;4,02;7,109
10/12/2014;-21,71587;4,02;7,459
11/12/2014;-21,71493;4,02;22,851
12/12/2014;-21,80885;3,52;12,292
13/12/2014;-21,88024;3,02;13,943
14/12/2014;-21,95732;2,88;12,474
15/12/2014;-22,06853;2,52;7,97
16/12/2014;-22,18924;2,52;8,382
17/12/2014;-22,29979;2,52;9,081
18/12/2014;-22,41417;2,52;8,773
19/12/2014;-22,5382;2,52;8,786
20/12/2014;-22,55856;2,52;20,129
21/12/2014;-22,55904;2,16;20,405
22/12/2014;-22,58522;2,16;18,433
23/12/2014;-22,56506;2,05;22,623
24/12/2014;-22,25188;1,1;54,545
25/12/2014;-22,1204;0,77;39,504
26/12/2014;-21,9132;0,77;39,105
27/12/2014;-21,91378;0,77;19,595
28/12/2014;-21,96577;0,77;14,006
29/12/2014;-22,01186;1,47;13,794
30/12/2014;-22,01667;2,08;21,316
31/12/2014;-22,02361;1,9;19,31
01/01/2015;-22,10782;1,52;14,695
02/01/2015;-22,13572;1,52;13,328
03/01/2015;-22,16376;2,02;16,307
04/01/2015;-22,18828;2,52;16,971
05/01/2015;-22,25058;2,52;12,929
06/01/2015;-22,34684;2,52;9,401
07/01/2015;-22,4448;2,52;10,763
08/01/2015;-22,50624;2,23;14,27
09/01/2015;-22,56662;1,52;13,056
10/01/2015;-22,653;1,52;10,96
11/01/2015;-22,71169;1,52;12,583
12/01/2015;-22,78967;1,52;9,795
13/01/2015;-22,8812;1,52;9,904
14/01/2015;-22,92941;1,52;16,306
15/01/2015;-23,03158;1,52;8,454
16/01/2015;-23,14909;1,52;6,981
17/01/2015;-23,2774;1,52;5,118
18/01/2015;-23,40252;2,23;4,957
19/01/2015;-23,50781;2,52;8,22
20/01/2015;-23,64177;2,52;5,004
21/01/2015;-23,77906;2,52;5,396
22/01/2015;-23,86523;2,52;9,709
23/01/2015;-23,966;2,52;8,029
24/01/2015;-24,0445;2,52;12,052
25/01/2015;-24,13688;2,16;7,941
26/01/2015;-24,19097;1,52;11,389
27/01/2015;-24,15951;1,52;22,24
28/01/2015;-24,13926;0,97;18,873
29/01/2015;-24,15634;0,77;14,414
30/01/2015;-24,18699;0,77;13,407
31/01/2015;-24,21579;0,77;13,472
01/02/2015;-24,26048;0,77;9,254
02/02/2015;-24,32003;1,18;8,093
03/02/2015;-24,21416;1,45;26,924
04/02/2015;-24,12092;0,81;25,885
05/02/2015;-24,07357;0,77;20,498
06/02/2015;-23,83406;0,77;45,094
07/02/2015;-23,68768;0,64;30,368
08/02/2015;-23,53585;0,47;31,918
09/02/2015;-23,38891;0,47;30,738
10/02/2015;-23,21567;0,86;34,969
11/02/2015;-22,88652;0,67;52,174
12/02/2015;-22,57935;0,47;50,293
13/02/2015;-22,37655;0,47;39,704
14/02/2015;-22,20247;0,47;35,509
15/02/2015;-21,92665;0,47;46,599
16/02/2015;-21,50901;0,47;61,466
17/02/2015;-20,95953;0,47;75,392
18/02/2015;-20,40407;0,47;78,207
19/02/2015;-19,79389;0,47;82,99
20/02/2015;-19,32073;0,47;67,468
21/02/2015;-19,08517;0,47;41,4
22/02/2015;-18,89808;0,47;37,096
23/02/2015;-18,72019;0,47;34,976
24/02/2015;-18,61136;0,47;27,139
25/02/2015;-18,46656;0,47;32,12
26/02/2015;-18,21475;0,47;42,479
27/02/2015;-18,1264;0,47;25,083
28/02/2015;-17,86642;0,47;45,038
01/03/2015;-17,65731;0,47;39,123
02/03/2015;-17,6127;0,47;18,38
03/03/2015;-17,59703;0,47;16,534
04/03/2015;-17,60469;0,47;13,437
05/03/2015;-17,61574;0,47;14,34
06/03/2015;-17,59797;0,47;17,457
07/03/2015;-17,32392;0,47;45,951
08/03/2015;-16,94478;0,47;55,068
09/03/2015;-16,3822;0,47;78,191
10/03/2015;-16,00339;0,47;56,613
11/03/2015;-15,60778;0,47;59,762
12/03/2015;-15,29784;0,47;49,623
13/03/2015;-14,94423;0,47;54,3
14/03/2015;-14,79168;0,47;32,247
15/03/2015;-14,63599;0,47;32,512
16/03/2015;-14,23196;0,47;59,155
17/03/2015;-13,93765;0,47;48,398
18/03/2015;-13,70851;0,47;40,786
19/03/2015;-13,44727;0,47;44,435
20/03/2015;-13,23561;0,47;39,036
21/03/2015;-12,96583;0,47;45,123
22/03/2015;-12,62605;0,47;53,21
23/03/2015;-12,13823;0,47;68,69
24/03/2015;-11,6518;0,47;70,181
25/03/2015;-11,28058;0,47;57,666
26/03/2015;-11,03167;0,47;45,559
27/03/2015;-10,82746;0,47;38,985
28/03/2015;-10,64866;0,47;35,799
29/03/2015;-10,5896;0,47;22,879
30/03/2015;-10,37305;0,47;38,47
31/03/2015;-10,25591;0,47;28,319
01/04/2015;-10,16873;0,47;24,499
02/04/2015;-10,07615;0,47;25,035
03/04/2015;-10,03524;0,47;18,983
04/04/2015;-9,99129;0,47;18,9
05/04/2015;-9,96956;0,47;16,508
06/04/2015;-9,89476;0,47;22,236
07/04/2015;-9,6875;0,47;36,908
08/04/2015;-9,5825;0,47;26,562
09/04/2015;-9,52397;0,47;20,814
10/04/2015;-9,43273;0,47;24,876
11/04/2015;-9,40266;0,47;17,86
12/04/2015;-9,37635;0,52;16,918
13/04/2015;-9,36427;0,62;14,95
14/04/2015;-9,35394;0,62;15,629
15/04/2015;-9,34958;0,62;15,481
16/04/2015;-9,34035;0,85;15,787
17/04/2015;-9,32588;1,52;18,123
18/04/2015;-9,33949;1,4;14,156
19/04/2015;-9,34846;1,37;14,128
20/04/2015;-9,25329;1,37;24,133
21/04/2015;-9,22011;1,37;18,223
22/04/2015;-9,20055;1,37;16,901
23/04/2015;-9,16984;1,37;17,263
24/04/2015;-9,16555;1,1;14,96
25/04/2015;-9,17354;0,87;14,111
26/04/2015;-9,17881;0,87;14,459
27/04/2015;-9,17282;0,87;14,309
28/04/2015;-9,22437;0,87;10,394
29/04/2015;-9,25336;1,0;10,403
30/04/2015;-9,3271;1,52;8,272
01/05/2015;-9,382;1,52;8,153
02/05/2015;-9,43941;1,87;9,09
03/05/2015;-9,48719;2,02;9,88
04/05/2015;-9,53021;2,02;10,046
05/05/2015;-9,54837;2,02;13,586
06/05/2015;-9,5691;2,02;13,581
07/05/2015;-9,60119;2,02;12,049
08/05/2015;-9,64694;2,02;11,184
09/05/2015;-9,68383;2,02;11,757
10/05/2015;-9,72463;2,02;11,637
11/05/2015;-9,52814;2,02;36,008
12/05/2015;-9,49587;1,25;18,73
13/05/2015;-9,50205;1,02;14,046
14/05/2015;-9,50294;0,77;14,532
15/05/2015;-9,50937;0,67;13,61
16/05/2015;-9,52567;1,53;13,442
17/05/2015;-9,54827;1,67;13,638
18/05/2015;-9,56062;1,72;13,997
19/05/2015;-9,55159;1,72;16,181
20/05/2015;-9,54563;1,27;15,223
21/05/2015;-9,55577;1,42;13,749
22/05/2015;-9,57446;1,42;13,34
23/05/2015;-9,61528;1,59;10,958
24/05/2015;-9,65201;1,95;10,901
25/05/2015;-9,68398;2,02;11,368
26/05/2015;-9,72366;2,02;11,721
27/05/2015;-9,76218;2,02;11,597
28/05/2015;-9,80427;2,02;11,38
29/05/2015;-9,78931;2,02;16,894
30/05/2015;-9,77908;1,63;15,859
31/05/2015;-9,68933;1,52;26,214
01/06/2015;-9,51729;0,93;33,684
02/06/2015;-9,37528;0,72;28,331
03/06/2015;-9,25617;0,72;28,071
04/06/2015;-9,17295;0,72;23,31
05/06/2015;-9,11653;0,72;20,698
06/06/2015;-9,08337;0,72;17,88
07/06/2015;-9,07496;0,72;15,428
08/06/2015;-9,07157;1,16;14,56
09/06/2015;-9,09836;1,52;12,74
10/06/2015;-9,16008;1,77;9,269
11/06/2015;-9,18837;2,02;12,452
12/06/2015;-9,20966;2,02;13,272
13/06/2015;-9,2434;2,45;12,863
14/06/2015;-9,29023;2,72;11,704
15/06/2015;-9,336;2,72;11,738
16/06/2015;-9,33946;2,45;15,26
17/06/2015;-9,34542;2,12;15,135
18/06/2015;-9,36219;2,02;13,614
19/06/2015;-9,34029;1,8;18,542
20/06/2015;-9,31833;1,18;17,19
21/06/2015;-9,31279;1,02;15,774
22/06/2015;-9,32598;1,02;12,823
23/06/2015;-9,3588;1,02;11,483
24/06/2015;-9,36672;1,02;14,416
25/06/2015;-9,3388;1,02;16,541
26/06/2015;-9,3161;1,51;16,864
27/06/2015;-9,33998;1,93;13,255
28/06/2015;-9,36126;2,32;13,305
29/06/2015;-9,35992;2,32;13,358
30/06/2015;-9,39245;2,58;11,76
01/07/2015;-9,43142;2,82;12,064
02/07/2015;-9,47776;2,82;10,822
03/07/2015;-9,53753;2,82;9,389
04/07/2015;-9,54335;2,82;14,34
05/07/2015;-9,55661;2,82;14,789
06/07/2015;-9,58772;2,32;12,403
07/07/2015;-9,60363;1,73;11,609
08/07/2015;-9,61675;1,35;13,181
09/07/2015;-9,6464;1,02;11,493
10/07/2015;-9,67172;1,02;10,557
11/07/2015;-9,72094;1,02;10,01
12/07/2015;-9,76508;1,02;10,535
13/07/2015;-9,80169;1,18;10,0
14/07/2015;-9,84335;1,75;10,264
15/07/2015;-9,87966;1,82;10,926
16/07/2015;-9,92876;2,4;10,604
17/07/2015;-9,98139;2,62;10,354
18/07/2015;-10,04019;3,04;9,637
19/07/2015;-10,10012;3,12;9,219
20/07/2015;-10,16674;3,12;9,23
21/07/2015;-10,23236;3,12;9,068
22/07/2015;-10,29776;3,12;9,527
23/07/2015;-10,36299;3,12;9,429
24/07/2015;-10,42;3,12;8,064
25/07/2015;-10,45869;3,12;11,497
26/07/2015;-10,43907;1,87;17,472
27/07/2015;-10,41918;1,62;18,015
28/07/2015;-10,43485;1,27;13,357
29/07/2015;-10,46513;1,12;12,978
30/07/2015;-10,51154;1,12;10,035
31/07/2015;-10,54817;1,12;9,661
01/08/2015;-10,60804;1,77;8,43
02/08/2015;-10,68005;2,87;8,767
03/08/2015;-10,75625;3,12;7,673
04/08/2015;-10,85659;3,12;6,543
05/08/2015;-10,96576;3,12;6,237
06/08/2015;-11,06954;3,12;5,435
07/08/2015;-11,1776;3,12;5,413
08/08/2015;-11,29235;3,75;4,877
09/08/2015;-11,40279;4,02;5,869
10/08/2015;-11,50947;3,98;6,514
11/08/2015;-11,62059;4,02;6,08
12/08/2015;-11,73002;4,02;5,569
13/08/2015;-11,84916;3,67;5,035
14/08/2015;-11,95182;3,52;4,797
15/08/2015;-12,07271;3,52;4,549
16/08/2015;-12,18992;3,52;4,201
17/08/2015;-12,30565;3,52;4,474
18/08/2015;-12,43254;3,74;4,179
19/08/2015;-12,55539;4,02;4,038
20/08/2015;-12,68425;4,02;4,213
21/08/2015;-12,80746;4,02;4,219
22/08/2015;-12,9234;4,02;4,998
23/08/2015;-13,04018;4,02;3,692
24/08/2015;-13,16546;4,02;4,018
25/08/2015;-13,26868;4,02;6,59
26/08/2015;-13,37377;3,42;5,775
27/08/2015;-13,46395;2,52;6,456
28/08/2015;-13,50548;1,86;10,73
29/08/2015;-13,56665;1,52;8,292
30/08/2015;-13,64817;1,52;6,688
31/08/2015;-13,73999;1,52;6,54
01/09/2015;-13,83177;2,36;5,826
02/09/2015;-13,92585;3,02;6,164
03/09/2015;-14,00446;3,02;6,735
04/09/2015;-14,10014;3,73;6,174
05/09/2015;-14,15871;4,02;11,382
06/09/2015;-14,25091;4,02;6,889
07/09/2015;-14,31863;4,02;8,769
08/09/2015;-14,30391;4,02;18,026
09/09/2015;-13,91918;2,09;58,013
10/09/2015;-13,71924;1,52;35,381
11/09/2015;-13,56057;1,52;32,786
12/09/2015;-13,23262;0,92;50,477
13/09/2015;-12,99904;0,77;41,296
14/09/2015;-12,84906;0,77;30,376
15/09/2015;-12,80105;0,77;19,006
16/09/2015;-12,76986;0,77;18,063
17/09/2015;-12,7722;0,77;14,748
18/09/2015;-12,79717;1,34;12,39
19/09/2015;-12,83039;1,52;10,86
20/09/2015;-12,87288;1,52;10,406
21/09/2015;-12,93997;1,52;10,164
22/09/2015;-12,99956;1,52;9,389
23/09/2015;-13,07665;2,52;7,951
24/09/2015;-13,16075;2,52;7,693
25/09/2015;-13,252;3,25;6,883
26/09/2015;-13,16395;3,52;27,355
27/09/2015;-13,10892;2,27;21,381
28/09/2015;-13,09537;2,02;16,237
29/09/2015;-13,04277;2,02;21,22
30/09/2015;-13,03588;2,02;16,662
01/10/2015;-12,90853;1,6;29,545
02/10/2015;-12,77337;1,52;29,715
03/10/2015;-12,66918;1,52;26,58
04/10/2015;-12,60192;1,52;22,252
05/10/2015;-12,58051;1,52;16,967
06/10/2015;-12,59187;1,52;13,881
07/10/2015;-12,64196;1,52;9,226
08/10/2015;-12,66419;1,52;12,877
09/10/2015;-12,72324;1,52;9,116
10/10/2015;-12,77214;1,52;9,18
11/10/2015;-12,79737;1,52;11,139
12/10/2015;-12,83031;2,15;10,585
13/10/2015;-12,88856;2,52;8,858
14/10/2015;-12,95557;3,29;8,696
15/10/2015;-13,02799;3,52;9,203
16/10/2015;-13,10489;3,52;8,626
17/10/2015;-13,18908;3,52;8,357
18/10/2015;-13,28823;3,52;6,069
19/10/2015;-13,38029;3,52;6,098
20/10/2015;-13,46742;3,52;5,79
21/10/2015;-13,57999;3,52;5,816
22/10/2015;-13,6282;2,35;10,284
23/10/2015;-13,54369;1,65;24,377
24/10/2015;-13,55691;1,52;13,488
25/10/2015;-13,60438;1,52;9,702
26/10/2015;-13,62992;1,52;11,513
27/10/2015;-13,4127;1,52;40,109
28/10/2015;-13,23592;1,16;34,082
29/10/2015;-13,22192;1,02;17,072
30/10/2015;-13,22578;1,02;14,469
31/10/2015;-13,23331;1,02;14,282
01/11/2015;-13,23442;1,02;14,529
02/11/2015;-13,14797;1,02;22,854
03/11/2015;-12,90242;1,02;41,273
04/11/2015;-12,77323;1,02;29,574
05/11/2015;-12,52276;1,02;41,293
06/11/2015;-12,37079;0,57;31,044
07/11/2015;-12,26038;0,47;26,899
08/11/2015;-12,20782;0,47;19,561
09/11/2015;-12,15964;0,47;19,076
10/11/2015;-12,09203;0,47;21,581
11/11/2015;-12,05783;0,47;18,016
12/11/2015;-11,97656;0,47;23,848
13/11/2015;-11,87309;0,47;25,567
14/11/2015;-11,83481;0,47;18,626
15/11/2015;-11,77862;0,47;20,428
16/11/2015;-11,73187;0,47;19,297
17/11/2015;-11,7253;0,47;14,601
18/11/2015;-11,52215;0,47;36,614
19/11/2015;-11,44856;0,47;23,309
20/11/2015;-11,27127;0,45;34,528
21/11/2015;-11,05639;0,47;38,424
22/11/2015;-10,92083;0,47;28,783
23/11/2015;-10,75947;0,47;31,468
24/11/2015;-10,54541;0,47;38,23
25/11/2015;-10,35438;0,47;35,745
26/11/2015;-10,22827;0,47;28,071
27/11/2015;-10,14014;0,47;24,237
28/11/2015;-10,08675;0,47;21,118
29/11/2015;-9,94175;0,47;29,106
30/11/2015;-9,76652;0,47;34,187
01/12/2015;-9,70343;0,47;21,14
02/12/2015;-9,64129;0,47;21,316
03/12/2015;-9,5605;0,47;23,33
04/12/2015;-9,38514;0,47;33,828
05/12/2015;-9,09218;0,47;47,526
06/12/2015;-8,78734;0,47;48,453
07/12/2015;-8,08363;0,47;93,215
08/12/2015;-7,40087;0,47;92,652
09/12/2015;-6,88237;0,47;72,475
10/12/2015;-6,42013;0,47;66,46
11/12/2015;-6,07354;0,47;53,324
12/12/2015;-5,79163;0,47;46,662
13/12/2015;-5,44814;0,47;53,338
14/12/2015;-5,03841;0,47;61,373
15/12/2015;-4,6049;0,47;63,738
16/12/2015;-4,19529;0,47;60,088
17/12/2015;-3,91088;0,47;46,626
18/12/2015;-3,62375;0,47;48,439
19/12/2015;-3,37889;0,47;45,052
20/12/2015;-2,97491;0,47;61,456
21/12/2015;-2,72504;0,47;44,254
22/12/2015;-2,40445;0,47;54,189
23/12/2015;-2,09647;0,47;52,559
24/12/2015;-1,79644;0,47;51,81
25/12/2015;-1,58852;0,47;42,172
26/12/2015;-1,28581;0,47;50,645
27/12/2015;-0,98179;0,47;50,027
28/12/2015;-0,69723;0,47;48,711
29/12/2015;-0,28542;0,47;63,537
30/12/2015;-0,01376;0,47;48,316
31/12/2015;0,3282;0,47;55,496
01/01/2016;0,6692;0,47;56,074
02/01/2016;1,12035;0,47;66,408
03/01/2016;1,54754;0,47;65,038
04/01/2016;1,91442;0,47;56,678
05/01/2016;2,16862;0,47;46,173
06/01/2016;2,36852;0,47;39,248
07/01/2016;2,55442;0,47;36,862
08/01/2016;2,71929;0,47;34,519
09/01/2016;2,90197;0,47;37,055
10/01/2016;3,08433;0,47;36,857
11/01/2016;3,33703;0,47;44,188
12/01/2016;3,59518;0,47;44,596
13/01/2016;3,97534;0,47;58,42
14/01/2016;4,65325;0,47;93,167
15/01/2016;5,94023;0,47;162,038
16/01/2016;7,8256;0,32;228,697
17/01/2016;9,39428;0,02;193,015
18/01/2016;10,83581;0,02;179,977
19/01/2016;11,90063;0,02;137,081
20/01/2016;12,51742;0,02;86,05
21/01/2016;12,88392;0,02;56,982
22/01/2016;13,32303;0,12;66,946
23/01/2016;13,48236;0,17;34,544
24/01/2016;13,5559;0,17;24,483
25/01/2016;13,8809;0,17;52,152
26/01/2016;14,33613;0,17;66,42
27/01/2016;14,65772;0,17;53,889
28/01/2016;15,30347;0,17;90,031
29/01/2016;15,66461;0,17;58,05
30/01/2016;15,94291;0,17;47,941
31/01/2016;16,11774;0,17;35,494
01/02/2016;16,26791;0,17;33,966
02/02/2016;16,40722;0,17;33,58
03/02/2016;16,55845;0,17;34,209
04/02/2016;16,73823;0,17;37,788
05/02/2016;16,87983;0,17;33,882
06/02/2016;17,01467;0,17;33,473
07/02/2016;17,36994;0,17;57,992
08/02/2016;17,67554;0,17;51,913
09/02/2016;17,89463;0,17;41,97
10/02/2016;18,09319;0,17;39,64
11/02/2016;18,22264;0,17;33,98
12/02/2016;18,38118;0,17;36,692
13/02/2016;18,4185;0,17;24,801
14/02/2016;18,43045;0,17;22,428
15/02/2016;18,47382;0,17;25,716
16/02/2016;18,85082;0,17;63,449
17/02/2016;19,15474;0,17;56,233
18/02/2016;19,32885;0,17;43,163
19/02/2016;19,482;0,17;39,848
20/02/2016;19,6145;0,17;37,275
21/02/2016;20,21951;0,17;89,269
22/02/2016;20,94441;0,17;103,853
23/02/2016;21,42715;0,17;75,121
24/02/2016;21,80566;0,17;63,926
25/02/2016;22,42493;0,17;90,593
26/02/2016;22,91098;0,17;75,19
27/02/2016;23,16104;0,17;50,372
28/02/2016;23,35901;0,17;44,23
29/02/2016;23,72261;0,17;62,541
01/03/2016;23,96686;0,17;48,089
02/03/2016;24,64814;0,17;96,887
03/03/2016;25,30492;0,17;94,495
04/03/2016;26,72802;0,05;182,046
05/03/2016;27,49659;0,02;111,211
06/03/2016;28,10737;0,02;93,782
07/03/2016;28,70683;0,02;90,627
08/03/2016;29,51213;0,02;116,034
09/03/2016;29,96943;0,02;76,662
10/03/2016;30,27034;0,02;57,542
11/03/2016;31,34698;0,14;143,649
12/03/2016;31,9501;40,97;130,934
13/03/2016;32,35886;20,97;94,793
14/03/2016;32,67266;0,75;62,968
15/03/2016;32,94712;0,02;58,459
16/03/2016;33,18114;0,02;50,179
17/03/2016;33,38132;0,02;44,198
18/03/2016;33,59526;0,02;46,064
19/03/2016;33,82235;0,02;48,187
20/03/2016;33,99643;0,02;41,401
21/03/2016;34,17978;0,02;43,582
22/03/2016;34,34057;0,09;38,811
23/03/2016;34,48234;0,17;38,081
24/03/2016;34,67808;0,22;44,522
25/03/2016;34,8371;0,22;38,958
26/03/2016;35,26123;0,22;68,331
27/03/2016;35,55511;0,22;52,009
28/03/2016;35,71649;0,22;40,948
29/03/2016;35,81342;0,22;34,913
30/03/2016;35,92601;0,22;35,515
31/03/2016;36,091;0,22;41,047
01/04/2016;36,23279;0,22;38,658
02/04/2016;36,3261;0,22;31,739
03/04/2016;36,41604;0,22;32,197
04/04/2016;36,55094;0,22;37,406
05/04/2016;36,64845;0,22;32,78
06/04/2016;36,73005;0,22;32,593
07/04/2016;36,78639;0,22;28,564
08/04/2016;36,81401;0,22;25,36
09/04/2016;36,8189;0,33;24,008
10/04/2016;36,81822;0,42;23,99
11/04/2016;36,8647;0,42;28,57
12/04/2016;36,88459;0,42;26,097
13/04/2016;36,92835;0,42;28,242
14/04/2016;36,93936;0,42;23,328
15/04/2016;36,92243;0,42;22,136
16/04/2016;36,8908;0,42;22,175
17/04/2016;36,86087;0,42;22,309
18/04/2016;36,83671;0,42;20,141
19/04/2016;36,78647;0,42;18,984
20/04/2016;36,73797;0,42;18,911
21/04/2016;36,69318;0,42;18,828
22/04/2016;36,6433;0,42;17,8
23/04/2016;36,59918;0,42;18,599
24/04/2016;36,55943;0,42;16,808
25/04/2016;36,50235;0,42;16,527
26/04/2016;36,43506;0,42;16,579
27/04/2016;36,37652;0,42;16,998
28/04/2016;36,37554;0,42;22,272
29/04/2016;36,34347;0,42;20,277
30/04/2016;36,31766;0,42;20,238
01/05/2016;36,28119;0,42;19,932
02/05/2016;36,2351;0,42;17,819
03/05/2016;36,16678;0,42;18,553
04/05/2016;36,09275;0,42;16,739
05/05/2016;36,02182;0,42;17,438
06/05/2016;35,96021;0,42;17,385
07/05/2016;35,90125;0,42;16,56
08/05/2016;35,85238;0,42;17,172
09/05/2016;35,81671;0,42;17,905
10/05/2016;35,77829;0,42;18,653
11/05/2016;35,74417;0,42;19,546
12/05/2016;35,70542;0,42;18,364
13/05/2016;35,65338;0,42;17,463
14/05/2016;35,60458;0,42;18,5
15/05/2016;35,54456;0,42;16,49
16/05/2016;35,48671;0,42;16,166
17/05/2016;35,45958;0,42;19,491
18/05/2016;35,43062;0,42;19,287
19/05/2016;35,62617;0,42;42,383
20/05/2016;35,71002;0,42;31,714
21/05/2016;35,90243;0,42;43,963
22/05/2016;36,13363;0,42;47,185
23/05/2016;36,61774;0,42;77,919
24/05/2016;36,85877;0,42;48,067
25/05/2016;36,95428;0,42;32,297
26/05/2016;36,9641;0,42;21,535
27/05/2016;36,94611;0,42;19,321
28/05/2016;36,91875;0,42;19,835
29/05/2016;36,89877;0,42;19,343
30/05/2016;36,90368;0,42;19,538
31/05/2016;36,97204;0,42;29,21
01/06/2016;36,99079;0,42;25,892
02/06/2016;37,29504;0,42;57,606
03/06/2016;37,56744;0,42;53,717
04/06/2016;37,94929;0,42;65,437
05/06/2016;38,96794;0,42;136,259
06/06/2016;40,6761;0,42;213,11
07/06/2016;42,70533;0,42;251,228
08/06/2016;44,40178;0,29;216,985
09/06/2016;45,26054;0,22;124,74
10/06/2016;45,96461;0,22;103,016
11/06/2016;46,25586;0,22;55,103
12/06/2016;46,4402;0,22;42,733
13/06/2016;46,58075;0,22;37,977
14/06/2016;46,71144;0,22;37,317
15/06/2016;46,81596;0,22;32,041
16/06/2016;46,90163;0,22;31,599
17/06/2016;46,97801;0,22;31,262
18/06/2016;47,05174;0,37;31,612
19/06/2016;47,13874;0,42;32,923
20/06/2016;47,22008;0,42;32,622
21/06/2016;47,27004;0,42;30,373
22/06/2016;47,31391;0,42;28,158
23/06/2016;47,35879;0,42;26,937
24/06/2016;47,39309;0,42;26,826
25/06/2016;47,43972;0,42;28,098
26/06/2016;47,49925;0,42;29,209
27/06/2016;47,54698;0,42;27,372
28/06/2016;47,57523;0,42;25,721
29/06/2016;47,61194;0,42;24,969
30/06/2016;47,65918;0,42;26,33
01/07/2016;47,68622;0,42;25,567
02/07/2016;47,70033;0,42;24,998
03/07/2016;47,70314;0,42;23,565
04/07/2016;47,71443;0,42;23,866
05/07/2016;47,71592;0,42;22,61
06/07/2016;47,71713;0,42;22,614
07/07/2016;47,72149;0,42;22,357
08/07/2016;47,71319;0,42;21,886
09/07/2016;47,69998;0,42;21,308
10/07/2016;47,68907;0,42;20,603
11/07/2016;47,67881;0,42;20,536
12/07/2016;47,66745;0,42;20,473
13/07/2016;47,63187;0,42;20,034
14/07/2016;47,61116;0,42;19,391
15/07/2016;47,57354;0,42;19,182
16/07/2016;47,52916;0,42;18,687
17/07/2016;47,50642;0,42;18,59
18/07/2016;47,47206;0,42;17,837
19/07/2016;47,43537;0,42;17,724
20/07/2016;47,40239;0,42;18,282
21/07/2016;47,37889;0,42;18,527
22/07/2016;47,33863;0,42;17,833
23/07/2016;47,30108;0,42;17,324
24/07/2016;47,25049;0,42;17,048
25/07/2016;47,19891;0,42;16,035
26/07/2016;47,12505;0,42;15,416
27/07/2016;47,05669;0,42;14,848
28/07/2016;46,98708;0,42;14,875
29/07/2016;46,92996;0,42;15,345
30/07/2016;46,87355;0,42;14,861
31/07/2016;46,8158;0,42;15,349
01/08/2016;46,761;0,42;15,552
02/08/2016;46,69292;0,42;15,134
03/08/2016;46,63503;0,42;15,635
04/08/2016;46,57942;0,42;16,767
05/08/2016;46,51305;0,42;16,428
06/08/2016;46,44817;0,42;16,043
07/08/2016;46,36809;0,42;16,437
08/08/2016;46,30363;0,42;16,983
09/08/2016;46,24652;0,42;16,003
10/08/2016;46,20027;0,42;17,3
11/08/2016;46,14143;0,42;16,115
12/08/2016;46,09416;0,42;16,579
13/08/2016;46,03397;0,42;15,9
14/08/2016;45,96305;0,42;15,842
15/08/2016;45,91362;0,42;16,212
16/08/2016;45,84803;0,42;16,669
17/08/2016;45,79788;0,42;17,089
18/08/2016;45,74431;0,42;17,65
19/08/2016;45,69515;0,42;17,308
20/08/2016;45,6291;0,42;16,057
21/08/2016;45,83579;0,42;45,966
22/08/2016;46,06694;0,42;47,462
23/08/2016;46,20721;0,42;36,944
24/08/2016;46,20588;0,42;22,375
25/08/2016;46,16397;0,42;18,043
26/08/2016;46,0991;0,42;17,055
27/08/2016;46,03965;0,42;18,215
28/08/2016;45,99182;0,42;17,728
29/08/2016;45,9353;0,42;16,362
30/08/2016;45,86405;0,42;15,606
31/08/2016;45,78503;0,42;15,082
01/09/2016;45,77538;0,42;20,801
02/09/2016;45,73221;0,41;19,587
03/09/2016;45,69353;0,42;18,555
04/09/2016;45,62978;0,42;17,843
05/09/2016;45,57784;0,42;17,137
06/09/2016;45,57326;0,42;21,963
07/09/2016;45,56086;0,42;20,736
08/09/2016;45,5365;0,42;19,168
09/09/2016;45,50474;0,42;18,122
10/09/2016;45,43707;0,42;14,854
11/09/2016;45,36088;0,42;15,424
12/09/2016;45,28858;0,42;14,724
13/09/2016;45,21028;0,42;15,409
14/09/2016;45,13275;0,42;15,406
15/09/2016;45,06189;0,42;13,348
16/09/2016;44,96595;0,42;12,579
17/09/2016;44,87266;1,63;12,782
18/09/2016;44,73181;2,02;9,643
19/09/2016;44,65817;2,02;14,719
20/09/2016;44,56667;2,02;15,41
21/09/2016;44,48906;2,02;14,825
22/09/2016;44,39086;2,02;12,638
23/09/2016;44,28454;2,02;12,542
24/09/2016;44,17779;2,02;12,596
25/09/2016;44,06802;2,02;11,356
26/09/2016;43,96503;2,02;12,457
27/09/2016;43,852;2,77;12,394
28/09/2016;43,71415;3,52;10,783
29/09/2016;43,56417;3,52;10,127
30/09/2016;43,41385;3,52;10,206
01/10/2016;43,26291;3,52;9,357
02/10/2016;43,1083;3,52;9,042
03/10/2016;42,96784;3,52;8,673
04/10/2016;42,98766;3,52;27,21
05/10/2016;42,9235;3,52;19,214
06/10/2016;42,84281;3,52;18,659
07/10/2016;42,75572;2,87;16,842
08/10/2016;42,62232;2,52;11,143
09/10/2016;42,50334;2,52;11,45
10/10/2016;42,40309;2,52;10,688
11/10/2016;42,26709;2,52;9,767
12/10/2016;42,13162;2,52;10,746
13/10/2016;42,04328;2,52;16,434
14/10/2016;42,36388;2,19;61,794
15/10/2016;42,91232;1,52;88,225
16/10/2016;43,11026;1,52;48,448
17/10/2016;43,10961;1,52;25,711
18/10/2016;43,11579;1,52;26,165
19/10/2016;43,10725;1,52;25,324
20/10/2016;43,01804;1,52;17,525
21/10/2016;42,95689;1,52;18,45
22/10/2016;42,8656;1,52;15,953
23/10/2016;42,85523;1,52;18,764
24/10/2016;42,81457;1,52;16,529
25/10/2016;43,12738;1,52;60,672
26/10/2016;43,22991;1,52;36,404
27/10/2016;43,2509;1,52;27,894
28/10/2016;43,29123;1,52;30,128
29/10/2016;43,24438;1,52;20,637
30/10/2016;43,1746;1,52;17,026
31/10/2016;43,11071;1,52;15,871
01/11/2016;43,01869;1,52;13,859
02/11/2016;42,91769;1,52;13,742
03/11/2016;42,85677;1,52;16,92
04/11/2016;42,82819;1,52;19,622
05/11/2016;42,7851;1,52;17,198
06/11/2016;42,7413;1,52;18,049
07/11/2016;42,75914;1,52;23,048
08/11/2016;42,71901;1,52;18,919
09/11/2016;42,65762;1,52;17,089
10/11/2016;42,69502;1,52;27,597
11/11/2016;42,71423;1,52;28,957
12/11/2016;43,02569;1,52;60,719
13/11/2016;43,16771;1,52;38,744
14/11/2016;43,35891;1,52;43,392
15/11/2016;43,59729;1,52;50,629
16/11/2016;43,77334;1,52;43,215
17/11/2016;44,07255;1,52;58,982
18/11/2016;44,2274;1,02;42,891
19/11/2016;44,30593;0,82;33,384
20/11/2016;44,29003;0,82;21,423
21/11/2016;44,21782;0,82;15,463
22/11/2016;44,1175;0,82;14,417
23/11/2016;44,02968;0,82;15,397
24/11/2016;44,01859;0,82;22,825
25/11/2016;44,00565;0,8;22,999
26/11/2016;43,93327;0,82;16,742
27/11/2016;43,86865;0,82;17,294
28/11/2016;43,89261;0,82;27,538
29/11/2016;44,31119;0,82;72,189
30/11/2016;44,55672;0,82;52,264
01/12/2016;44,67029;0,82;38,821
02/12/2016;44,67889;0,82;24,424
03/12/2016;44,60703;0,82;16,669
04/12/2016;44,63083;0,75;27,334
05/12/2016;44,77671;0,62;38,89
06/12/2016;44,81175;0,62;27,707
07/12/2016;44,77741;0,63;21,196
08/12/2016;44,71526;0,6;16,741
09/12/2016;44,67108;0,6;20,617
10/12/2016;44,86581;0,6;47,484
11/12/2016;44,93204;0,6;32,239
12/12/2016;45,12618;0,75;45,359
13/12/2016;45,43603;0,6;59,313
14/12/2016;45,61646;0,6;46,26
15/12/2016;45,6723;0,6;30,98
16/12/2016;45,71413;0,6;27,397
17/12/2016;45,70101;0,6;21,688
18/12/2016;45,67748;0,6;21,103
19/12/2016;45,6624;0,6;20,567
20/12/2016;45,71203;0,6;29,816
21/12/2016;45,75244;0,6;29,497
22/12/2016;45,77905;0,6;28,456
23/12/2016;45,74141;0,6;22,279
24/12/2016;45,77911;0,6;30,47
25/12/2016;45,80526;0,6;28,077
26/12/2016;46,03061;0,6;47,666
27/12/2016;46,12678;0,6;38,114
28/12/2016;46,1475;0,6;28,334
29/12/2016;46,1536;0,6;25,719
30/12/2016;46,13356;0,6;23,148
31/12/2016;46,0859;0,6;20,16
01/01/2017;46,1219;0,6;27,813
02/01/2017;46,07999;0,6;17,227
03/01/2017;46,03001;0,919;18,723
04/01/2017;45,95581;1,6;16,94
05/01/2017;45,88499;1,6;16,154
06/01/2017;45,7875;2,52;16,901
07/01/2017;45,69889;2,85;16,946
08/01/2017;45,78038;2,85;36,047
09/01/2017;45,78364;2,85;25,781
10/01/2017;46,25079;2,16;80,135
11/01/2017;46,70473;0,6;77,718
12/01/2017;46,94405;0,6;54,841
13/01/2017;47,57339;0,6;96,159
14/01/2017;48,07941;0,36;83,159
15/01/2017;48,83673;0,2;109,423
16/01/2017;49,57215;0,2;106,152
17/01/2017;50,25796;0,1;101,015
18/01/2017;50,97847;0,1;102,971
19/01/2017;52,09772;0,1;148,034
20/01/2017;52,94398;0,1;118,409
21/01/2017;53,85118;0,1;125,732
22/01/2017;55,22379;0,1;177,257
23/01/2017;56,57182;0,1;177,192
24/01/2017;57,31566;0,1;114,617
25/01/2017;57,88645;0,1;90,75
26/01/2017;58,29471;0,1;70,534
27/01/2017;58,773;0,1;78,107
28/01/2017;59,17822;0,1;70,429
29/01/2017;59,50898;0,1;62,847
30/01/2017;59,71563;0,1;47,75
31/01/2017;60,11795;0,1;71,198
01/02/2017;60,28569;0,1;44,046
02/02/2017;60,62793;0,1;62,298
03/02/2017;60,99221;0,1;66,251
04/02/2017;61,25506;0,1;54,619
05/02/2017;61,52998;0,1;55,155
06/02/2017;61,77323;0,1;50,604
07/02/2017;62,05269;0,1;57,443
08/02/2017;62,25888;0,1;48,772
09/02/2017;62,34038;0,1;34,344
10/02/2017;62,38696;0,1;32,212
11/02/2017;62,44721;0,1;32,157
12/02/2017;62,46707;0,1;28,897
13/02/2017;62,52296;0,1;31,725
14/02/2017;62,50841;0,1;25,364
15/02/2017;62,44622;0,1;19,439
16/02/2017;62,38175;0,1;19,48
17/02/2017;62,31273;0,1;18,404
18/02/2017;62,36856;0,1;33,049
19/02/2017;62,42061;0,1;32,262
20/02/2017;62,38238;0,1;22,454
21/02/2017;62,3424;0,1;23,026
22/02/2017;62,30713;0,1;21,889
23/02/2017;62,27689;0,1;22,158
24/02/2017;62,24081;0,4;22,315
25/02/2017;62,36326;1,0;40,969
26/02/2017;62,44061;1,0;34,343
27/02/2017;62,65733;1,0;48,163
28/02/2017;62,75624;1,0;36,183
01/03/2017;62,76987;0,71;26,761
02/03/2017;62,73513;0,6;23,736
03/03/2017;63,06001;0,6;63,614
04/03/2017;63,25921;0,6;49,898
05/03/2017;63,40659;0,6;43,558
06/03/2017;63,64657;0,6;52,558
07/03/2017;64,05491;0,55;73,134
08/03/2017;64,71071;0,5;100,979
09/03/2017;64,99009;0,5;60,02
10/03/2017;65,17275;0,5;49,32
11/03/2017;65,30149;0,6;41,417
12/03/2017;65,32222;0,6;30,197
13/03/2017;65,30785;0,6;26,316
14/03/2017;65,34618;0,6;31,784
15/03/2017;65,44359;0,6;37,151
16/03/2017;65,54044;0,6;37,49
17/03/2017;65,57746;0,6;30,766
18/03/2017;65,61044;0,6;30,53
19/03/2017;65,61871;0,6;24,957
20/03/2017;65,78469;0,6;41,841
21/03/2017;65,90348;0,6;38,241
22/03/2017;65,9387;0,6;28,845
23/03/2017;65,91333;0,6;23,086
24/03/2017;65,88993;0,6;23,491
25/03/2017;65,86602;0,6;24,113
26/03/2017;65,81828;0,6;20,886
27/03/2017;65,77343;0,6;19,774
28/03/2017;65,75336;1,43;23,982
29/03/2017;65,72247;1,6;23,419
30/03/2017;65,69451;1,6;23,422
31/03/2017;65,62636;1,6;19,13
01/04/2017;65,54675;1,6;16,685
02/04/2017;65,46485;1,6;16,854
03/04/2017;65,40369;1,6;18,716
04/04/2017;65,30419;1,6;15,784
05/04/2017;65,20999;1,6;16,361
06/04/2017;65,15155;1,6;20,094
07/04/2017;65,41364;1,6;54,877
08/04/2017;65,64444;0,81;52,086
09/04/2017;65,69352;0,6;31,855
10/04/2017;65,71243;0,6;27,729
11/04/2017;65,66486;0,6;21,036
12/04/2017;65,65443;0,6;26,051
13/04/2017;65,67624;0,6;27,89
14/04/2017;65,62673;0,6;20,721
15/04/2017;65,5804;1,45;19,895
16/04/2017;65,50452;1,6;18,388
17/04/2017;65,43957;1,6;18,147
18/04/2017;65,37939;1,6;19,583
19/04/2017;65,30656;1,6;18,151
20/04/2017;65,21757;1,6;16,99
21/04/2017;65,11667;1,6;17,008
22/04/2017;65,1011;1,35;23,789
23/04/2017;65,10707;0,6;25,177
24/04/2017;65,07494;0,6;19,372
25/04/2017;64,99345;0,6;16,949
26/04/2017;64,90858;0,6;16,594
27/04/2017;65,14602;0,6;52,685
28/04/2017;65,23545;0,6;35,053
29/04/2017;65,24285;0,6;25,132
30/04/2017;65,20363;0,6;19,119
01/05/2017;65,15953;0,6;19,425
02/05/2017;65,10919;0,6;18,776
03/05/2017;65,06244;0,6;20,439
04/05/2017;64,99586;0,6;18,329
05/05/2017;65,07244;0,6;34,184
06/05/2017;65,66501;0,6;90,356
07/05/2017;65,80815;0,6;41,037
08/05/2017;65,84814;0,6;29,047
09/05/2017;65,87086;0,6;27,832
10/05/2017;65,83264;0,6;21,493
11/05/2017;65,83125;0,6;24,698
12/05/2017;65,80037;0,6;20,376
13/05/2017;65,73476;0,6;18,534
14/05/2017;65,66695;0,6;17,805
15/05/2017;65,60606;0,6;17,407
16/05/2017;65,54367;0,6;19,145
17/05/2017;65,4942;0,6;19,148
18/05/2017;65,43722;0,6;18,317
19/05/2017;65,57705;0,6;40,227
20/05/2017;66,20134;0,6;93,479
21/05/2017;66,46435;0,6;55,063
22/05/2017;67,07449;0,6;90,999
23/05/2017;67,4114;0,6;64,43
24/05/2017;67,56783;0,6;42,677
25/05/2017;67,65301;0,6;33,914
26/05/2017;67,66488;0,6;27,452
27/05/2017;67,66076;0,6;26,238
28/05/2017;67,68298;0,6;27,682
29/05/2017;67,71554;0,6;27,769
30/05/2017;67,68259;0,6;22,233
31/05/2017;67,65144;0,6;20,17
01/06/2017;67,66156;0,6;26,394
02/06/2017;67,65535;0,6;24,419
03/06/2017;67,61365;0,6;20,474
04/06/2017;67,54845;0,67;18,924
05/06/2017;67,49554;0,75;19,004
06/06/2017;67,70377;0,75;47,738
07/06/2017;67,91861;0,63;49,19
08/06/2017;67,9725;0,6;30,967
09/06/2017;67,98448;0,6;26,818
10/06/2017;67,92824;0,6;18,905
11/06/2017;67,88333;0,6;18,963
12/06/2017;67,84113;0,6;18,995
13/06/2017;67,84252;0,6;24,95
14/06/2017;67,99388;0,6;41,528
15/06/2017;68,01416;0,6;26,792
16/06/2017;67,99274;0,6;21,269
17/06/2017;67,9279;0,6;18,96
18/06/2017;67,84602;0,6;15,32
19/06/2017;67,80093;0,6;18,751
20/06/2017;67,76678;0,6;21,169
21/06/2017;67,71458;0,95;18,425
22/06/2017;67,65891;0,95;17,73
23/06/2017;67,59147;0,95;17,737
24/06/2017;67,50282;0,95;17,947
25/06/2017;67,42709;0,95;14,878
26/06/2017;67,34066;0,95;14,28
27/06/2017;67,2831;0,95;19,537
28/06/2017;67,19385;1,103;15,541
29/06/2017;67,10868;2,6;17,191
30/06/2017;66,99856;2,6;14,231
01/07/2017;66,86932;3,62;13,812
02/07/2017;66,72426;3,6;10,442
03/07/2017;66,58594;3,6;11,15
04/07/2017;66,45952;3,6;12,182
05/07/2017;66,34773;3,6;14,586
06/07/2017;66,2412;3,6;16,318
07/07/2017;66,13148;5,04;17,588
08/07/2017;66,02229;5,1;16,775
09/07/2017;65,91425;5,1;16,842
10/07/2017;65,80508;5,1;16,517
11/07/2017;65,68524;5,1;16,068
12/07/2017;65,56619;5,1;16,396
13/07/2017;65,44273;5,1;15,514
14/07/2017;65,30867;5,1;14,863
15/07/2017;65,16205;5,1;13,189
16/07/2017;65,02623;5,1;14,485
17/07/2017;64,91014;5,1;14,0
18/07/2017;64,7461;5,1;11,809
19/07/2017;64,62205;5,1;13,071
20/07/2017;64,47874;5,1;12,798
21/07/2017;64,33792;5,1;13,16
22/07/2017;64,18338;5,1;12,522
23/07/2017;64,0335;5,1;12,628
24/07/2017;63,90672;5,1;14,492
25/07/2017;63,75194;5,1;12,437
26/07/2017;63,60634;5,1;14,31
27/07/2017;63,45414;5,1;13,89
28/07/2017;63,30924;5,1;14,111
29/07/2017;63,1469;5,1;11,824
30/07/2017;62,97783;5,1;11,59
31/07/2017;62,82478;5,1;11,639
01/08/2017;62,67808;5,1;13,648
02/08/2017;62,51149;5,1;11,652
03/08/2017;62,3352;5,1;10,366
04/08/2017;62,16766;5,56;12,346
05/08/2017;62,00212;5,6;11,404
06/08/2017;61,84126;5,6;11,616
07/08/2017;61,68666;5,6;11,006
08/08/2017;61,51566;5,6;12,09
09/08/2017;61,32943;7,07;11,691
10/08/2017;61,13997;7,1;11,005
11/08/2017;60,94769;7,1;9,877
12/08/2017;60,75603;7,1;10,708
13/08/2017;60,56089;7,1;10,025
14/08/2017;60,37811;7,1;10,096
15/08/2017;60,18865;7,1;11,306
16/08/2017;60,01086;8,53;12,308
17/08/2017;59,92254;8,6;22,9
18/08/2017;59,8343;8,6;21,885
19/08/2017;59,77452;8,6;25,693
20/08/2017;59,78653;5,89;30,982
21/08/2017;59,82939;4,6;32,315
22/08/2017;59,77675;4,6;22,781
23/08/2017;59,66399;4,6;15,523
24/08/2017;59,53173;4,6;14,465
25/08/2017;59,36758;4,6;12,585
26/08/2017;59,21284;4,6;13,818
27/08/2017;59,06113;4,6;12,516
28/08/2017;58,90168;4,6;10,505
29/08/2017;58,71983;5,17;9,767
30/08/2017;58,56707;7,06;14,967
31/08/2017;58,46021;7,1;20,513
01/09/2017;58,34644;7,1;17,057
02/09/2017;58,17844;8,04;13,982
03/09/2017;57,9905;8,1;12,038
04/09/2017;57,80748;8,1;11,491
05/09/2017;57,60953;8,1;11,521
06/09/2017;57,40835;9,1;10,679
07/09/2017;57,19087;9,1;10,142
08/09/2017;56,96455;9,1;9,227
09/09/2017;56,73697;9,1;9,426
10/09/2017;56,51444;9,1;9,899
11/09/2017;56,31448;9,1;8,874
12/09/2017;56,07201;9,1;7,816
13/09/2017;55,82247;10,08;7,802
14/09/2017;55,56824;10,1;7,355
15/09/2017;55,30748;10,1;7,119
16/09/2017;55,03781;10,1;6,457
17/09/2017;54,77111;10,1;6,352
18/09/2017;54,51654;10,1;6,298
19/09/2017;54,2504;10,1;5,643
20/09/2017;53,98488;10,1;5,893
21/09/2017;53,72689;10,1;6,159
22/09/2017;53,46302;10,1;5,943
23/09/2017;53,20119;10,1;7,347
24/09/2017;52,95903;10,1;8,036
25/09/2017;52,73154;10,1;7,414
26/09/2017;52,47016;10,1;6,304
27/09/2017;52,2122;10,1;6,689
28/09/2017;51,94763;10,1;5,738
29/09/2017;51,68284;10,1;5,466
30/09/2017;51,59827;10,1;25,677
01/10/2017;51,56545;10,1;29,916
02/10/2017;51,50063;7,38;23,955
03/10/2017;51,43326;5,1;21,919
04/10/2017;51,3118;3,49;14,82
05/10/2017;51,1787;3,1;13,045
06/10/2017;51,01815;3,1;10,679
07/10/2017;50,85796;3,1;10,854
08/10/2017;50,7768;3,1;16,785
09/10/2017;50,64621;3,1;11,094
10/10/2017;50,48144;3,16;9,117
11/10/2017;50,25447;8,54;8,988
12/10/2017;50,03492;8,66;9,141
13/10/2017;49,81745;11,1;12,88
14/10/2017;49,61422;11,1;13,31
15/10/2017;49,42712;11,1;13,835
16/10/2017;49,24777;11,1;14,397
17/10/2017;49,03691;11,13;11,967
18/10/2017;48,83411;12,1;13,327
19/10/2017;48,58486;12,1;10,937
20/10/2017;48,31889;12,1;9,24
21/10/2017;48,05522;12,1;7,59
22/10/2017;47,79316;12,1;7,248
23/10/2017;47,55606;12,1;8,867
24/10/2017;47,31333;12,1;8,478
25/10/2017;47,05446;12,1;7,73
26/10/2017;46,92948;12,1;24,288
27/10/2017;46,78556;8,35;17,871
28/10/2017;46,69418;5,56;19,331
29/10/2017;46,58443;4,6;16,984
30/10/2017;46,44723;4,6;12,852
31/10/2017;46,3137;4,6;13,475
01/11/2017;46,16671;4,6;13,435
02/11/2017;46,02016;4,6;12,455
03/11/2017;45,82628;8,0;10,634
04/11/2017;45,62381;8,25;10,634
05/11/2017;45,48852;11,1;19,943
06/11/2017;45,35884;11,1;18,69
07/11/2017;45,18416;11,1;14,696
08/11/2017;44,96236;11,1;11,448
09/11/2017;44,74353;11,1;11,466
10/11/2017;44,62458;9,98;21,856
11/11/2017;44,67986;8,78;40,472
12/11/2017;44,65681;4,42;25,715
13/11/2017;44,58563;3,1;19,699
14/11/2017;44,52968;3,1;22,687
15/11/2017;44,42732;3,1;17,066
16/11/2017;44,27962;3,1;11,662
17/11/2017;44,09972;6,48;12,605
18/11/2017;44,15855;6,6;38,976
19/11/2017;44,23425;6,6;39,443
20/11/2017;44,28978;4,69;34,042
21/11/2017;44,2673;4,1;25,083
22/11/2017;44,28247;2,37;29,733
23/11/2017;44,48515;1,66;48,977
24/11/2017;44,62538;1,6;43,507
25/11/2017;44,64267;1,6;29,543
26/11/2017;44,58904;1,6;21,307
27/11/2017;44,58039;1,6;24,594
28/11/2017;44,55527;1,6;23,918
29/11/2017;44,49081;1,6;19,71
30/11/2017;44,40038;1,6;16,108
01/12/2017;44,27509;1,6;12,97
02/12/2017;44,18649;1,95;17,143
03/12/2017;44,09014;2,6;15,876
04/12/2017;43,98489;2,6;15,149
05/12/2017;43,84378;2,62;12,187
06/12/2017;43,6737;5,55;12,496
07/12/2017;43,48821;6,28;11,492
08/12/2017;43,30343;7,56;13,367
09/12/2017;43,22474;7,6;23,805
10/12/2017;43,11415;7,6;19,922
11/12/2017;42,9827;7,6;15,724
12/12/2017;42,80699;7,6;13,408
13/12/2017;42,62863;7,6;12,211
14/12/2017;42,4423;7,6;11,116
15/12/2017;42,23772;7,6;10,569
16/12/2017;42,02251;7,6;9,784
17/12/2017;41,80375;8,6;9,874
18/12/2017;41,61917;8,6;12,188
19/12/2017;41,63501;8,6;37,105
20/12/2017;41,61816;6,36;30,495
21/12/2017;41,53753;5,6;23,14
22/12/2017;41,52499;4,48;27,588
23/12/2017;41,4899;3,1;25,615
24/12/2017;41,42241;3,1;21,812
25/12/2017;41,29982;3,1;14,659
26/12/2017;41,3028;3,1;25,292
27/12/2017;41,20417;3,1;17,607
28/12/2017;41,10648;3,1;17,193
29/12/2017;41,04455;3,1;19,641
30/12/2017;41,09147;2,04;29,852
31/12/2017;41,2631;1,6;42,553
01/01/2018;41,56517;1,6;57,792
02/01/2018;41,67392;1,6;36,512
03/01/2018;41,66101;0,94;23,405
04/01/2018;41,80177;0,6;39,625
05/01/2018;41,79781;0,6;24,977
06/01/2018;41,73997;0,6;19,41
07/01/2018;41,7728;0,6;28,722
08/01/2018;42,53754;1,43;108,66
09/01/2018;43,26348;0,6;106,07
10/01/2018;43,78729;0,6;84,784
11/01/2018;44,2349;0,6;76,407
12/01/2018;44,94827;0,6;105,718
13/01/2018;45,2191;0,6;56,314
14/01/2018;45,37467;0,6;42,298
15/01/2018;45,52608;0,6;42,39
16/01/2018;45,65038;0,6;39,877
17/01/2018;45,79142;0,6;41,873
18/01/2018;45,89549;0,6;38,845
19/01/2018;45,94995;0,6;32,069
20/01/2018;46,22314;0,6;56,361
21/01/2018;46,46671;0,6;52,943
22/01/2018;46,61313;0,6;42,843
23/01/2018;46,77944;0,6;46,768
24/01/2018;46,87509;0,6;37,905
25/01/2018;47,33432;0,6;78,37
26/01/2018;47,52512;0,6;47,359
27/01/2018;47,691;0,6;44,252
28/01/2018;47,97617;0,6;57,249
29/01/2018;48,29704;0,6;60,894
30/01/2018;49,09093;0,6;116,894
31/01/2018;50,02096;0,6;130,725
01/02/2018;50,456;0,6;75,788
02/02/2018;50,69997;0,6;54,878
03/02/2018;50,81048;0,6;39,809
04/02/2018;50,8734;0,6;32,836
05/02/2018;50,91613;0,6;29,476
06/02/2018;50,93002;0,6;28,645
07/02/2018;50,94119;0,6;27,619
08/02/2018;50,93344;0,6;25,652
09/02/2018;50,91448;0,98;24,243
10/02/2018;50,86015;2,71;23,166
11/02/2018;50,93294;2,4;35,446
12/02/2018;50,98205;2,4;31,724
13/02/2018;50,9525;1,07;22,087
14/02/2018;50,94611;0,8;22,85
15/02/2018;51,02178;0,8;33,936
16/02/2018;51,01521;0,8;23,891
17/02/2018;51,00865;0,8;24,415
18/02/2018;51,12333;0,8;37,814
19/02/2018;51,50038;0,8;67,641
20/02/2018;51,73322;0,8;54,213
21/02/2018;51,85657;0,8;40,456
22/02/2018;51,8919;0,8;29,976
23/02/2018;51,97112;0,8;36,487
24/02/2018;51,96226;0,8;25,425
25/02/2018;51,88911;0,8;19,289
26/02/2018;51,83971;0,8;20,235
27/02/2018;52,36302;0,7;80,731
28/02/2018;52,37153;0,6;27,348
01/03/2018;52,37718;0,6;26,188
02/03/2018;52,49448;0,6;38,984
03/03/2018;53,13631;0,6;96,732
04/03/2018;53,27039;0,6;38,843
05/03/2018;53,4113;0,6;35,989
06/03/2018;53,50336;0,6;32,281
07/03/2018;53,55824;0,6;28,702
08/03/2018;53,60049;0,6;27,438
09/03/2018;53,55387;0,6;19,832
10/03/2018;53,53076;0,6;24,141
11/03/2018;53,60124;0,6;34,531
12/03/2018;53,58084;0,6;24,105
13/03/2018;53,59579;0,64;29,689
14/03/2018;53,58551;2,35;26,57
15/03/2018;53,63673;2,35;33,973
16/03/2018;53,60866;0,84;24,215
17/03/2018;53,69701;0,6;37,933
18/03/2018;53,75534;0,6;33,178
19/03/2018;53,76609;0,6;27,633
20/03/2018;53,7437;0,6;23,709
21/03/2018;54,07234;0,6;63,454
22/03/2018;54,21865;0,6;43,901
23/03/2018;54,32844;0,6;37,634
24/03/2018;54,34366;0,6;28,905
25/03/2018;54,2943;0,6;22,242
26/03/2018;54,25557;0,6;21,493
27/03/2018;54,24775;0,6;24,549
28/03/2018;54,29295;0,6;30,266
29/03/2018;54,2917;0,6;25,37
30/03/2018;54,24064;0,6;20,628
31/03/2018;54,20018;0,6;19,909
01/04/2018;54,23573;0,6;29,507
02/04/2018;54,33597;0,6;35,191
03/04/2018;54,31997;0,6;24,613
04/04/2018;54,31187;0,6;25,145
05/04/2018;54,31595;0,6;25,978
06/04/2018;54,25937;0,6;18,85
07/04/2018;54,18441;0,6;18,374
08/04/2018;54,11312;0,6;17,565
09/04/2018;54,02009;0,6;14,652
10/04/2018;53,94283;0,62;17,946
11/04/2018;53,85365;2,35;17,66
12/04/2018;53,71558;2,35;12,362
13/04/2018;53,61366;2,43;17,113
14/04/2018;53,49378;5,35;18,612
15/04/2018;53,3869;5,35;17,502
16/04/2018;53,29014;5,35;17,308
17/04/2018;53,17041;5,35;16,065
18/04/2018;53,05788;5,35;16,878
19/04/2018;52,92158;5,35;14,655
20/04/2018;52,77554;5,35;15,212
21/04/2018;52,62623;5,69;14,171
22/04/2018;52,44265;6,1;10,469
23/04/2018;52,28498;6,1;12,452
24/04/2018;52,13353;6,08;14,28
25/04/2018;51,96673;6,58;12,504
26/04/2018;51,78738;6,6;11,58
27/04/2018;51,65549;6,6;17,402
28/04/2018;51,51333;6,6;16,929
29/04/2018;51,33959;6,6;12,451
30/04/2018;51,17268;6,6;12,555
01/05/2018;50,99108;6,6;11,081
02/05/2018;50,8494;6,6;13,696
03/05/2018;50,67963;6,6;11,211
04/05/2018;50,5111;7,26;12,215
05/05/2018;50,33563;7,6;11,065
06/05/2018;50,16492;7,6;11,494
07/05/2018;49,98665;7,6;11,142
08/05/2018;49,80749;7,6;10,779
09/05/2018;49,62656;7,6;9,705
10/05/2018;49,45011;7,6;7,879
11/05/2018;49,27662;7,6;8,827
12/05/2018;49,1181;7,6;11,579
13/05/2018;48,94411;7,6;10,968
14/05/2018;48,77401;7,6;9,893
15/05/2018;48,58265;7,6;10,08
16/05/2018;48,43393;7,6;13,224
17/05/2018;48,31379;7,6;12,185
18/05/2018;48,20505;7,6;10,906
19/05/2018;48,06265;7,23;11,471
20/05/2018;47,94465;7,1;12,762
21/05/2018;47,844;6,71;14,954
22/05/2018;47,66862;6,6;10,171
23/05/2018;47,51776;6,6;11,036
24/05/2018;47,38401;6,6;12,904
25/05/2018;47,2198;6,6;12,4
26/05/2018;47,04095;6,6;10,726
27/05/2018;46,87602;6,6;12,784
28/05/2018;46,70993;6,6;10,709
29/05/2018;46,52783;6,6;10,465
30/05/2018;46,40319;6,6;10,4
31/05/2018;46,30136;6,6;11,86
01/06/2018;46,17951;6,6;7,744
02/06/2018;46,07547;6,6;11,348
03/06/2018;45,9823;6,6;12,502
04/06/2018;45,91296;6,6;11,168
05/06/2018;45,81168;6,6;11,227
06/06/2018;45,73721;6,6;11,69
07/06/2018;45,65841;6,6;12,007
08/06/2018;45,64057;6,6;20,224
09/06/2018;45,6621;6,6;23,771
10/06/2018;45,62154;6,6;16,348
11/06/2018;45,57646;6,6;15,306
12/06/2018;45,5047;6,06;13,634
13/06/2018;45,44345;5,6;12,514
14/06/2018;45,39079;5,6;14,159
15/06/2018;45,35201;5,6;13,732
16/06/2018;45,2685;5,6;10,706
17/06/2018;45,19539;5,6;10,56
18/06/2018;45,12716;5,6;11,821
19/06/2018;45,03902;5,61;9,755
20/06/2018;44,93768;6,59;10,127
21/06/2018;44,85251;6,6;12,534
22/06/2018;44,74332;6,61;8,389
23/06/2018;44,62318;8,08;8,59
24/06/2018;44,5073;8,1;9,195
25/06/2018;44,41544;8,1;10,055
26/06/2018;44,29862;8,1;9,584
27/06/2018;44,1919;8,1;10,662
28/06/2018;44,08719;8,1;9,244
29/06/2018;43,97557;8,1;9,303
30/06/2018;43,81949;8,1;10,341
01/07/2018;43,68638;8,1;9,859
02/07/2018;43,58111;8,1;9,343
03/07/2018;43,42741;8,1;7,235
04/07/2018;43,31507;8,1;8,057
05/07/2018;43,20314;8,1;10,495
06/07/2018;43,0689;8,1;6,669
07/07/2018;42,91912;8,1;4,908
08/07/2018;42,77791;8,1;5,253
09/07/2018;42,65659;8,1;6,575
10/07/2018;42,53923;8,1;7,067
11/07/2018;42,42627;8,1;8,086
12/07/2018;42,28192;8,6;5,42
13/07/2018;42,16265;8,6;8,206
14/07/2018;42,039;8,6;7,11
15/07/2018;41,90366;8,6;6,35
16/07/2018;41,76832;8,6;7,204
17/07/2018;41,62106;8,6;7,629
18/07/2018;41,4899;8,6;8,66
19/07/2018;41,34899;8,6;7,264
20/07/2018;41,19237;8,6;6,638
21/07/2018;41,04045;8,6;7,03
22/07/2018;40,89599;8,6;7,171
23/07/2018;40,78707;8,6;9,135
24/07/2018;40,64609;8,6;8,047
25/07/2018;40,49676;9,6;7,502
26/07/2018;40,35229;9,6;6,23
27/07/2018;40,18114;9,6;6,162
28/07/2018;40,01506;9,6;7,235
29/07/2018;39,87611;9,6;8,385
30/07/2018;39,72971;9,6;6,547
31/07/2018;39,60802;9,6;10,595
01/08/2018;39,56494;7,73;16,4
02/08/2018;39,53273;7,1;17,005
03/08/2018;39,48802;6,27;16,602
04/08/2018;39,62327;4,02;32,445
05/08/2018;39,66084;3,1;22,797
06/08/2018;39,68765;3,1;19,68
07/08/2018;39,7904;2,34;27,817
08/08/2018;39,8674;2,1;26,038
09/08/2018;39,91878;2,1;24,142
10/08/2018;39,86667;2,1;10,827
11/08/2018;39,83576;2,11;12,736
12/08/2018;39,7875;3,17;13,481
13/08/2018;39,69578;7,1;9,718
14/08/2018;39,54981;7,1;5,855
15/08/2018;39,4316;7,14;8,387
16/08/2018;39,30799;9,16;10,758
17/08/2018;39,16669;11,1;9,219
18/08/2018;39,0141;11,1;9,029
19/08/2018;38,8494;11,1;7,573
20/08/2018;38,67513;10,7;5,164
21/08/2018;38,47982;10,1;5,54
22/08/2018;38,32212;9,02;6,373
23/08/2018;38,17238;9,1;8,091
24/08/2018;38,01051;9,1;6,475
25/08/2018;37,86755;8,69;8,957
26/08/2018;37,70782;7,93;10,96
27/08/2018;37,55224;7,1;9,602
28/08/2018;37,39741;7,1;6,976
29/08/2018;37,27036;7,1;8,259
30/08/2018;37,12981;6,71;7,718
31/08/2018;36,99241;6,6;7,941
01/09/2018;36,85414;6,6;7,58
02/09/2018;36,72081;6,6;9,939
03/09/2018;36,60897;6,6;9,183
04/09/2018;36,45921;6,6;5,359
05/09/2018;36,37504;7,6;12,805
06/09/2018;36,26131;7,6;9,624
07/09/2018;36,13436;9,1;9,31
08/09/2018;35,98782;9,1;7,999
09/09/2018;35,84782;9,1;7,441
10/09/2018;35,69945;9,1;6,791
11/09/2018;35,54147;9,1;6,784
12/09/2018;35,37983;9,1;7,781
13/09/2018;35,18972;9,1;8,76
14/09/2018;35,03364;9,1;8,068
15/09/2018;34,99689;8,62;18,372
16/09/2018;34,94572;8,1;17,021
17/09/2018;34,87508;6,85;13,503
18/09/2018;34,8284;5,6;15,259
19/09/2018;34,75743;5,6;15,77
20/09/2018;34,67527;5,6;13,782
21/09/2018;34,61596;5,03;13,223
22/09/2018;34,52098;4,6;10,875
23/09/2018;34,3926;4,6;7,68
24/09/2018;34,29647;4,6;10,938
25/09/2018;34,18021;4,6;9,516
26/09/2018;34,07403;5,84;10,346
27/09/2018;33,95107;5,85;10,243
28/09/2018;33,82746;7,82;10,095
29/09/2018;33,71964;7,85;11,672
30/09/2018;33,5777;9,35;9,513
01/10/2018;33,85693;9,35;54,801
02/10/2018;33,90593;8,13;30,062
03/10/2018;33,84606;6,77;17,001
04/10/2018;33,83234;6,3;20,741
05/10/2018;33,73189;6,1;10,377
06/10/2018;33,62026;6,1;8,298
07/10/2018;33,57628;6,1;16,441
08/10/2018;33,52598;6,1;13,677
09/10/2018;33,74334;5,68;45,59
10/10/2018;33,86904;4,03;35,033
11/10/2018;34,02425;2,34;36,291
12/10/2018;34,10421;2,1;26,381
13/10/2018;34,12761;2,1;20,253
14/10/2018;34,18926;2,1;24,502
15/10/2018;34,27835;2,1;25,769
16/10/2018;34,36549;2,1;29,478
17/10/2018;34,41295;2,14;23,32
18/10/2018;34,61026;2,93;42,437
19/10/2018;34,68459;2,1;26,645
20/10/2018;34,73528;1,69;22,99
21/10/2018;34,70464;1,6;13,666
22/10/2018;34,65091;1,6;10,48
23/10/2018;34,5812;1,66;10,515
24/10/2018;34,47327;3,68;8,63
25/10/2018;34,4184;5,6;20,091
26/10/2018;34,42462;5,6;21,362
27/10/2018;34,4837;4,42;27,746
28/10/2018;34,57428;4,1;30,193
29/10/2018;34,62683;4,1;25,023
30/10/2018;34,57324;4,1;13,862
31/10/2018;34,51165;4,1;13,364
01/11/2018;34,444;4,1;12,75
02/11/2018;34,34085;4,1;8,518
03/11/2018;34,25355;4,1;10,441
04/11/2018;34,2772;4,1;23,509
05/11/2018;34,30689;4,1;23,119
06/11/2018;34,28694;4,1;17,995
07/11/2018;34,23399;4,1;13,997
08/11/2018;34,30809;4,1;26,956
09/11/2018;34,32494;4,1;22,126
10/11/2018;34,33378;4,1;25,51
11/11/2018;34,31384;4,1;24,726
12/11/2018;34,36166;4,1;33,388
13/11/2018;34,37709;4,1;25,731
14/11/2018;34,37284;4,1;21,259
15/11/2018;34,31299;4,1;15,079
16/11/2018;34,24649;4,1;13,913
17/11/2018;34,19608;4,1;13,099
18/11/2018;34,14815;4,1;12,224
19/11/2018;34,45305;4,1;52,679
20/11/2018;34,61313;4,1;37,377
21/11/2018;34,66359;2,88;24,03
22/11/2018;34,60992;2,6;16,58
23/11/2018;34,83567;2,6;45,963
24/11/2018;35,0293;2,6;42,152
25/11/2018;35,24257;2,6;43,071
26/11/2018;35,44639;2,6;41,755
27/11/2018;35,5807;1,76;33,589
28/11/2018;35,75374;1,6;38,663
29/11/2018;35,93328;1,6;40,314
30/11/2018;35,9521;1,6;23,07
01/12/2018;36,80995;1,6;116,119
02/12/2018;37,48483;1,6;95,963
03/12/2018;37,89933;0,96;65,739
04/12/2018;38,1387;0,6;44,965
05/12/2018;38,24517;0,6;28,439
06/12/2018;38,30719;0,61;26,013
07/12/2018;38,36403;2,32;24,691
08/12/2018;38,37228;2,39;19,321
09/12/2018;38,33574;4,73;14,25
10/12/2018;38,23952;9,6;13,913
11/12/2018;38,14157;9,6;15,481
12/12/2018;38,0196;9,6;14,905
13/12/2018;37,87551;7,12;10,57
14/12/2018;37,80412;4,6;16,325
15/12/2018;37,67997;4,6;11,711
16/12/2018;37,57451;4,6;13,079
17/12/2018;37,51242;4,6;17,34
18/12/2018;37,71526;4,6;49,984
19/12/2018;38,09814;4,6;69,265
20/12/2018;38,32384;3,57;46,676
21/12/2018;38,4354;2,6;35,49
22/12/2018;38,36866;2,6;17,258
23/12/2018;38,45062;2,6;33,223
24/12/2018;38,59552;2,6;37,37
25/12/2018;38,94482;2,6;60,852
26/12/2018;39,17806;2,6;44,098
27/12/2018;39,23863;2,6;28,57
28/12/2018;39,31848;2,6;31,015
29/12/2018;39,39243;2,6;28,931
30/12/2018;39,46558;2,6;27,824
31/12/2018;39,4909;2,68;21,495
01/01/2019;39,46078;7,48;22,427
02/01/2019;39,48629;7,6;25,298
03/01/2019;39,42888;7,6;20,65
04/01/2019;39,42861;5,85;25,221
05/01/2019;39,99181;2,13;85,133
06/01/2019;40,51609;1,6;77,897
07/01/2019;40,86831;1,6;58,965
08/01/2019;41,08187;1,6;45,592
09/01/2019;41,35158;1,6;51,597
10/01/2019;41,36607;1,6;23,234
11/01/2019;41,39958;1,6;25,481
12/01/2019;41,4712;1,6;29,248
13/01/2019;41,48715;1,6;21,537
14/01/2019;41,49201;1,6;19,725
15/01/2019;41,4571;1,6;18,777
16/01/2019;41,41974;4,1;19,121
17/01/2019;41,598;4,1;45,412
18/01/2019;41,83929;6,1;54,395
19/01/2019;42,00255;4,66;43,742
20/01/2019;42,01263;3,1;24,695
21/01/2019;42,27493;3,1;51,314
22/01/2019;42,41773;3,1;39,603
23/01/2019;42,41881;3,1;24,268
24/01/2019;42,43204;3,1;24,639
25/01/2019;42,51083;3,1;31,873
26/01/2019;42,90876;2,58;65,38
27/01/2019;43,27429;1,6;61,317
28/01/2019;43,34581;1,6;28,858
29/01/2019;43,3486;1,6;23,235
30/01/2019;43,33053;1,6;20,971
31/01/2019;43,28879;1,6;16,788
01/02/2019;43,24974;1,73;16,275
02/02/2019;43,14255;7,6;16,369
03/02/2019;43,02132;7,6;15,315
04/02/2019;43,04525;7,6;28,184
05/02/2019;43,03982;7,66;25,766
06/02/2019;42,94691;9,6;21,654
07/02/2019;43,80631;6,91;124,823
08/02/2019;44,19479;3,98;68,593
09/02/2019;44,42204;3,1;48,379
10/02/2019;44,44288;3,1;25,472
11/02/2019;44,47572;3,1;25,309
12/02/2019;44,46526;3,1;21,943
13/02/2019;44,55164;3,1;33,641
14/02/2019;44,56855;3,1;24,539
15/02/2019;44,63013;3,1;29,658
16/02/2019;45,02436;3,1;66,414
17/02/2019;45,35918;1,44;56,554
18/02/2019;45,55141;1,1;41,312
19/02/2019;45,68267;1,1;37,81
20/02/2019;45,70659;1,1;25,724
21/02/2019;45,78395;1,1;29,101
22/02/2019;45,87315;1,1;30,337
23/02/2019;46,15986;1,1;52,59
24/02/2019;46,23121;1,1;28,145
25/02/2019;46,28893;1,1;27,662
26/02/2019;46,55519;1,1;51,785
27/02/2019;46,95209;1,1;63,724
28/02/2019;47,17292;1,1;46,183
01/03/2019;47,60579;1,1;67,851
02/03/2019;48,24883;1,1;93,925
03/03/2019;48,85039;1,1;93,105
04/03/2019;49,54013;1,1;95,452
05/03/2019;50,11074;1,1;84,303
06/03/2019;50,44898;1,1;57,311
07/03/2019;50,82354;1,1;63,28
08/03/2019;51,19077;1,1;62,375
09/03/2019;51,4926;1,1;55,855
10/03/2019;51,61617;1,1;35,831
11/03/2019;51,8041;1,1;42,079
12/03/2019;52,02843;1,1;46,52
13/03/2019;52,26148;1,1;46,666
14/03/2019;52,47063;1,1;45,554
15/03/2019;52,70614;1,1;48,35
16/03/2019;52,98913;1,1;53,546
17/03/2019;53,25885;1,1;52,181
18/03/2019;53,93441;1,1;96,159
19/03/2019;54,2167;1,1;53,895
20/03/2019;54,52952;1,1;56,365
21/03/2019;54,72289;1,1;42,519
22/03/2019;54,88117;1,1;36,713
23/03/2019;54,96598;1,1;30,848
24/03/2019;55,05693;1,1;31,459
25/03/2019;55,16275;1,11;32,874
26/03/2019;55,21529;2,6;28,597
27/03/2019;55,2446;2,62;25,697
28/03/2019;55,26125;4,1;25,796
29/03/2019;55,26464;4,1;24,349
30/03/2019;55,22922;4,1;20,743
31/03/2019;55,2331;4,1;23,977
01/04/2019;55,18362;4,1;17,516
02/04/2019;55,18354;4,1;24,553
03/04/2019;55,15433;4,1;20,382
04/04/2019;55,08365;4,14;16,84
05/04/2019;55,02986;5,1;19,723
06/04/2019;55,0165;5,1;22,4
07/04/2019;55,27279;5,1;52,585
08/04/2019;55,51418;4,19;49,043
09/04/2019;56,03727;3,6;81,056
10/04/2019;56,31351;2,83;50,81
11/04/2019;56,41358;2,6;34,268
12/04/2019;56,4806;2,48;30,867
13/04/2019;56,49882;2,68;25,8
14/04/2019;56,59641;4,6;36,075
15/04/2019;57,15111;3,41;81,737
16/04/2019;57,38452;3,1;49,514
17/04/2019;57,69342;3,1;58,204
18/04/2019;57,85706;3,1;41,736
19/04/2019;58,00715;3,1;40,182
20/04/2019;58,06361;3,1;27,727
21/04/2019;58,13634;3,13;30,173
22/04/2019;58,23243;4,6;31,601
23/04/2019;58,23553;4,62;23,831
24/04/2019;58,2113;7,6;23,532
25/04/2019;58,22217;7,6;27,753
26/04/2019;58,22666;7,6;27,957
27/04/2019;58,30669;6,0;34,829
28/04/2019;58,29102;4,6;23,383
29/04/2019;58,65188;4,6;64,931
30/04/2019;58,70644;3,6;28,189
01/05/2019;58,69804;3,1;20,462
02/05/2019;58,7219;3,1;24,217
03/05/2019;58,7281;3,1;23,042
04/05/2019;58,73329;3,16;23,584
05/05/2019;58,70474;5,1;20,785
06/05/2019;58,7367;5,1;26,486
07/05/2019;58,70791;5,1;19,919
08/05/2019;58,71706;5,1;23,531
09/05/2019;58,67774;5,1;18,807
10/05/2019;58,63734;5,1;19,254
11/05/2019;58,56315;5,1;16,784
12/05/2019;58,55631;5,1;23,782
13/05/2019;58,54066;5,1;22,139
14/05/2019;58,53293;5,1;25,007
15/05/2019;58,4892;5,1;21,304
16/05/2019;58,39435;5,16;16,952
17/05/2019;58,32496;6,6;18,509
18/05/2019;58,35323;6,6;29,54
19/05/2019;58,41033;6,6;32,596
20/05/2019;58,43462;6,6;28,72
21/05/2019;58,42268;4,14;23,647
22/05/2019;58,38645;3,6;21,29
23/05/2019;58,31022;3,6;17,588
24/05/2019;58,2486;3,6;20,251
25/05/2019;58,20399;3,64;20,487
26/05/2019;58,08086;6,1;13,595
27/05/2019;58,01016;6,1;17,238
28/05/2019;57,9467;6,1;22,962
29/05/2019;57,94657;6,12;28,241
30/05/2019;57,86996;7,1;23,076
31/05/2019;57,73754;7,1;12,172
01/06/2019;57,73233;7,1;26,322
02/06/2019;57,64577;7,1;14,641
03/06/2019;57,892;7,1;50,656
04/06/2019;58,09808;5,49;45,21
05/06/2019;58,10929;4,6;23,034
06/06/2019;58,08503;4,14;17,937
07/06/2019;57,94457;3,6;5,936
08/06/2019;57,97373;3,7;25,743
09/06/2019;57,91241;6,1;19,372
10/06/2019;57,86089;6,1;17,092
11/06/2019;57,79449;6,12;17,007
12/06/2019;57,70076;7,1;14,634
13/06/2019;57,64088;7,1;19,008
14/06/2019;57,55033;7,1;14,81
15/06/2019;57,4622;7,1;15,985
16/06/2019;57,3714;7,1;15,048
17/06/2019;57,28931;7,1;16,09
18/06/2019;57,15789;7,1;14,317
19/06/2019;57,1008;7,1;23,393
20/06/2019;56,95291;7,11;12,515
21/06/2019;56,81129;7,6;12,717
22/06/2019;56,66478;7,6;13,218
23/06/2019;56,51503;7,6;12,7
24/06/2019;56,37865;7,6;13,485
25/06/2019;56,22115;7,6;12,917
26/06/2019;56,05619;7,6;11,454
27/06/2019;55,89295;7,6;12,214
28/06/2019;55,72656;7,61;11,767
29/06/2019;55,57671;8,1;14,386
30/06/2019;55,42143;8,1;12,51
01/07/2019;55,27412;8,1;12,908
02/07/2019;55,12495;8,1;14,63
03/07/2019;54,94627;8,6;11,443
04/07/2019;54,7873;8,6;14,698
05/07/2019;55,60251;7,31;121,291
06/07/2019;56,09784;3,72;79,97
07/07/2019;56,1386;3,1;28,966
08/07/2019;56,07624;3,1;16,663
09/07/2019;56,04367;3,1;21,201
10/07/2019;55,92618;3,1;11,382
11/07/2019;55,87388;3,1;19,439
12/07/2019;55,7836;5,1;17,202
13/07/2019;55,66148;5,14;14,242
14/07/2019;55,52501;7,1;13,331
15/07/2019;55,39402;7,1;13,473
16/07/2019;55,42994;7,1;33,789
17/07/2019;55,35923;7,1;20,108
18/07/2019;55,26508;6,71;14,438
19/07/2019;55,15912;6,6;11,833
20/07/2019;55,0694;6,56;13,838
21/07/2019;54,96321;6,6;11,908
22/07/2019;54,87133;6,6;12,168
23/07/2019;54,76065;6,6;12,214
24/07/2019;54,64455;6,6;10,712
25/07/2019;54,55227;6,6;9,361
26/07/2019;54,43312;6,6;10,435
27/07/2019;54,33912;6,6;12,487
28/07/2019;54,23518;6,6;10,402
29/07/2019;54,13625;6,62;10,994
30/07/2019;54,03794;6,6;11,39
31/07/2019;53,99087;6,6;18,494
01/08/2019;53,8923;7,08;15,007
02/08/2019;53,77049;7,1;10,891
03/08/2019;53,7007;7,1;16,378
04/08/2019;53,65038;7,1;15,509
05/08/2019;53,56196;7,1;13,405
06/08/2019;53,45477;7,1;11,103
07/08/2019;53,35014;7,1;12,23
08/08/2019;53,24411;7,1;12,721
09/08/2019;53,12263;7,1;11,155
10/08/2019;53,00581;7,1;12,43
11/08/2019;52,86841;8,1;10,889
12/08/2019;52,74877;8,1;9,85
13/08/2019;52,6147;8,1;10,823
14/08/2019;52,51182;8,1;13,324
15/08/2019;52,40136;8,1;9,32
16/08/2019;52,27037;8,1;9,305
17/08/2019;52,13657;8,1;10,332
18/08/2019;51,99224;8,1;9,776
19/08/2019;51,8643;8,1;10,57
20/08/2019;51,79774;8,1;17,235
21/08/2019;51,689;8,1;12,678
22/08/2019;51,55166;8,1;10,542
23/08/2019;51,42417;8,1;11,658
24/08/2019;51,28429;8,1;9,47
25/08/2019;51,16494;8,1;11,688
26/08/2019;51,03449;8,1;9,715
27/08/2019;50,89163;8,12;10,361
28/08/2019;50,76058;9,1;12,306
29/08/2019;50,61052;9,1;8,226
30/08/2019;50,46375;9,1;10,451
31/08/2019;50,27869;9,11;6,902
01/09/2019;50,16515;9,6;15,104
02/09/2019;50,26208;9,6;36,611
03/09/2019;50,19723;8,8;16,567
04/09/2019;50,19863;8,1;22,099
05/09/2019;50,1339;7,58;11,947
06/09/2019;50,104;7,1;17,967
07/09/2019;50,00924;7,1;15,12
08/09/2019;50,00243;7,1;26,163
09/09/2019;49,89314;7,1;10,369
10/09/2019;49,75791;7,1;8,623
11/09/2019;49,62484;8,25;8,88
12/09/2019;49,49446;9,1;9,429
13/09/2019;49,36496;10,58;11,969
14/09/2019;49,27031;10,6;13,522
15/09/2019;49,22692;10,6;19,907
16/09/2019;49,09265;10,6;8,961
17/09/2019;48,91513;10,6;6,826
18/09/2019;48,73349;10,6;6,949
19/09/2019;48,56081;10,6;8,147
20/09/2019;48,41616;10,6;10,468
21/09/2019;48,27207;10,6;9,963
22/09/2019;48,18419;10,6;12,658
23/09/2019;48,06203;10,6;10,456
24/09/2019;47,92261;10,6;6,243
25/09/2019;47,75745;10,6;7,417
26/09/2019;47,60502;10,6;10,445
27/09/2019;47,49251;9,19;10,911
28/09/2019;47,35741;8,19;11,035
29/09/2019;47,19685;8,1;6,233
30/09/2019;47,04044;8,1;9,534
01/10/2019;46,87987;8,1;8,513
02/10/2019;46,71735;8,1;7,689
03/10/2019;46,54128;9,58;8,435
04/10/2019;46,3598;9,64;7,491
05/10/2019;46,15768;10,6;7,169
06/10/2019;45,95684;10,6;7,561
07/10/2019;45,80275;10,6;7,834
08/10/2019;45,6412;10,6;8,384
09/10/2019;45,52631;10,6;13,654
10/10/2019;45,4091;11,56;15,43
11/10/2019;45,26478;10,77;12,788
12/10/2019;45,10814;10,6;11,608
13/10/2019;44,92464;10,6;8,18
14/10/2019;44,73594;10,6;7,285
15/10/2019;44,53688;10,6;8,601
16/10/2019;44,35647;10,6;8,787
17/10/2019;44,16528;10,6;7,505
18/10/2019;43,96617;11,57;8,105
19/10/2019;43,73968;11,6;4,902
20/10/2019;43,50849;11,6;3,982
21/10/2019;43,32222;11,6;6,397
22/10/2019;43,12935;11,6;6,787
23/10/2019;42,91757;12,33;6,59
24/10/2019;42,70318;12,35;7,988
25/10/2019;42,49001;12,35;8,084
26/10/2019;42,27359;12,35;7,898
27/10/2019;42,09661;12,35;11,887
28/10/2019;41,90695;12,35;10,043
29/10/2019;41,71082;12,35;9,317
30/10/2019;41,49525;12,35;7,115
31/10/2019;41,27424;12,35;6,705
01/11/2019;41,06653;12,35;7,348
02/11/2019;40,845;12,35;5,606
03/11/2019;40,63479;12,35;7,13
04/11/2019;40,41759;12,35;5,645
05/11/2019;40,21019;12,35;8,356
06/11/2019;40,06224;12,35;13,759
07/11/2019;39,86699;11,5;6,888
08/11/2019;39,68452;11,1;7,542
09/11/2019;39,57473;11,1;16,286
10/11/2019;39,41587;8,98;8,337
11/11/2019;39,31758;6,7;12,679
12/11/2019;39,18505;6,1;9,802
13/11/2019;39,03757;6,1;8,021
14/11/2019;38,92294;6,1;12,128
15/11/2019;38,92215;6,1;24,493
16/11/2019;39,18914;5,44;50,724
17/11/2019;39,25559;4,6;29,84
18/11/2019;39,21613;4,6;15,772
19/11/2019;39,10457;4,6;11,145
20/11/2019;38,9783;4,6;8,868
21/11/2019;38,85264;6,56;10,662
22/11/2019;38,70584;6,6;9,36
23/11/2019;38,55007;9,05;12,118
24/11/2019;38,45644;9,1;16,119
25/11/2019;38,31816;9,1;9,855
26/11/2019;38,13156;10,59;7,505
27/11/2019;37,93575;11,6;8,403
28/11/2019;37,92996;11,6;29,325
29/11/2019;37,92498;11,6;27,181
30/11/2019;37,82762;9,72;16,813
01/12/2019;37,84629;8,1;28,532
02/12/2019;37,86617;8,1;27,829
03/12/2019;37,87375;4,28;22,606
04/12/2019;37,78448;3,1;10,193
05/12/2019;37,72629;3,1;13,721
06/12/2019;37,88048;3,1;38,381
07/12/2019;38,02796;1,87;36,733
08/12/2019;38,23784;1,6;43,735
09/12/2019;38,30766;1,77;27,038
10/12/2019;38,36407;1,6;26,493
11/12/2019;38,65626;1,6;52,3
12/12/2019;39,08529;1,6;67,403
13/12/2019;39,3227;1,6;47,878
14/12/2019;39,40757;1,23;29,355
15/12/2019;39,4737;0,85;26,125
16/12/2019;39,48329;0,85;18,92
17/12/2019;39,43695;0,92;14,92
18/12/2019;39,43376;2,85;21,911
19/12/2019;39,39811;4,3;17,46
20/12/2019;39,39631;4,6;21,933
21/12/2019;39,40138;4,6;24,179
22/12/2019;39,34647;4,6;15,957
23/12/2019;39,2966;4,6;15,349
24/12/2019;39,8092;4,02;78,072
25/12/2019;40,12921;2,6;56,419
26/12/2019;40,42154;2,6;52,482
27/12/2019;40,48631;2,6;26,99
28/12/2019;40,47422;2,6;19,322
29/12/2019;40,44793;3,58;17,724
30/12/2019;40,40322;4,58;15,687
31/12/2019;40,36486;4,6;16,933
01/01/2020;40,32252;6,56;18,542
02/01/2020;40,42376;6,6;33,246
03/01/2020;41,20585;5,03;107,958
04/01/2020;41,64387;2,32;65,832
05/01/2020;41,95189;2,1;54,049
06/01/2020;42,39118;2,1;67,789
07/01/2020;42,64035;1,71;49,791
08/01/2020;42,82544;1,6;41,475
09/01/2020;43,13825;1,6;55,075
10/01/2020;43,45769;1,27;55,054
11/01/2020;43,57471;0,85;32,858
12/01/2020;43,72355;0,85;35,791
13/01/2020;43,95946;0,85;44,562
14/01/2020;44,16486;0,85;41,298
15/01/2020;44,48106;0,94;54,287
16/01/2020;44,67909;3,35;44,556
17/01/2020;44,99291;3,35;57,392
18/01/2020;45,11399;5,27;34,668
19/01/2020;45,19662;5,35;31,36
20/01/2020;45,232;5,35;25,522
21/01/2020;45,22228;5,35;22,136
22/01/2020;45,20927;5,35;22,57
23/01/2020;45,21932;5,35;23,496
24/01/2020;45,34274;5,35;37,938
25/01/2020;45,38444;5,35;29,235
26/01/2020;45,37547;5,35;22,148
27/01/2020;45,38691;5,35;24,605
28/01/2020;45,33658;5,35;20,213
29/01/2020;45,46648;5,35;39,347
30/01/2020;45,47544;2,2;22,46
31/01/2020;45,6541;1,85;40,915
01/02/2020;45,75439;1,85;32,774
02/02/2020;46,11631;1,85;60,849
03/02/2020;46,48548;1,85;60,454
04/02/2020;47,01267;1,31;79,268
05/02/2020;47,86811;0,85;122,11
06/02/2020;48,36327;0,85;76,189
07/02/2020;48,91741;0,85;80,655
08/02/2020;49,25214;0,85;56,063
09/02/2020;49,4191;0,85;36,742
10/02/2020;49,86098;0,85;65,868
11/02/2020;51,22763;0,85;170,996
12/02/2020;51,90251;0,85;98,404
13/02/2020;52,5546;0,85;93,383
14/02/2020;53,03584;0,85;75,456
15/02/2020;53,142;0,85;33,553
16/02/2020;53,41211;0,85;51,513
17/02/2020;53,7558;0,85;59,268
18/02/2020;53,96297;0,85;45,097
19/02/2020;54,09614;0,85;35,71
20/02/2020;54,23131;2,34;38,639
21/02/2020;54,78235;2,35;84,782
22/02/2020;55,28561;1,15;76,999
23/02/2020;55,66847;0,85;59,886
24/02/2020;56,00073;0,85;54,738
25/02/2020;56,53175;0,85;79,194
26/02/2020;57,10125;0,85;83,05
27/02/2020;57,96796;0,85;116,535
28/02/2020;58,6839;0,85;100,212
29/02/2020;59,54537;0,85;117,682
01/03/2020;60,10234;0,85;83,03
02/03/2020;60,57242;0,85;71,925
03/03/2020;60,96012;0,85;63,45
04/03/2020;61,272;0,85;57,307
05/03/2020;61,50735;0,85;50,955
06/03/2020;61,62184;0,85;38,559
07/03/2020;61,76051;0,85;40,938
08/03/2020;61,85012;0,85;35,103
09/03/2020;61,96223;0,85;35,956
10/03/2020;62,06989;0,85;36,46
11/03/2020;62,13842;2,35;33,627
12/03/2020;62,1716;2,35;30,397
13/03/2020;62,20472;2,35;30,282
14/03/2020;62,2767;4,27;32,115
15/03/2020;62,33733;4,35;32,321
16/03/2020;62,624;4,35;57,819
17/03/2020;62,89927;4,35;56,5
18/03/2020;63,13828;4,35;51,634
19/03/2020;63,25681;4,35;39,587
20/03/2020;63,48864;3,7;52,644
21/03/2020;63,96418;3,35;82,061
22/03/2020;64,13723;3,35;45,936
23/03/2020;64,27682;3,35;43,383
24/03/2020;64,25193;3,35;25,773
25/03/2020;64,2433;3,35;26,704
26/03/2020;64,21941;3,35;24,795
27/03/2020;64,23031;3,38;28,424
28/03/2020;64,17155;4,85;21,74
29/03/2020;64,14634;4,85;25,538
30/03/2020;64,25905;4,85;39,401
31/03/2020;64,37678;4,85;42,092
01/04/2020;64,31758;4,85;22,485
02/04/2020;64,27821;4,85;23,995
03/04/2020;64,25791;4,85;26,934
04/04/2020;64,2592;4,85;27,491
05/04/2020;64,22779;4,85;23,558
06/04/2020;64,1596;4,85;19,084
07/04/2020;64,1325;4,85;25,415
08/04/2020;64,10351;4,85;22,869
09/04/2020;64,07059;6,32;23,743
10/04/2020;64,03249;6,35;24,63
11/04/2020;63,95194;6,35;18,891
12/04/2020;63,86932;6,35;19,471
13/04/2020;63,7376;6,35;13,085
14/04/2020;63,65219;6,35;19,316
15/04/2020;63,52961;6,35;14,614
16/04/2020;63,47335;6,35;22,382
17/04/2020;63,37159;5,75;17,352
18/04/2020;63,2608;5,35;15,623
19/04/2020;63,18706;5,35;19,883
20/04/2020;63,02267;5,35;9,731
21/04/2020;62,93176;5,35;17,832
22/04/2020;62,80402;6,84;14,526
23/04/2020;62,68814;6,85;16,628
24/04/2020;62,56739;6,85;16,011
25/04/2020;62,48282;6,85;20,615
26/04/2020;62,32894;6,85;13,44
27/04/2020;62,20318;6,85;15,941
28/04/2020;62,05642;6,85;15,183
29/04/2020;61,91515;6,85;14,526
30/04/2020;61,75959;6,85;12,992
01/05/2020;61,71785;6,57;18,93
02/05/2020;61,64145;6,83;14,516
03/05/2020;61,54962;6,85;11,65
04/05/2020;61,46835;6,85;12,952
05/05/2020;61,38154;6,85;11,513
06/05/2020;61,31229;6,85;14,261
07/05/2020;61,25075;6,85;15,593
08/05/2020;61,18949;7,67;16,019
09/05/2020;61,05578;8,35;10,557
10/05/2020;60,92307;8,35;11,168
11/05/2020;60,77996;8,35;8,304
12/05/2020;60,6769;8,35;14,652
13/05/2020;60,57222;8,35;13,935
14/05/2020;60,47027;8,35;13,581
15/05/2020;60,40776;8,35;17,769
16/05/2020;60,3021;8,36;11,406
17/05/2020;60,19049;9,09;16,008
18/05/2020;60,06835;9,1;11,981
19/05/2020;59,95292;9,1;13,439
20/05/2020;59,81044;10,1;11,584
21/05/2020;59,6716;10,1;11,765
22/05/2020;59,55327;10,1;14,513
23/05/2020;59,47428;10,1;18,555
24/05/2020;59,35796;10,1;11,04
25/05/2020;59,2496;10,1;10,517
26/05/2020;59,09977;10,1;7,968
27/05/2020;58,93215;9,71;7,818
28/05/2020;58,80691;9,1;11,191
29/05/2020;58,6841;9,1;11,608
30/05/2020;58,57227;9,2;12,531
31/05/2020;58,43849;9,1;9,161
01/06/2020;58,31915;9,1;11,511
02/06/2020;58,20099;9,1;12,16
03/06/2020;58,13116;9,1;16,103
04/06/2020;58,02162;9,1;13,703
05/06/2020;57,96159;9,1;19,315
06/06/2020;57,8737;9,1;17,147
07/06/2020;58,04501;9,1;45,158
08/06/2020;58,093;6,15;28,073
09/06/2020;58,07761;5,1;20,786
10/06/2020;58,08313;5,1;22,357
11/06/2020;58,05471;5,1;19,268
12/06/2020;57,96429;6,95;14,649
13/06/2020;57,83233;8,1;11,784
14/06/2020;57,74374;8,1;13,805
15/06/2020;57,67448;8,1;13,824
16/06/2020;57,5689;8,13;11,567
17/06/2020;57,44935;9,1;10,757
18/06/2020;57,33641;9,1;12,46
19/06/2020;57,19803;9,1;11,16
20/06/2020;57,04227;9,1;13,114
21/06/2020;56,92382;9,1;13,383
22/06/2020;56,77434;9,1;9,548
23/06/2020;56,71236;9,1;19,896
24/06/2020;56,57173;9,1;11,644
25/06/2020;56,42237;9,1;10,232
26/06/2020;56,30618;9,1;14,715
27/06/2020;56,27033;9,1;21,062
28/06/2020;56,41837;7,9;38,618
29/06/2020;56,36472;7,1;15,664
30/06/2020;56,3015;6,46;14,981
01/07/2020;56,20344;6,1;11,506
02/07/2020;56,13004;6,1;13,465
03/07/2020;56,03605;7,22;13,598
04/07/2020;55,9297;8,1;13,124
05/07/2020;55,82529;8,1;12,766
06/07/2020;55,71755;8,1;11,376
07/07/2020;55,5995;8,1;11,523
08/07/2020;55,47567;8,1;11,11
09/07/2020;55,34043;8,1;11,804
10/07/2020;55,21157;8,1;9,259
11/07/2020;55,10299;8,1;12,51
12/07/2020;54,98655;8,1;9,619
13/07/2020;54,8658;8,1;9,059
14/07/2020;54,75882;8,1;11,627
15/07/2020;54,63164;8,1;7,67
16/07/2020;54,51793;8,1;8,517
17/07/2020;54,41091;8,1;10,305
18/07/2020;54,28395;8,14;9,589
19/07/2020;54,13904;8,6;9,164
20/07/2020;54,01002;9,22;10,682
21/07/2020;53,85259;10,6;10,079
22/07/2020;53,71812;10,6;11,274
23/07/2020;53,56606;10,6;10,626
24/07/2020;53,38562;10,6;8,159
25/07/2020;53,21885;10,29;9,93
26/07/2020;53,05112;10,1;7,774
27/07/2020;52,90446;10,1;8,47
28/07/2020;52,74818;9,24;7,333
29/07/2020;52,59392;9,1;7,41
30/07/2020;52,45845;9,1;9,001
31/07/2020;52,34994;9,14;9,693
01/08/2020;52,23214;9,6;11,797
02/08/2020;52,07263;9,6;7,032
03/08/2020;51,9335;9,6;8,777
04/08/2020;51,75803;9,68;6,064
05/08/2020;51,56826;10,6;5,371
06/08/2020;51,38031;10,6;5,149
07/08/2020;51,19835;10,6;5,883
08/08/2020;51,02681;9,69;6,689
09/08/2020;50,86579;11,1;8,726
10/08/2020;50,68571;11,1;5,574
11/08/2020;50,47928;11,1;4,98
12/08/2020;50,27806;11,1;5,977
13/08/2020;50,07065;11,1;4,751
14/08/2020;49,88515;11,1;7,61
15/08/2020;49,69721;11,1;7,92
16/08/2020;49,54858;11,1;10,472
17/08/2020;49,42726;11,1;10,288
18/08/2020;49,3802;10,71;21,684
19/08/2020;49,32911;7,88;18,881
20/08/2020;49,21015;6,69;11,597
21/08/2020;49,12719;6,6;13,841
22/08/2020;49,10194;5,84;17,159
23/08/2020;49,04396;5,6;15,0
24/08/2020;48,94948;5,6;11,149
25/08/2020;48,82245;5,74;9,412
26/08/2020;48,67184;7,6;7,387
27/08/2020;48,54867;7,83;10,66
28/08/2020;48,37535;10,6;8,841
29/08/2020;48,22254;10,6;10,945
30/08/2020;48,03905;10,6;8,172
31/08/2020;47,89019;10,6;10,281
01/09/2020;47,72015;10,6;8,592
02/09/2020;47,52173;11,08;6,078
03/09/2020;47,31734;11,14;5,497
04/09/2020;47,11625;11,6;7,905
05/09/2020;46,90431;12,05;6,917
06/09/2020;46,69311;12,1;5,214
07/09/2020;46,48425;12,1;5,967
08/09/2020;46,29135;12,1;8,337
09/09/2020;46,06896;12,1;5,343
10/09/2020;45,84512;12,1;4,692
11/09/2020;45,6134;12,1;4,789
12/09/2020;45,37752;12,1;5,319
13/09/2020;45,12753;12,1;4,052
14/09/2020;44,89098;12,1;4,869
15/09/2020;44,65693;12,1;4,613
16/09/2020;44,41411;12,1;3,892
17/09/2020;44,16188;12,1;3,331
18/09/2020;43,90707;12,1;2,95
19/09/2020;43,66078;12,1;3,362
20/09/2020;43,41078;12,1;3,162
21/09/2020;43,1903;12,1;2,809
22/09/2020;43,04341;12,1;11,483
23/09/2020;42,87079;10,78;7,251
24/09/2020;42,69155;10,1;8,04
25/09/2020;42,47014;9,76;3,402
26/09/2020;42,26934;9,68;5,357
27/09/2020;42,078;10,6;7,411
28/09/2020;41,88046;10,6;6,343
29/09/2020;41,66885;10,68;4,692
30/09/2020;41,45205;11,64;5,33
01/10/2020;41,218;12,1;5,035
02/10/2020;40,97899;12,1;4,656
03/10/2020;40,7229;12,1;4,149
04/10/2020;40,48524;12,1;4,823
05/10/2020;40,2702;12,1;4,052
06/10/2020;40,04236;12,1;5,026
07/10/2020;39,80235;12,1;3,97
08/10/2020;39,5576;12,1;4,092
09/10/2020;39,36506;13,06;9,421
10/10/2020;39,29787;13,1;20,55
11/10/2020;39,09122;12,41;7,364
12/10/2020;38,8724;13,07;5,912
13/10/2020;38,635;13,1;4,745
14/10/2020;38,39528;13,1;5,447
15/10/2020;38,15009;13,1;6,168
16/10/2020;37,95922;12,59;9,979
17/10/2020;37,73597;11,78;3,874
18/10/2020;37,52741;11,6;4,569
19/10/2020;37,31292;11,6;4,025
20/10/2020;37,14917;11,6;11,296
21/10/2020;37,00283;11,6;13,003
22/10/2020;36,82336;11,6;9,301
23/10/2020;36,60662;11,19;5,734
24/10/2020;36,40945;11,1;7,281
25/10/2020;36,21281;11,1;9,097
26/10/2020;36,07131;11,1;13,223
27/10/2020;35,83911;11,1;4,407
28/10/2020;35,61252;11,1;5,282
29/10/2020;35,39332;11,1;5,453
30/10/2020;35,24082;11,1;14,698
31/10/2020;35,09668;10,8;12,979
01/11/2020;34,88991;10,6;5,821
02/11/2020;34,70141;10,6;8,793
03/11/2020;34,45343;10,6;4,098
04/11/2020;34,23906;10,6;7,574
05/11/2020;34,07845;10,6;13,049
06/11/2020;33,84467;10,6;4,892
07/11/2020;33,6079;10,72;5,4
08/11/2020;33,32722;12,1;2,282
09/11/2020;33,09227;12,2;6,554
10/11/2020;32,89579;12,1;12,444
11/11/2020;32,65512;10,72;5,148
12/11/2020;32,59513;9,97;24,393
13/11/2020;32,54236;7,724;21,99
14/11/2020;32,49623;5,76;19,152
15/11/2020;32,37337;5,68;11,644
16/11/2020;32,2669;6,6;15,313
17/11/2020;32,1542;6,6;16,08
18/11/2020;32,36218;6,6;50,595
19/11/2020;33,0088;5,7;96,708
20/11/2020;33,30051;4,44;54,128
21/11/2020;33,39878;4,35;33,292
22/11/2020;33,36109;4,35;19,818
23/11/2020;33,31034;4,35;17,7
24/11/2020;33,2086;4,68;12,105
25/11/2020;33,0231;8,62;7,23
26/11/2020;32,82821;11,26;8,984
27/11/2020;32,67809;13,1;16,204
28/11/2020;32,48918;13,1;12,24
29/11/2020;32,24648;13,1;7,454
30/11/2020;32,08204;13,1;16,073
01/12/2020;31,96505;13,1;22,304
02/12/2020;31,86057;9,13;20,656
03/12/2020;31,71296;8,6;15,243
04/12/2020;31,56504;8,6;16,184
05/12/2020;31,37797;11,97;14,859
06/12/2020;31,30735;12,1;27,095
07/12/2020;31,4391;12,1;47,592
08/12/2020;31,92419;10,19;88,248
09/12/2020;32,25633;4,04;64,68
10/12/2020;32,44415;3,6;48,85
11/12/2020;32,49346;3,6;33,689
12/12/2020;32,51559;3,6;30,12
13/12/2020;32,68233;3,6;45,175
14/12/2020;32,90755;4,56;52,095
15/12/2020;33,05716;3,74;43,282
16/12/2020;33,37995;3,6;64,001
17/12/2020;33,78128;3,6;71,927
18/12/2020;34,07253;3,6;59,876
19/12/2020;34,27436;5,52;51,519
20/12/2020;34,44962;5,6;49,212
21/12/2020;34,5306;7,52;39,68
22/12/2020;34,66254;8,56;46,973
23/12/2020;34,84834;8,6;52,058
24/12/2020;34,94446;8,6;42,674
25/12/2020;34,92582;8,6;29,446
26/12/2020;34,89745;8,6;26,3
27/12/2020;35,02253;10,52;45,074
28/12/2020;35,34255;8,88;65,668
29/12/2020;35,59337;5,9;56,852
30/12/2020;35,98691;2,974;69,897
31/12/2020;36,1569;2,1;44,949
01/01/2021;36,22707;1,82;32,264
02/01/2021;36,36458;1,6;32,006
03/01/2021;36,4392;4,49;25,53
04/01/2021;36,65483;4,6;41,637
05/01/2021;36,77229;4,6;32,903
06/01/2021;36,79122;4,6;21,97
07/01/2021;36,95826;4,6;40,038
08/01/2021;37,09176;4,6;36,234
09/01/2021;37,28669;4,6;41,485
10/01/2021;37,47857;4,6;39,813
11/01/2021;38,15003;4,6;93,758
12/01/2021;38,61807;2,92;71,298
13/01/2021;38,93246;1,68;51,934
14/01/2021;39,518;1,6;82,901
15/01/2021;40,08849;1,6;77,6
16/01/2021;40,87625;1,6;104,738
17/01/2021;41,31472;1,6;66,34
18/01/2021;41,61047;1,6;49,198
19/01/2021;41,79617;1,6;38,06
20/01/2021;41,96388;1,6;35,376
21/01/2021;42,07115;1,6;29,292
22/01/2021;42,13627;1,6;23,42
23/01/2021;42,17827;4,48;24,249
24/01/2021;42,23534;7,01;27,386
25/01/2021;42,35269;7,1;33,583
26/01/2021;42,41226;7,1;27,482
27/01/2021;42,51892;5,76;31,958
28/01/2021;42,54533;5,6;23,925
29/01/2021;42,59447;3,86;23,737
30/01/2021;42,60941;3,6;18,224
31/01/2021;42,58615;3,6;16,568
01/02/2021;42,65376;5,53;28,275
02/02/2021;42,75383;8,0;34,995
03/02/2021;42,85535;8,1;39,593
04/02/2021;42,931;8,1;31,63
05/02/2021;43,06112;8,1;38,284
06/02/2021;44,06895;6,13;135,332
07/02/2021;44,56998;4,6;73,107
08/02/2021;44,80045;4,6;43,659
09/02/2021;44,81211;4,6;18,704
10/02/2021;44,84974;4,6;22,973
11/02/2021;45,15753;4,6;53,439
12/02/2021;45,40109;3,6;44,831
13/02/2021;45,92434;3,1;75,007
14/02/2021;46,45147;3,1;74,676
15/02/2021;46,71309;3,1;46,287
16/02/2021;46,92816;3,1;39,567
17/02/2021;47,11715;3,1;38,461
18/02/2021;47,32141;2,55;38,25
19/02/2021;47,56389;2,7;40,781
20/02/2021;47,66873;4,85;30,837
21/02/2021;47,7393;5,55;27,424
22/02/2021;47,84853;8,1;32,276
23/02/2021;47,87137;8,93;24,405
24/02/2021;47,846;9,6;17,296
25/02/2021;47,85762;9,6;23,235
26/02/2021;47,98297;9,6;34,853
27/02/2021;48,21929;7,92;46,677
28/02/2021;48,31486;7,6;29,518
01/03/2021;48,48831;7,6;38,904
02/03/2021;48,58366;5,51;30,971
03/03/2021;48,57676;5,1;19,024
04/03/2021;48,60385;5,1;23,939
05/03/2021;48,65407;5,1;22,902
06/03/2021;48,86837;5,1;43,354
07/03/2021;49,32114;5,1;67,169
08/03/2021;49,98787;2,14;87,145
09/03/2021;50,49993;1,6;71,023
10/03/2021;50,77308;1,6;42,166
11/03/2021;50,88299;1,6;27,032
12/03/2021;51,10329;1,6;39,601
13/03/2021;51,20937;1,6;26,639
14/03/2021;51,31533;1,6;26,983
15/03/2021;51,49269;6,07;39,186
16/03/2021;51,60305;5,6;31,583
17/03/2021;51,67236;5,6;26,914
18/03/2021;51,93611;5,6;49,116
19/03/2021;52,15255;2,95;41,732
20/03/2021;52,32927;2,6;32,452
21/03/2021;52,45999;2,6;30,945
22/03/2021;52,52183;2,6;23,093
23/03/2021;52,56557;2,6;20,809
24/03/2021;52,56732;3,66;16,053
25/03/2021;52,55919;5,6;17,174
26/03/2021;52,62699;6,2;27,825
27/03/2021;52,60749;9,1;21,59
28/03/2021;52,56285;9,1;18,088
29/03/2021;52,73873;9,1;42,557
30/03/2021;52,77511;9,1;27,055
31/03/2021;52,8288;9,1;28,127
01/04/2021;52,81874;9,1;20,656
02/04/2021;52,74771;9,14;14,673
03/04/2021;52,7367;9,6;19,623
04/04/2021;52,6723;9,6;12,575
05/04/2021;52,5952;9,6;11,478
06/04/2021;52,54979;9,6;16,197
07/04/2021;52,51507;9,6;18,655
08/04/2021;52,49899;9,6;18,314
09/04/2021;52,39276;9,6;11,052
10/04/2021;52,34064;9,6;17,23
11/04/2021;52,24345;9,6;11,502
12/04/2021;52,14593;9,6;12,657
13/04/2021;52,08194;9,76;15,683
14/04/2021;51,99644;11,6;14,399
15/04/2021;51,8786;11,6;7,659
16/04/2021;51,7605;11,6;10,991
17/04/2021;51,65255;11,6;12,45
18/04/2021;51,54937;11,6;13,835
19/04/2021;51,65214;10,99;32,724
20/04/2021;51,6721;10,6;23,636
21/04/2021;51,57875;10,6;14,109
22/04/2021;51,53437;10,6;15,127
23/04/2021;51,43317;10,6;12,535
24/04/2021;51,33414;10,6;9,786
25/04/2021;51,2421;10,6;14,042
26/04/2021;51,17088;10,6;14,436
27/04/2021;51,05812;10,6;10,642
28/04/2021;51,02974;10,6;18,901
29/04/2021;50,94193;10,6;14,435
30/04/2021;50,81311;10,6;8,904
01/05/2021;50,73212;10,6;15,03
02/05/2021;50,60824;10,6;9,999
03/05/2021;50,507;10,73;12,258
04/05/2021;50,32834;12,1;5,342
05/05/2021;50,18024;12,1;8,708
06/05/2021;50,08438;11,69;15,156
07/05/2021;49,91461;11,6;5,694
08/05/2021;49,78071;11,6;9,297
09/05/2021;49,64055;11,6;9,649
10/05/2021;49,51487;11,6;9,033
11/05/2021;49,36665;11,6;6,658
12/05/2021;49,25474;11,6;12,833
13/05/2021;49,30907;11,6;31,328
14/05/2021;49,26158;7,51;13,725
15/05/2021;49,21954;7,1;13,851
16/05/2021;49,1076;7,1;6,743
17/05/2021;49,00081;7,1;9,074
18/05/2021;48,98352;7,1;15,222
19/05/2021;48,9113;7,1;11,425
20/05/2021;48,83096;7,73;12,917
21/05/2021;48,74063;9,1;10,306
22/05/2021;48,61752;9,27;9,024
23/05/2021;48,54389;11,1;16,597
24/05/2021;48,4325;11,1;8,586
25/05/2021;48,36498;11,1;13,389
26/05/2021;48,27728;11,1;14,582
27/05/2021;48,14359;11,1;9,74
28/05/2021;47,99539;11,1;7,842
29/05/2021;47,85054;11,1;8,267
30/05/2021;47,73677;11,1;12,291
31/05/2021;47,6868;11,1;18,601
01/06/2021;47,59859;11,1;13,548
02/06/2021;47,49245;10,39;10,768
03/06/2021;47,37086;10,1;10,527
04/06/2021;47,24006;10,1;9,268
05/06/2021;47,11641;9,71;9,924
06/06/2021;46,98845;10,1;9,616
07/06/2021;46,84436;10,1;8,686
08/06/2021;46,72996;10,1;10,487
09/06/2021;46,69957;10,1;20,27
10/06/2021;46,60514;10,1;11,083
11/06/2021;46,71411;10,1;36,071
12/06/2021;46,68141;10,1;19,956
13/06/2021;46,58702;10,1;10,759
14/06/2021;46,46494;10,1;9,687
15/06/2021;46,36971;10,1;10,683
16/06/2021;46,24959;10,1;9,212
17/06/2021;46,15498;10,1;13,201
18/06/2021;46,02014;10,14;5,233
19/06/2021;45,88521;10,6;9,44
20/06/2021;45,82747;10,6;15,519
21/06/2021;45,67815;10,6;6,23
22/06/2021;45,64385;10,43;19,692
23/06/2021;45,6674;9,65;25,847
24/06/2021;45,56266;9,35;7,684
25/06/2021;45,49385;9,35;15,796
26/06/2021;45,36702;9,35;8,511
27/06/2021;45,27393;9,35;13,001
28/06/2021;45,17475;9,35;8,513
29/06/2021;45,04138;9,35;7,777
30/06/2021;44,97763;9,41;14,658
01/07/2021;44,86967;10,1;7,711
02/07/2021;44,742;10,1;5,743
03/07/2021;44,61384;10,16;5,115
04/07/2021;44,50374;10,85;8,246
05/07/2021;44,37827;10,85;10,135
06/07/2021;44,24818;10,85;6,784
07/07/2021;44,1524;10,85;12,019
08/07/2021;44,06016;10,85;10,128
09/07/2021;43,89778;10,85;6,149
10/07/2021;43,77492;10,85;9,832
11/07/2021;43,64498;10,85;10,238
12/07/2021;43,54116;10,85;9,63
13/07/2021;43,39049;10,85;4,24
14/07/2021;43,22976;10,85;6,647
15/07/2021;43,15331;10,85;12,589
16/07/2021;43,0144;10,87;8,703
17/07/2021;42,8816;11,1;6,967
18/07/2021;42,75873;11,1;11,084
19/07/2021;42,65495;11,1;8,64
20/07/2021;42,50491;11,1;7,507
21/07/2021;42,39652;11,1;10,155
22/07/2021;42,2764;11,1;7,119
23/07/2021;42,14417;11,1;8,634
24/07/2021;42,01427;11,1;6,991
25/07/2021;41,85236;11,1;6,508
26/07/2021;41,7386;11,1;7,732
27/07/2021;41,61951;11,1;7,659
28/07/2021;41,55954;11,1;17,114
29/07/2021;41,69334;10,44;36,3
30/07/2021;41,63619;9,68;13,461
31/07/2021;41,53949;9,6;10,107
01/08/2021;41,41687;9,6;9,648
02/08/2021;41,28088;9,6;9,036
03/08/2021;41,13585;9,64;9,832
04/08/2021;40,99476;10,39;10,282
05/08/2021;40,81961;9,97;6,379
06/08/2021;40,67215;10,1;8,915
07/08/2021;40,52514;10,1;9,75
08/08/2021;40,39488;10,1;11,455
09/08/2021;40,24963;10,1;9,126
10/08/2021;40,08563;10,1;8,574
11/08/2021;39,94949;10,1;9,832
12/08/2021;39,8294;10,25;9,97
13/08/2021;39,70164;10,85;9,722
14/08/2021;39,58339;10,85;8,911
15/08/2021;39,478;10,85;10,159
16/08/2021;39,34988;10,85;9,489
17/08/2021;39,17813;10,85;5,314
18/08/2021;39,00182;10,85;5,304
19/08/2021;38,8377;10,85;7,949
20/08/2021;38,69699;10,85;10,475
21/08/2021;38,51182;10,87;5,313
22/08/2021;38,3459;11,1;7,036
23/08/2021;38,2119;11,1;8,964
24/08/2021;38,05384;11,1;7,759
25/08/2021;37,86278;11,1;5,348
26/08/2021;37,65275;11,1;3,559
27/08/2021;37,50657;11,6;9,645
28/08/2021;37,37221;11,6;9,38
29/08/2021;37,4069;11,6;29,168
30/08/2021;37,25411;11,6;5,532
31/08/2021;37,11583;11,0;8,501
01/09/2021;36,9701;10,85;9,659
02/09/2021;36,79747;10,85;6,041
03/09/2021;36,57039;10,85;6,144
04/09/2021;36,33859;10,85;7,295
05/09/2021;36,12231;10,85;8,33
06/09/2021;35,89502;10,85;6,249
07/09/2021;35,68034;10,91;8,697
08/09/2021;35,46994;11,6;9,793
09/09/2021;35,2438;11,6;9,597
10/09/2021;35,0702;11,6;15,157
11/09/2021;34,88346;12,1;13,717
12/09/2021;34,68032;12,6;12,172
13/09/2021;34,42849;12,1;6,004
14/09/2021;34,14763;11,62;3,153
15/09/2021;33,91406;11,42;8,441
16/09/2021;33,72017;11,35;11,046
17/09/2021;33,52008;11,35;10,071
18/09/2021;33,27163;11,12;5,794
19/09/2021;33,06068;11,14;9,949
20/09/2021;32,84589;11,6;7,775
21/09/2021;32,61608;11,6;7,7
22/09/2021;32,37494;11,64;5,353
23/09/2021;32,17622;12,1;10,301
24/09/2021;31,93384;12,16;6,271
25/09/2021;31,65779;12,85;4,568
26/09/2021;31,41826;12,85;7,64
27/09/2021;31,1899;12,85;7,547
28/09/2021;30,93373;12,85;5,382
29/09/2021;30,6504;12,85;3,212
30/09/2021;30,38166;12,85;4,494
01/10/2021;30,10781;12,85;3,927
02/10/2021;29,876;12,85;7,091
03/10/2021;29,66491;12,85;9,203
04/10/2021;29,64413;11,16;30,303
05/10/2021;29,51943;9,85;18,086
06/10/2021;29,34473;8,49;11,582
07/10/2021;29,1933;7,85;14,496
08/10/2021;29,04613;7,85;12,218
09/10/2021;28,88832;7,85;12,33
10/10/2021;28,77688;8,07;15,522
11/10/2021;28,68933;10,6;19,3
12/10/2021;28,64603;10,6;26,774
13/10/2021;28,55685;10,6;22,067
14/10/2021;28,37473;10,38;10,955
15/10/2021;28,20276;10,35;13,734
16/10/2021;28,2155;10,35;31,754
17/10/2021;28,17708;8,25;19,714
18/10/2021;28,11941;8,1;15,24
19/10/2021;28,26145;7,2;38,38
20/10/2021;28,24473;6,22;26,348
21/10/2021;28,23201;6,1;27,455
22/10/2021;28,1453;6,1;21,156
23/10/2021;28,00386;6,16;15,736
24/10/2021;27,99215;9,59;33,289
25/10/2021;27,98041;9,6;30,33
26/10/2021;27,86751;8,55;20,945
27/10/2021;27,83773;8,1;30,177
28/10/2021;27,80641;6,41;27,452
29/10/2021;27,97673;4,81;48,117
30/10/2021;28,02372;4,6;36,646
31/10/2021;28,08732;4,6;29,722
01/11/2021;28,2443;4,6;38,063
02/11/2021;28,44777;4,6;42,68
03/11/2021;28,50689;4,6;27,565
04/11/2021;28,48368;4,77;20,719
05/11/2021;28,40744;6,73;16,937
06/11/2021;28,29804;9,34;15,321
07/11/2021;28,16931;10,6;12,504
08/11/2021;28,02047;10,85;10,176
09/11/2021;27,84286;12,13;7,648
10/11/2021;27,65732;12,18;8,024
11/11/2021;27,46427;13,1;9,259
12/11/2021;27,31451;13,1;13,728
13/11/2021;27,14242;13,1;11,434
14/11/2021;26,93646;13,1;6,513
15/11/2021;26,74924;13,1;8,459
16/11/2021;26,57225;12,32;9,825
17/11/2021;26,38639;12,1;10,336
18/11/2021;26,17674;12,01;5,892
19/11/2021;26,25626;11,47;38,559
20/11/2021;26,58646;7,76;62,116
21/11/2021;26,66469;6,1;32,617
22/11/2021;26,68827;6,1;25,831
23/11/2021;26,65302;6,48;19,594
24/11/2021;26,51496;10,6;14,5
25/11/2021;26,38355;10,64;13,097
26/11/2021;26,23502;11,6;12,475
27/11/2021;26,13696;11,6;18,443
28/11/2021;25,99297;11,6;14,25
29/11/2021;25,84835;11,6;10,753
30/11/2021;25,99617;11,6;46,354
01/12/2021;25,95659;11,6;24,11
02/12/2021;25,87019;11,6;18,564
03/12/2021;25,7985;10,07;17,873
04/12/2021;25,64277;9,93;13,317
05/12/2021;25,44562;9,85;4,69
06/12/2021;25,28408;9,85;8,203
07/12/2021;25,19488;9,85;17,897
08/12/2021;25,10044;9,98;14,145
09/12/2021;25,02825;11,35;16,667
10/12/2021;24,87982;11,35;7,157
11/12/2021;24,73826;11,39;9,398
12/12/2021;24,58615;11,85;11,685
13/12/2021;24,45633;11,85;11,257
14/12/2021;24,40732;11,85;20,303
15/12/2021;24,39911;11,85;25,154
16/12/2021;24,33814;11,85;19,112
17/12/2021;24,74166;7,81;68,397
18/12/2021;25,17455;3,09;62,933
19/12/2021;25,30663;2,35;31,15
20/12/2021;25,43333;2,35;31,251
21/12/2021;25,46727;2,56;18,985
22/12/2021;25,40942;8,28;16,347
23/12/2021;25,32404;8,53;13,568
24/12/2021;25,23224;10,6;14,044
25/12/2021;25,13355;10,6;14,533
26/12/2021;25,01634;10,6;10,329
27/12/2021;24,87553;10,7;11,767
28/12/2021;24,82367;11,85;28,676
29/12/2021;24,83779;9,15;29,798
30/12/2021;24,84;6,44;25,564
31/12/2021;24,89897;5,6;31,623
01/01/2022;25,04658;3,79;38,531
02/01/2022;25,27445;2,07;42,503
03/01/2022;25,43698;1,6;35,386
04/01/2022;25,51451;1,6;29,042
05/01/2022;25,66071;1,6;37,767
06/01/2022;26,07204;1,6;66,477
07/01/2022;26,74181;1,6;96,273
08/01/2022;27,13057;1,6;66,202
09/01/2022;27,46407;1,6;57,09
10/01/2022;27,80149;1,6;60,416
11/01/2022;28,06705;1,6;50,012
12/01/2022;28,40306;1,6;59,977
13/01/2022;28,81241;1,6;69,081
14/01/2022;29,18419;6,5;69,057
15/01/2022;29,48877;6,6;60,018
16/01/2022;29,57054;6,6;37,912
17/01/2022;29,73332;6,6;42,252
18/01/2022;29,89646;6,6;42,019
19/01/2022;29,97975;5,21;36,239
20/01/2022;30,05842;2,6;29,531
21/01/2022;30,19339;2,6;36,199
22/01/2022;30,23084;3,02;24,328
23/01/2022;30,16432;7,6;22,309
24/01/2022;30,15345;7,6;22,801
25/01/2022;30,18284;7,6;29,159
26/01/2022;30,32822;7,6;42,318
27/01/2022;30,40619;7,6;38,817
28/01/2022;30,66782;7,6;55,426
29/01/2022;31,15766;7,6;84,139
30/01/2022;32,2804;4,39;148,41
31/01/2022;33,56746;1,99;168,701
01/02/2022;34,5055;1,6;138,453
02/02/2022;35,19776;1,6;109,169
03/02/2022;36,11978;1,6;135,72
04/02/2022;36,89666;1,6;114,692
05/02/2022;37,57742;1,6;95,152
06/02/2022;38,28158;1,6;103,301
07/02/2022;39,33445;1,6;137,75
08/02/2022;40,42102;1,6;143,358
09/02/2022;41,01996;1,6;87,0
10/02/2022;41,48523;1,6;73,775
11/02/2022;41,79949;1,6;58,545
12/02/2022;42,03271;1,68;47,433
13/02/2022;42,17919;4,52;40,498
14/02/2022;42,37133;4,6;45,079
15/02/2022;42,53468;6,01;45,442
16/02/2022;42,56134;8,6;33,197
17/02/2022;42,63517;8,6;35,696
18/02/2022;42,71955;8,6;37,688
19/02/2022;42,77929;8,6;34,69
20/02/2022;42,87069;8,6;37,387
21/02/2022;42,91904;8,6;35,423
22/02/2022;42,9256;8,6;27,381
23/02/2022;42,81727;8,6;17,475
24/02/2022;42,80981;8,6;28,759
25/02/2022;42,83116;8,05;31,642
26/02/2022;42,90004;7,6;35,94
27/02/2022;42,96849;7,6;36,739
28/02/2022;42,97114;7,68;26,928
01/03/2022;43,00141;8,6;30,535
02/03/2022;43,05364;8,6;36,118
03/03/2022;43,03515;8,6;24,439
04/03/2022;42,95439;8,6;21,959
05/03/2022;43,12479;8,6;49,176
06/03/2022;43,08621;8,6;25,695
07/03/2022;43,08653;8,6;28,808
08/03/2022;43,06311;8,6;27,726
09/03/2022;43,04873;8,6;26,158
10/03/2022;43,02582;6,34;26,602
11/03/2022;43,04718;6,1;29,901
12/03/2022;43,09015;5,16;29,912
13/03/2022;43,36634;4,6;55,064
14/03/2022;43,64319;4,6;57,341
15/03/2022;44,03568;3,36;65,83
16/03/2022;44,3962;2,6;63,068
17/03/2022;44,77879;1,95;63,638
18/03/2022;44,91116;1,6;38,588
19/03/2022;45,03543;1,6;35,893
20/03/2022;45,13395;1,6;34,384
21/03/2022;45,2828;1,6;37,318
22/03/2022;45,30323;2,09;23,456
23/03/2022;45,28379;7,6;25,134
24/03/2022;45,25758;7,6;26,016
25/03/2022;45,20556;7,6;21,294
26/03/2022;45,16748;7,6;25,105
27/03/2022;45,37824;7,6;51,828
28/03/2022;45,35493;7,6;25,832
29/03/2022;45,30274;7,6;20,629
30/03/2022;45,30125;7,6;28,204
31/03/2022;45,25431;7,6;23,165
01/04/2022;45,25903;7,6;29,448
02/04/2022;45,27683;7,6;28,676
03/04/2022;45,25372;7,6;23,557
04/04/2022;45,30341;7,6;34,826
05/04/2022;45,26728;7,6;23,564
06/04/2022;45,28134;7,6;30,204
07/04/2022;45,32158;7,68;30,747
08/04/2022;45,28059;8,6;24,018
09/04/2022;45,34713;8,6;34,457
10/04/2022;45,35095;8,6;30,65
11/04/2022;45,29966;8,6;21,721
12/04/2022;45,22809;8,6;21,419
13/04/2022;45,18157;8,6;24,66
14/04/2022;45,14673;8,6;22,69
15/04/2022;45,03647;8,68;17,159
16/04/2022;44,95684;9,6;22,545
17/04/2022;44,87332;9,6;17,84
18/04/2022;44,79232;9,65;20,036
19/04/2022;44,75113;10,6;16,413
20/04/2022;44,6778;10,6;16,39
21/04/2022;44,6188;10,6;18,482
22/04/2022;44,55414;10,6;17,319
23/04/2022;44,49965;10,6;18,575
24/04/2022;44,42825;10,6;15,847
25/04/2022;44,3577;10,6;17,207
26/04/2022;44,28472;10,6;17,377
27/04/2022;44,21979;10,6;18,895
28/04/2022;44,1454;10,72;16,202
29/04/2022;44,05752;12,1;16,282
30/04/2022;44,02897;12,1;22,065
01/05/2022;43,96056;12,1;18,103
02/05/2022;43,91229;12,1;18,283
03/05/2022;43,83323;12,1;19,276
04/05/2022;43,76604;11,9;18,098
05/05/2022;43,80576;12,1;30,089
06/05/2022;43,8174;12,1;26,36
07/05/2022;43,78194;12,1;21,095
08/05/2022;43,71877;12,1;18,936
09/05/2022;43,63065;12,1;13,937
10/05/2022;43,51592;12,1;11,753
11/05/2022;43,38285;12,1;10,644
12/05/2022;43,33064;12,1;20,209
13/05/2022;43,25982;12,1;17,629
14/05/2022;43,18208;12,1;17,162
15/05/2022;43,10475;12,1;16,918
16/05/2022;43,092;12,1;24,54
17/05/2022;42,99527;12,1;13,511
18/05/2022;42,85707;12,1;10,13
19/05/2022;42,75983;12,1;12,58
20/05/2022;42,62725;12,1;11,077
21/05/2022;42,50359;12,1;11,277
22/05/2022;42,41958;12,1;18,316
23/05/2022;42,31395;12,1;14,6
24/05/2022;42,18812;12,1;13,762
25/05/2022;42,0604;12,1;13,354
26/05/2022;41,92909;12,1;13,31
27/05/2022;41,81731;12,1;15,022
28/05/2022;41,72446;12,1;16,7
29/05/2022;41,62711;12,1;14,362
30/05/2022;41,49771;12,1;10,426
31/05/2022;41,61218;12,1;38,343
01/06/2022;41,66213;11,1;30,575
02/06/2022;41,7293;8,86;28,647
03/06/2022;41,68862;7,427;16,435
04/06/2022;41,6669;7,1;18,077
05/06/2022;41,60482;7,1;12,739
06/06/2022;41,56584;7,1;16,367
07/06/2022;41,50675;7,35;12,352
08/06/2022;41,48932;10,1;21,099
09/06/2022;41,40075;10,1;13,765
10/06/2022;41,44604;10,1;26,407
11/06/2022;41,44576;10,1;22,222
12/06/2022;41,37551;10,1;15,918
13/06/2022;41,30043;10,1;12,934
14/06/2022;41,20283;10,1;11,679
15/06/2022;41,12885;9,713;14,696
16/06/2022;41,02105;9,6;10,35
17/06/2022;40,94112;9,6;14,28
18/06/2022;40,83351;9,6;10,257
19/06/2022;40,80383;9,6;19,256
20/06/2022;40,7372;9,6;14,059
21/06/2022;40,67823;9,6;15,944
22/06/2022;40,60767;9,68;15,197
23/06/2022;40,514;10,6;14,466
24/06/2022;40,37632;10,704;10,483
25/06/2022;40,25762;10,75;12,493
26/06/2022;40,15855;11,6;13,23
27/06/2022;40,05388;11,6;10,96
28/06/2022;39,95397;11,6;13,001
29/06/2022;39,84664;11,35;12,701
30/06/2022;39,74891;11,6;14,263
01/07/2022;39,62655;11,6;12,51
02/07/2022;39,50892;11,6;11,914
03/07/2022;39,39891;11,6;13,372
04/07/2022;39,31466;11,6;15,22
05/07/2022;39,18358;11,6;11,432
06/07/2022;39,07866;11,62;13,58
07/07/2022;38,95827;11,85;11,641
08/07/2022;38,84867;11,85;12,147
09/07/2022;38,726;11,85;10,49
10/07/2022;38,61141;11,85;9,206
11/07/2022;38,49587;11,85;8,007
12/07/2022;38,38608;11,85;10,765
13/07/2022;38,26751;11,85;9,709
14/07/2022;38,16317;11,85;9,921
15/07/2022;38,03214;11,85;8,53
16/07/2022;37,90871;11,85;9,75
17/07/2022;37,78283;11,85;7,987
18/07/2022;37,68874;11,85;11,372
19/07/2022;37,58881;11,85;11,44
20/07/2022;37,48287;11,85;11,707
21/07/2022;37,38564;11,85;12,175
22/07/2022;37,27922;11,85;11,673
23/07/2022;37,16082;11,85;10,815
24/07/2022;37,04226;11,85;8,939
25/07/2022;36,93228;11,85;8,845
26/07/2022;36,79574;11,89;7,957
27/07/2022;36,6892;12,35;12,088
28/07/2022;36,56799;12,35;10,212
29/07/2022;36,44761;12,35;10,944
30/07/2022;36,36506;12,35;13,019
31/07/2022;36,2688;12,35;11,495
01/08/2022;36,16356;12,35;9,965
02/08/2022;36,06821;12,35;12,043
03/08/2022;35,91422;12,35;6,695
04/08/2022;35,76303;12,35;6,598
05/08/2022;35,62312;12,35;9,76
06/08/2022;35,50108;12,35;11,106
07/08/2022;35,36636;12,35;7,433
08/08/2022;35,3466;12,35;18,464
09/08/2022;35,25853;11,2;11,511
10/08/2022;35,34341;11,2;31,265
11/08/2022;35,3908;9,02;25,002
12/08/2022;35,35667;8,6;16,022
13/08/2022;35,28876;8,6;14,548
14/08/2022;35,16526;8,6;8,274
15/08/2022;35,09136;8,6;10,889
16/08/2022;35,01094;8,8;12,186
17/08/2022;34,90693;11,1;11,017
18/08/2022;34,7941;11,1;10,454
19/08/2022;34,65173;11,2;7,167
20/08/2022;34,51067;12,35;8,07
21/08/2022;34,48644;12,35;12,425
22/08/2022;34,33142;12,35;8,545
23/08/2022;34,2;12,35;9,064
24/08/2022;34,07483;12,35;10,421
25/08/2022;33,93951;12,35;9,776
26/08/2022;33,77766;12,35;7,324
27/08/2022;33,64012;12,35;10,095
28/08/2022;33,47474;12,35;7,234
29/08/2022;33,34104;12,35;8,949
30/08/2022;33,20907;12,35;8,526
31/08/2022;33,05799;12,35;6,434
01/09/2022;32,89291;12,35;6,587
02/09/2022;32,74297;12,35;7,981
03/09/2022;32,5731;13,15;8,113
04/09/2022;32,53807;12,7;21,129
05/09/2022;32,39431;12,35;5,602
06/09/2022;32,26105;12,35;8,473
07/09/2022;32,12471;12,35;8,822
08/09/2022;32,00905;11,21;9,176
09/09/2022;31,843;11,1;6,335
10/09/2022;31,67346;11,1;6,859
11/09/2022;31,54521;11,1;9,91
12/09/2022;31,44225;11,1;8,761
13/09/2022;31,33347;11,12;9,729
14/09/2022;31,2102;11,35;9,993
15/09/2022;31,14179;11,35;13,284
16/09/2022;31,07201;10,71;11,869
17/09/2022;30,97528;10,6;10,889
18/09/2022;30,85946;10,6;8,553
19/09/2022;30,76244;10,6;11,132
20/09/2022;30,68367;10,6;13,836
21/09/2022;30,57979;10,6;11,215
22/09/2022;30,53495;10,6;16,841
23/09/2022;30,45994;9,68;12,55
24/09/2022;30,3421;9,6;9,075
25/09/2022;30,22449;9,6;7,722
26/09/2022;30,15371;9,6;11,009
27/09/2022;30,4061;9,02;46,918
28/09/2022;30,83125;8,48;67,628
29/09/2022;31,66547;4,32;109,197
30/09/2022;32,06936;3,85;59,638
01/10/2022;32,36351;3,194;47,287
02/10/2022;32,52816;2,35;33,841
03/10/2022;32,63747;2,35;25,691
04/10/2022;32,6561;2,35;17,101
05/10/2022;32,67885;2,84;16,85
06/10/2022;32,60244;8,69;12,461
07/10/2022;32,6921;10,35;33,009
08/10/2022;32,67222;10,35;20,606
09/10/2022;32,67661;10,35;22,282
10/10/2022;32,73799;10,35;28,157
11/10/2022;32,79821;8,63;25,927
12/10/2022;32,7444;8,35;15,038
13/10/2022;32,77381;8,35;23,469
14/10/2022;32,77919;8,35;22,208
15/10/2022;32,73375;8,35;16,177
16/10/2022;32,67214;8,35;12,052
17/10/2022;32,60221;8,35;10,965
18/10/2022;32,48304;8,39;9,37
19/10/2022;32,42467;8,85;15,634
20/10/2022;32,41819;8,85;21,632
21/10/2022;32,48706;8,85;32,539
22/10/2022;32,43102;8,47;17,738
23/10/2022;32,40324;8,35;21,607
24/10/2022;32,31052;8,35;12,478
25/10/2022;32,1979;8,35;9,981
26/10/2022;32,05982;8,35;6,911
27/10/2022;31,95083;8,47;11,125
28/10/2022;31,81386;9,85;11,011
29/10/2022;31,69315;9,85;13,51
30/10/2022;31,73354;9,85;32,482
31/10/2022;31,75701;8,03;26,007
01/11/2022;32,17347;5,28;66,63
02/11/2022;32,28431;3,56;29,724
03/11/2022;32,3509;3,35;21,911
04/11/2022;32,47074;3,35;29,922
05/11/2022;32,44566;3,64;15,707
06/11/2022;32,37158;6,85;13,876
07/11/2022;32,3503;6,85;18,222
08/11/2022;32,24565;9,46;13,314
09/11/2022;32,10444;10,85;11,425
10/11/2022;32,0206;10,85;17,461
11/11/2022;31,86851;10,85;8,849
12/11/2022;31,88043;10,85;28,452
13/11/2022;31,80068;9,12;14,317
14/11/2022;31,79892;8,85;21,197
15/11/2022;31,92945;8,85;36,235
16/11/2022;31,92551;8,85;21,953
17/11/2022;31,84426;8,85;13,682
18/11/2022;31,75988;8,85;12,91
19/11/2022;31,63939;8,85;9,048
20/11/2022;31,53503;8,85;9,805
21/11/2022;31,50496;8,85;16,517
22/11/2022;31,40928;8,85;10,404
23/11/2022;31,39544;8,85;19,369
24/11/2022;31,99693;7,06;89,196
25/11/2022;32,34858;3,4;57,047
26/11/2022;32,47653;2,45;29,825
27/11/2022;32,54753;2,35;23,358
28/11/2022;32,63236;2,35;23,471
29/11/2022;32,93754;2,35;49,076
30/11/2022;33,12127;1,93;33,518
01/12/2022;33,38991;1,35;43,045
02/12/2022;33,44108;1,35;22,267
03/12/2022;33,4483;1,35;15,691
04/12/2022;33,57895;1,35;28,723
05/12/2022;33,82416;1,35;41,808
06/12/2022;34,20992;1,35;57,564
07/12/2022;35,08685;1,35;112,331
08/12/2022;35,90765;1,35;109,7
09/12/2022;36,47965;1,35;81,556
10/12/2022;36,81606;1,35;53,313
11/12/2022;36,98288;1,35;32,396
12/12/2022;37,10944;1,35;28,06
13/12/2022;37,22439;1,35;27,866
14/12/2022;37,96629;1,35;98,311
15/12/2022;38,16621;1,35;38,492
16/12/2022;38,27487;1,35;28,182
17/12/2022;38,38455;1,35;28,164
18/12/2022;38,45247;0,93;21,983
19/12/2022;38,52253;0,85;21,219
20/12/2022;38,59119;0,85;20,106
21/12/2022;38,62893;1,14;16,708
22/12/2022;38,75198;4,35;31,016
23/12/2022;38,83133;4,35;26,237
24/12/2022;39,02521;4,6;40,035
25/12/2022;39,18344;7,35;40,769
26/12/2022;39,29501;7,35;36,414
27/12/2022;39,50247;3,72;47,459
28/12/2022;39,84373;1,17;60,422
29/12/2022;40,67359;0,85;114,401
30/12/2022;41,50754;0,85;115,444
31/12/2022;42,22964;0,85;104,118
01/01/2023;42,79015;0,85;86,009
02/01/2023;43,26595;0,85;73,689
03/01/2023;43,5485;0,85;55,678
04/01/2023;43,70238;0,85;42,092
05/01/2023;44,59426;0,85;125,01
06/01/2023;45,26238;0,85;100,226
07/01/2023;45,60274;0,85;61,696
08/01/2023;45,94322;0,85;61,138
09/01/2023;46,30901;0,85;64,581
10/01/2023;46,68847;0,85;68,875
11/01/2023;47,03231;0,85;64,167
12/01/2023;47,29464;0,85;56,181
13/01/2023;47,65506;0,85;65,808
14/01/2023;48,03908;0,85;67,189
15/01/2023;48,27223;0,85;49,81
16/01/2023;48,49743;0,85;50,054
17/01/2023;48,87048;0,85;66,689
18/01/2023;49,04979;0,85;44,334
19/01/2023;49,52161;0,85;78,635
20/01/2023;49,82266;0,85;58,112
21/01/2023;50,12761;0,85;56,977
22/01/2023;50,34509;0,85;47,564
23/01/2023;50,48963;0,85;39,481
24/01/2023;50,89216;0,85;68,82
25/01/2023;51,05218;0,85;42,654
26/01/2023;51,08997;0,85;30,324
27/01/2023;51,08946;0,85;25,955
28/01/2023;51,04929;0,85;20,202
29/01/2023;51,38719;0,85;62,707
30/01/2023;51,66571;0,85;55,552
31/01/2023;51,90564;0,85;52,233
01/02/2023;52,46634;0,85;88,219
02/02/2023;53,60346;0,8;153,233
03/02/2023;54,74294;0,6;154,951
04/02/2023;55,9775;0,6;166,385
05/02/2023;56,66187;0,6;103,247
06/02/2023;57,03801;0,6;67,885
07/02/2023;57,4751;0,6;73,513
08/02/2023;57,94145;0,6;75,544
09/02/2023;58,17238;0,6;51,655
10/02/2023;58,46215;0,6;57,523
11/02/2023;59,49185;0,6;142,049
12/02/2023;60,61588;0,6;151,98
13/02/2023;61,52846;0,6;126,781
14/02/2023;62,02506;0,6;79,886
15/02/2023;62,40504;0,6;67,985
16/02/2023;62,72569;0,6;61,209
17/02/2023;63,33262;0,6;91,969
18/02/2023;63,89173;0,6;87,343
19/02/2023;64,68898;0,6;108,831
20/02/2023;65,58033;0,6;121,871
21/02/2023;66,11475;0,6;82,422
22/02/2023;66,77726;0,6;96,177
23/02/2023;67,21575;0,6;72,892
24/02/2023;67,81416;0,6;92,866
25/02/2023;68,34933;0,6;85,876
26/02/2023;68,63555;0,6;57,003
27/02/2023;68,89817;0,6;53,868
28/02/2023;69,10881;0,6;48,479
01/03/2023;69,95369;0,6;123,415
02/03/2023;70,35633;0,6;71,951
03/03/2023;70,83343;0,6;79,698
04/03/2023;71,20715;0,6;67,267
05/03/2023;71,8635;0,6;98,406
06/03/2023;72,45341;0,6;91,484
07/03/2023;73,25008;0,6;114,547
08/03/2023;73,79981;0,6;86,761
09/03/2023;74,47224;0,6;100,19
10/03/2023;74,87735;0,6;70,377
11/03/2023;75,56062;0,6;102,112
12/03/2023;76,33751;0,6;112,557
13/03/2023;77,06677;0,6;104,881
14/03/2023;77,86886;0,6;114,948
15/03/2023;78,532;0,6;100,011
16/03/2023;78,93525;0,6;70,378
17/03/2023;79,2047;0,6;55,546
18/03/2023;79,42613;0,6;50,176
19/03/2023;79,59552;0,7;44,923
20/03/2023;79,7527;0,6;42,003
21/03/2023;80,25308;0,6;82,104
22/03/2023;80,46861;0,6;49,173
23/03/2023;80,59862;0,68;39,751
24/03/2023;80,70555;1,85;38,811
25/03/2023;80,82106;1,85;41,724
26/03/2023;80,86934;1,85;32,685
27/03/2023;81,01303;1,85;42,724
28/03/2023;81,12945;1,85;40,154
29/03/2023;81,19925;1,85;35,616
30/03/2023;81,39378;1,85;49,587
31/03/2023;81,55298;1,85;45,753
01/04/2023;81,62833;1,85;36,053
02/04/2023;81,76859;1,85;42,915
03/04/2023;81,83475;1,85;32,054
04/04/2023;81,90709;1,85;34,121
05/04/2023;81,94987;2,02;31,72
06/04/2023;81,94184;3,85;28,519
07/04/2023;82,01207;3,85;37,232
08/04/2023;82,23633;3,85;51,062
09/04/2023;82,40964;3,85;47,248
10/04/2023;82,53003;3,85;41,695
11/04/2023;82,5633;3,85;33,333
12/04/2023;82,60808;3,85;34,197
13/04/2023;82,70071;3,85;39,221
14/04/2023;82,75336;3,85;36,082
15/04/2023;83,02341;3,85;59,33
16/04/2023;83,13925;3,85;40,617
17/04/2023;83,18143;3,85;32,654
18/04/2023;83,42412;3,85;57,429
19/04/2023;84,47869;1,58;143,958
20/04/2023;85,00791;0,85;87,159
21/04/2023;85,25342;0,85;55,382
22/04/2023;85,32688;0,85;36,599
23/04/2023;85,4315;0,85;38,609
24/04/2023;85,47669;0,85;32,51
25/04/2023;85,47781;0,85;28,894
26/04/2023;85,49415;1,1;30,833
27/04/2023;85,51417;3,85;34,486
28/04/2023;85,65311;3,85;47,069
29/04/2023;85,70914;3,85;36,218
30/04/2023;85,70309;3,85;28,838
01/05/2023;85,73343;3,85;31,523
02/05/2023;85,7856;3,85;34,313
03/05/2023;85,83542;3,85;33,273
04/05/2023;85,88886;3,85;34,597
05/05/2023;85,90546;3,85;32,644
06/05/2023;85,88491;3,85;28,719
07/05/2023;85,85982;3,85;29,67
08/05/2023;85,80878;3,85;25,094
09/05/2023;85,83493;3,85;32,475
10/05/2023;85,80605;3,85;26,072
11/05/2023;85,78503;3,88;25,119
12/05/2023;85,74988;5,35;27,279
13/05/2023;85,70717;5,35;25,355
14/05/2023;85,59351;5,35;18,542
15/05/2023;85,55723;5,35;25,513
16/05/2023;85,50127;5,35;24,144
17/05/2023;85,43263;5,35;23,252
18/05/2023;85,33717;5,35;20,283
19/05/2023;85,22705;5,35;17,079
20/05/2023;85,17127;5,35;24,457
21/05/2023;85,06156;5,4;18,039
22/05/2023;84,99048;7,85;23,599
23/05/2023;84,92201;7,85;24,679
24/05/2023;84,83645;7,85;23,177
25/05/2023;84,69783;7,85;17,503
26/05/2023;84,61398;7,85;24,341
27/05/2023;84,46451;7,85;17,092
28/05/2023;84,39634;7,85;25,334
29/05/2023;84,34911;7,85;25,431
30/05/2023;84,25349;7,85;21,472
31/05/2023;84,32119;7,85;39,368
01/06/2023;84,60521;7,85;62,957
02/06/2023;84,75726;6,24;47,856
03/06/2023;84,72558;4,85;25,76
04/06/2023;84,67972;4,85;25,455
05/06/2023;84,65063;4,85;25,527
06/06/2023;84,59012;4,85;23,245
07/06/2023;84,56648;4,85;26,121
08/06/2023;84,45883;5,1;18,055
09/06/2023;84,40525;7,85;25,771
10/06/2023;84,27096;7,85;17,541
11/06/2023;84,1587;7,85;20,025
12/06/2023;84,07569;7,85;22,669
13/06/2023;84,01445;7,85;26,666
14/06/2023;83,96345;7,85;26,745
15/06/2023;84,0739;7,85;44,483
16/06/2023;84,28444;5,91;54,189
17/06/2023;84,32654;5,14;34,34
18/06/2023;84,30659;4,85;27,613
19/06/2023;84,28206;4,85;27,691
20/06/2023;84,23339;4,85;25,511
21/06/2023;84,19453;4,85;25,849
22/06/2023;84,08178;4,97;19,274
23/06/2023;83,95441;7,85;20,25
24/06/2023;83,85339;7,85;22,467
25/06/2023;83,72809;7,85;18,726
26/06/2023;83,6772;7,85;25,778
27/06/2023;83,55083;7,85;17,316
28/06/2023;83,47638;7,85;22,284
29/06/2023;83,39098;7,85;21,708
30/06/2023;83,25383;7,85;15,611
01/07/2023;83,17682;7,85;22,428
02/07/2023;83,06189;7,85;18,698
03/07/2023;82,9398;7,85;16,378
04/07/2023;82,80573;7,85;16,886
05/07/2023;82,66771;7,85;16,368
06/07/2023;82,53956;7,86;17,799
07/07/2023;82,39245;8,1;16,516
08/07/2023;82,25927;8,18;19,198
09/07/2023;82,13786;9,1;20,517
10/07/2023;82,0828;9,1;24,808
11/07/2023;82,0081;9,1;23,263
12/07/2023;81,86937;9,1;18,664
13/07/2023;81,74751;9,1;21,161
14/07/2023;81,52973;9,1;9,31
15/07/2023;81,33701;9,1;13,37
16/07/2023;81,16576;9,1;14,414
17/07/2023;81,01493;9,1;16,013
18/07/2023;80,90099;8,82;20,814
19/07/2023;80,74294;8,85;14,815
20/07/2023;80,61496;8,85;18,143
21/07/2023;80,45705;8,85;14,799
22/07/2023;80,30594;8,85;16,716
23/07/2023;80,11824;8,85;11,852
24/07/2023;79,96974;8,85;15,046
25/07/2023;79,78313;8,85;11,71
26/07/2023;79,61778;8,85;15,242
27/07/2023;79,47461;8,85;18,404
28/07/2023;79,30555;8,85;14,234
29/07/2023;79,21391;8,85;22,907
30/07/2023;79,01538;8,85;9,795
31/07/2023;78,8718;8,85;15,049
01/08/2023;78,69492;8,85;13,671
02/08/2023;78,5262;8,85;14,559
03/08/2023;78,34183;8,85;13,833
04/08/2023;78,15032;8,85;12,939
05/08/2023;77,9472;8,85;12,047
06/08/2023;77,76339;8,85;12,859
07/08/2023;77,58042;8,85;11,878
08/08/2023;77,411;8,91;15,98
09/08/2023;77,18753;9,6;8,988
10/08/2023;76,97586;9,6;10,342
11/08/2023;76,72534;9,6;7,753
12/08/2023;76,51428;9,6;13,355
13/08/2023;76,30476;9,6;12,593
14/08/2023;76,1491;9,6;15,571
15/08/2023;75,97444;9,6;15,687
16/08/2023;75,75858;9,6;14,605
17/08/2023;75,54297;9,6;14,04
18/08/2023;75,35905;9,6;15,591
19/08/2023;75,13226;9,6;11,212
20/08/2023;74,90592;9,6;9,607
21/08/2023;74,67681;9,6;9,331
22/08/2023;74,46384;9,6;13,28
23/08/2023;74,23899;9,6;11,203
24/08/2023;74,01346;9,6;12,499
25/08/2023;73,82083;9,6;14,937
26/08/2023;73,645;9,6;15,476
27/08/2023;73,58106;9,6;25,964
28/08/2023;73,47346;9,6;20,847
29/08/2023;73,3334;9,6;19,254
30/08/2023;73,11249;9,6;12,28
31/08/2023;72,90134;9,6;13,002
01/09/2023;72,70448;9,26;13,969
02/09/2023;72,495;9,6;13,4
03/09/2023;72,57265;9,6;44,404
04/09/2023;72,5422;9,6;31,484
05/09/2023;72,45097;7,66;25,377
06/09/2023;72,36801;7,35;22,763
07/09/2023;72,17129;7,35;10,176
08/09/2023;71,93603;7,35;6,275
09/09/2023;71,68999;7,35;5,326
10/09/2023;71,47256;7,35;8,086
11/09/2023;71,29236;7,35;13,669
12/09/2023;71,08704;7,74;12,555
13/09/2023;70,83022;9,85;10,118
14/09/2023;70,58212;9,97;10,349
15/09/2023;70,46461;10,26;21,379
16/09/2023;70,2619;9,51;12,209
17/09/2023;70,01507;11,35;9,068
18/09/2023;69,78242;11,35;11,131
19/09/2023;69,49404;11,35;5,764
20/09/2023;69,23538;11,35;10,218
21/09/2023;68,95937;11,35;6,949
22/09/2023;68,70305;11,39;9,383
23/09/2023;68,42887;11,85;8,927
24/09/2023;68,144;11,85;7,08
25/09/2023;67,8812;11,85;10,343
26/09/2023;67,63296;11,91;12,932
27/09/2023;67,37926;12,6;12,471
28/09/2023;67,44423;12,6;47,45
29/09/2023;67,43986;12,6;36,688
30/09/2023;67,43463;9,56;34,973
01/10/2023;67,52568;9,35;45,859
02/10/2023;67,84808;9,35;69,993
03/10/2023;67,92208;4,83;38,677
04/10/2023;67,91305;4,1;29,742
05/10/2023;68,04088;3,13;43,15
06/10/2023;68,25251;2,85;52,442
07/10/2023;68,23986;2,85;29,537
08/10/2023;68,85315;2,85;97,58
09/10/2023;69,93201;2,85;147,809
10/10/2023;70,66329;1,14;110,246
11/10/2023;71,04891;0,85;69,373
12/10/2023;71,13379;0,85;37,288
13/10/2023;71,59536;0,85;79,299
14/10/2023;71,921;0,85;62,679
15/10/2023;72,06982;0,85;42,558
16/10/2023;72,14049;0,85;35,366
17/10/2023;72,41931;7,4;64,782
18/10/2023;72,75744;2,39;66,684
19/10/2023;72,872;1,35;40,079
20/10/2023;72,94904;1,35;33,57
21/10/2023;72,96032;1,35;28,015
22/10/2023;72,96566;1,35;26,062
23/10/2023;72,8478;6,18;18,478
24/10/2023;72,76375;8,35;26,552
25/10/2023;72,54492;8,35;11,543
26/10/2023;72,45605;8,35;24,301
27/10/2023;72,37908;8,35;23,841
28/10/2023;72,47242;8,35;45,444
29/10/2023;72,55312;8,35;44,593
30/10/2023;72,88489;8,35;69,865
31/10/2023;72,86487;5,59;31,181
01/11/2023;73,58551;5,35;114,327
02/11/2023;73,91029;5,35;68,785
03/11/2023;73,999;5,35;42,958
04/11/2023;74,36389;5,35;70,064
05/11/2023;74,52345;5,35;50,345
06/11/2023;74,53184;5,35;33,552
07/11/2023;74,48804;5,35;29,037
08/11/2023;74,3529;5,35;19,173
09/11/2023;74,2619;5,59;25,251
10/11/2023;74,10832;8,35;20,151
11/11/2023;74,06493;9,79;34,965
12/11/2023;73,89977;10,85;22,562
13/11/2023;73,7172;10,85;19,793
14/11/2023;73,5239;10,85;18,616
15/11/2023;73,31219;10,85;15,263
16/11/2023;73,13426;10,85;17,065
17/11/2023;72,98153;10,85;20,33
18/11/2023;72,79516;8,56;15,542
19/11/2023;72,72963;8,35;27,396
20/11/2023;72,78298;8,35;37,503
21/11/2023;72,74425;6,11;26,998
22/11/2023;72,62557;5,85;20,44
23/11/2023;72,59747;5,85;30,607
24/11/2023;72,61108;5,85;33,783
25/11/2023;72,63282;5,85;34,169
26/11/2023;72,56649;5,85;21,99
27/11/2023;72,41351;5,85;13,663
28/11/2023;72,91428;5,3;88,221
29/11/2023;73,33832;4,85;78,956
30/11/2023;73,93362;4,85;99,965
01/12/2023;74,12665;4,85;54,89
02/12/2023;74,22202;4,85;44,545
03/12/2023;74,14312;4,85;24,042
04/12/2023;74,12933;4,85;31,485
05/12/2023;74,12922;4,85;34,556
06/12/2023;74,13038;3,09;32,644
07/12/2023;74,15484;1,35;33,865
08/12/2023;74,23063;1,35;39,864
09/12/2023;74,18624;1,35;25,768
10/12/2023;74,13796;1,35;21,925
11/12/2023;74,17113;1,35;31,237
12/12/2023;74,16933;1,35;29,175
13/12/2023;74,11394;1,35;22,333
14/12/2023;74,0272;1,35;20,681
15/12/2023;73,90094;3,1;19,871
16/12/2023;73,73173;6,39;18,021
17/12/2023;73,58169;9,35;22,75
18/12/2023;73,40778;11,04;21,331
19/12/2023;73,23839;10,16;20,528
20/12/2023;73,04652;9,35;13,974
21/12/2023;72,82105;9,35;12,259
22/12/2023;72,59262;9,35;12,269
23/12/2023;72,589;8,12;36,81
24/12/2023;72,48305;6,85;22,926
25/12/2023;72,4174;6,85;28,238
26/12/2023;72,27737;6,85;17,018
27/12/2023;72,18452;6,85;24,091
28/12/2023;72,06991;6,85;20,914
29/12/2023;71,97895;8,02;25,675
30/12/2023;71,78161;8,85;13,881
31/12/2023;71,61265;8,85;13,651
01/01/2024;71,39608;8,85;10,918
02/01/2024;71,19055;8,85;9,059
03/01/2024;71,00909;8,85;15,655
04/01/2024;71,14376;7,22;49,862
05/01/2024;71,14046;4,35;30,923
06/01/2024;70,99447;6,95;18,148
07/01/2024;70,78574;8,85;11,747
08/01/2024;70,56101;8,85;10,731
09/01/2024;70,39395;8,85;17,599
10/01/2024;70,24876;8,85;21,139
11/01/2024;70,10859;8,85;21,324
12/01/2024;69,92994;8,85;17,167
13/01/2024;70,17522;7,7;62,767
14/01/2024;70,08887;6,85;23,61
15/01/2024;70,12573;6,85;39,454
16/01/2024;70,06701;6,85;29,709
17/01/2024;69,99759;6,85;28,826
18/01/2024;69,87927;6,85;23,371
19/01/2024;69,89726;6,85;38,475
20/01/2024;70,5038;6,1;104,126
21/01/2024;70,91308;5,1;79,81
22/01/2024;71,29803;5,1;76,326
23/01/2024;71,44755;4,01;49,216
24/01/2024;72,20596;3,1;113,341
25/01/2024;72,51279;3,1;66,373
26/01/2024;72,78556;3,1;61,114
27/01/2024;72,8809;3,1;41,361
28/01/2024;73,06082;3,1;51,327
29/01/2024;73,39273;3,1;68,54
30/01/2024;73,44748;3,1;39,714
31/01/2024;73,4906;3,1;38,683
01/02/2024;73,6595;3,1;50,234
02/02/2024;73,72856;3,1;40,029
03/02/2024;73,9787;3,1;59,339
04/02/2024;73,9815;3,1;32,599
05/02/2024;74,06036;3,1;39,604
06/02/2024;74,09707;3,1;37,081
07/02/2024;74,08519;3,1;32,041
08/02/2024;74,07667;3,1;32,327
09/02/2024;73,98506;3,81;23,158
10/02/2024;73,84239;4,85;18,915
11/02/2024;73,77276;4,85;25,409
12/02/2024;73,66383;4,85;19,514
13/02/2024;73,59348;4,85;25,47
14/02/2024;73,62937;4,85;37,497
15/02/2024;73,83106;3,99;53,733
16/02/2024;73,98946;3,1;47,919
17/02/2024;74,05396;3,1;38,396
18/02/2024;74,12603;3,1;39,491
19/02/2024;74,21043;3,1;39,655
20/02/2024;74,27135;3,1;39,763
21/02/2024;74,52996;3,1;60,666
22/02/2024;75,06578;3,1;92,121
23/02/2024;75,26748;1,55;54,074
24/02/2024;75,62207;0,85;70,942
25/02/2024;75,94102;0,85;65,4
26/02/2024;76,03382;0,85;41,629
27/02/2024;76,04115;0,85;31,565
28/02/2024;76,09103;0,85;36,736
29/02/2024;76,06072;0,85;27,687
01/03/2024;76,06178;0,85;31,093
02/03/2024;76,07445;0,85;32,793
03/03/2024;76,06589;0,85;30,19
04/03/2024;76,03969;0,85;28,651
05/03/2024;75,97738;5,23;29,603
06/03/2024;76,22515;6,26;62,93
07/03/2024;76,29159;3,85;42,228
08/03/2024;76,3966;3,85;43,791
09/03/2024;76,81721;3,85;80,701
10/03/2024;77,00436;2,61;52,451
11/03/2024;77,12728;1,6;43,103
12/03/2024;77,16282;1,6;34,899
13/03/2024;77,08364;1,6;22,171
14/03/2024;77,0395;1,6;26,777
15/03/2024;76,99445;1,6;26,56
16/03/2024;76,87531;1,64;18,686
17/03/2024;76,78712;4,79;25,57
18/03/2024;76,72141;4,85;26,658
19/03/2024;76,74465;4,85;37,138
20/03/2024;76,69928;4,85;29,589
21/03/2024;76,69037;4,85;34,609
22/03/2024;76,67076;4,85;33,166
23/03/2024;76,7424;3,11;38,588
24/03/2024;76,93176;2,85;50,935
25/03/2024;77,05641;2,85;43,835
26/03/2024;77,16883;2,85;45,177
27/03/2024;77,13547;2,85;28,814
28/03/2024;77,22207;2,85;41,066
29/03/2024;77,57214;2,85;70,851
30/03/2024;77,80568;2,85;58,536
31/03/2024;77,97728;2,85;51,596
01/04/2024;78,07452;2,85;42,371
02/04/2024;78,11537;2,85;37,212
03/04/2024;78,10725;3,91;32,922
04/04/2024;78,03102;4,35;25,948
05/04/2024;77,9906;4,5;30,214
06/04/2024;77,84245;8,85;22,697
07/04/2024;77,68376;8,85;20,802
08/04/2024;77,59143;8,85;27,31
09/04/2024;77,45822;8,85;23,13
10/04/2024;77,42282;8,85;34,149
11/04/2024;77,28141;8,85;24,084
12/04/2024;77,15937;5,24;22,695
13/04/2024;77,06535;4,35;24,734
14/04/2024;76,99635;4,35;26,7
15/04/2024;76,93703;4,35;26,182
16/04/2024;76,80013;4,35;20,197
17/04/2024;76,73007;4,35;27,584
18/04/2024;76,58487;4,35;18,657
19/04/2024;76,51258;4,52;26,451
20/04/2024;76,32147;8,8;17,834
21/04/2024;76,15414;8,85;19,328
22/04/2024;75,95786;8,85;16,892
23/04/2024;75,81615;8,85;25,149
24/04/2024;75,65652;8,85;22,503
25/04/2024;75,51088;8,85;24,258
26/04/2024;75,28974;8,85;15,432
27/04/2024;75,1202;8,13;21,126
28/04/2024;74,8524;8,85;10,273
29/04/2024;74,66905;8,85;19,807
30/04/2024;74,45899;8,85;16,655
01/05/2024;74,27571;8,85;20,04
02/05/2024;74,05729;8,85;15,58
03/05/2024;73,83552;8,85;15,473
04/05/2024;73,64899;9,27;19,893
05/05/2024;73,41847;9,6;14,869
06/05/2024;73,18076;9,6;13,946
07/05/2024;72,93668;9,6;14,043
08/05/2024;72,67371;9,6;11,63
09/05/2024;72,45766;9,6;16,49
10/05/2024;72,23593;9,6;15,547
11/05/2024;72,04352;9,6;17,269
12/05/2024;71,82848;9,6;14,56
13/05/2024;71,6311;9,6;14,273
14/05/2024;71,40651;9,6;13,202
15/05/2024;71,18733;9,6;12,394
16/05/2024;70,98061;9,6;13,926
17/05/2024;70,78355;9,39;13,738
18/05/2024;70,61869;9,5;13,436
19/05/2024;70,49461;9,6;17,047
20/05/2024;70,35776;9,6;14,496
21/05/2024;70,22943;9,6;15,842
22/05/2024;70,08288;9,6;14,302
23/05/2024;69,90807;9,6;12,682
24/05/2024;69,76868;9,6;16,313
25/05/2024;69,60583;9,6;11,387
26/05/2024;69,62065;9,6;30,682
27/05/2024;69,83214;9,6;50,474
28/05/2024;70,30896;6,88;78,309
29/05/2024;70,38607;4,35;33,141
30/05/2024;70,38743;4,35;25,524
31/05/2024;70,3324;4,35;17,711
01/06/2024;70,26558;4,35;16,261
02/06/2024;70,23972;4,35;19,875
03/06/2024;70,13317;7,9;14,711
04/06/2024;70,04332;8,35;19,587
05/06/2024;69,9288;8,43;14,873
06/06/2024;69,78853;9,35;12,916
07/06/2024;69,67172;9,35;16,174
08/06/2024;69,52037;9,35;12,319
09/06/2024;69,376;9,35;12,955
10/06/2024;69,24673;9,35;14,828
11/06/2024;69,12213;9,35;15,565
12/06/2024;69,01634;9,35;15,989
13/06/2024;68,88987;9,35;14,364
14/06/2024;68,72969;9,35;11,5
15/06/2024;68,54495;9,35;8,775
16/06/2024;68,43541;9,58;17,006
17/06/2024;68,28671;9,6;13,236
18/06/2024;68,08959;9,6;8,743
19/06/2024;67,92112;9,6;10,622
20/06/2024;67,78689;9,6;14,758
21/06/2024;67,62971;9,6;11,194
22/06/2024;67,50636;9,6;16,735
23/06/2024;67,33311;9,6;8,467
24/06/2024;67,20163;9,6;12,814
25/06/2024;67,05623;9,6;13,983
26/06/2024;66,91777;9,6;12,334
27/06/2024;66,80093;9,6;15,761
28/06/2024;66,64743;9,6;12,304
29/06/2024;66,52534;9,62;15,485
30/06/2024;66,36917;9,85;11,188
01/07/2024;66,29819;9,85;17,556
02/07/2024;66,14603;9,85;10,168
03/07/2024;65,95677;9,85;7,634
04/07/2024;65,77859;9,85;9,044
05/07/2024;65,63102;9,85;13,11
06/07/2024;65,50339;9,85;15,57
07/07/2024;65,37415;9,85;13,15
08/07/2024;65,21977;9,85;9,851
09/07/2024;65,1233;9,85;14,865
10/07/2024;65,1987;9,85;33,418
11/07/2024;65,15001;9,85;23,294
12/07/2024;64,99071;9,85;11,775
13/07/2024;64,87562;9,85;15,794
14/07/2024;64,78221;9,85;18,031
15/07/2024;64,6232;9,85;11,546
16/07/2024;64,4795;9,85;14,063
17/07/2024;64,36585;9,85;16,829
18/07/2024;64,18258;9,85;9,244
19/07/2024;63,99958;9,85;10,267
20/07/2024;63,89576;9,85;16,801
21/07/2024;63,72736;9,85;8,863
22/07/2024;63,56808;9,85;10,568
23/07/2024;63,40439;9,85;11,409
24/07/2024;63,21821;9,85;8,32
25/07/2024;63,06956;9,85;13,494
26/07/2024;62,89286;9,87;9,96
27/07/2024;62,75276;10,1;13,964
28/07/2024;62,58937;10,1;11,808
29/07/2024;62,46349;10,1;14,739
30/07/2024;62,323;10,1;14,072
31/07/2024;62,23585;10,1;18,043
01/08/2024;62,10998;10,1;15,021
02/08/2024;61,96763;10,1;14,857
03/08/2024;61,77445;10,1;9,168
04/08/2024;61,58763;10,1;8,896
05/08/2024;61,42199;10,1;11,059
06/08/2024;61,23022;10,16;9,105
07/08/2024;61,03214;10,85;8,594
08/08/2024;60,8395;10,85;8,97
09/08/2024;60,62817;10,85;8,127
10/08/2024;60,80976;10,85;48,946
11/08/2024;60,79397;8,43;22,676
12/08/2024;60,65242;8,35;11,986
13/08/2024;60,51899;8,35;14,678
14/08/2024;60,36762;8,35;11,405
15/08/2024;60,2199;8,35;12,14
16/08/2024;60,0377;8,35;9,078
17/08/2024;59,87236;8,35;11,403
18/08/2024;59,71429;10,45;13,415
19/08/2024;59,54044;10,6;10,693
20/08/2024;59,37648;10,6;12,285
21/08/2024;59,187;10,6;9,718
22/08/2024;58,97699;10,62;7,618
23/08/2024;58,76766;10,85;8,089
24/08/2024;58,57312;10,85;10,521
25/08/2024;58,43863;10,85;14,913
26/08/2024;58,35235;10,85;17,1
27/08/2024;58,15981;10,85;8,296
28/08/2024;58,0086;10,85;13,556
29/08/2024;57,85802;10,85;13,851
30/08/2024;57,71801;10,85;15,677
31/08/2024;57,52229;10,85;9,839
01/09/2024;57,32129;10,85;10,161
02/09/2024;57,1096;10,85;6,931
03/09/2024;56,87976;10,87;5,938
04/09/2024;56,67985;11,1;9,214
05/09/2024;56,47028;11,1;8,236
06/09/2024;56,25714;11,1;8,221
07/09/2024;56,07352;11,14;9,541
08/09/2024;55,84154;11,85;5,808
09/09/2024;55,66786;11,85;12,674
10/09/2024;55,46668;11,85;10,642
11/09/2024;55,25359;11,85;10,1
12/09/2024;55,01407;11,87;7,243
13/09/2024;54,77305;12,1;7,619
14/09/2024;54,54691;12,1;9,914
15/09/2024;54,31686;12,1;7,886
16/09/2024;54,11989;12,1;8,732
17/09/2024;53,93065;12,1;9,034
18/09/2024;53,71043;12,1;6,91
19/09/2024;53,47572;12,1;5,827
20/09/2024;53,21737;12,1;4,519
21/09/2024;52,98294;12,1;7,602
22/09/2024;52,78324;12,1;9,536
23/09/2024;52,53112;12,1;4,722
24/09/2024;52,2903;12,1;6,736
25/09/2024;52,04157;12,1;6,266
26/09/2024;51,77523;12,1;4,911
27/09/2024;51,53801;12,1;7,918
28/09/2024;51,3225;12,1;9,062
29/09/2024;51,10275;12,12;6,114
30/09/2024;50,86903;12,35;6,663
01/10/2024;50,62548;12,35;6,101
02/10/2024;50,35978;12,37;4,246
03/10/2024;50,08382;12,6;4,288
04/10/2024;49,86044;12,66;7,501
05/10/2024;49,73269;13,35;19,825
06/10/2024;49,47602;13,35;6,511
07/10/2024;49,24934;13,35;8,384
08/10/2024;49,00711;12,91;8,304
09/10/2024;48,76994;12,85;8,09
10/10/2024;48,50766;12,85;4,345
11/10/2024;48,31937;12,85;11,956
12/10/2024;48,21053;11,23;17,882
13/10/2024;48,15685;9,66;22,902
14/10/2024;47,95467;9,6;5,73
15/10/2024;47,72713;9,37;5,215
16/10/2024;47,47894;9,35;3,253
17/10/2024;47,22965;9,35;3,465
18/10/2024;46,98513;9,35;4,026
19/10/2024;46,7903;9,35;8,4
20/10/2024;46,70578;9,35;18,6
21/10/2024;46,56186;9,55;10,962
22/10/2024;46,38296;11,85;12,213
23/10/2024;46,18832;11,85;12,261
24/10/2024;46,24684;11,85;38,811
25/10/2024;46,70512;7,27;79,502
26/10/2024;46,92922;2,4;49,181
27/10/2024;46,93533;1,35;23,444
28/10/2024;46,97397;1,35;23,408
29/10/2024;46,85413;1,88;6,87
30/10/2024;46,73166;7,85;13,866
31/10/2024;46,5561;8,01;9,32
01/11/2024;46,36693;9,85;9,805
02/11/2024;46,26199;9,93;20,593
03/11/2024;46,15868;10,85;20,26
04/11/2024;46,06383;10,85;19,943
05/11/2024;46,06701;8,6;29,025
06/11/2024;46,02277;8,35;25,272
07/11/2024;46,06921;6,39;32,31
08/11/2024;46,23255;3,75;42,901
09/11/2024;46,98987;2,35;107,585
10/11/2024;47,2948;2,35;57,561
11/11/2024;47,48528;2,35;44,247
12/11/2024;47,57169;2,35;35,209
13/11/2024;47,53583;2,55;20,853
14/11/2024;47,45259;8,35;19,518
15/11/2024;47,3564;8,35;17,6
16/11/2024;47,23087;8,35;15,525
17/11/2024;47,23494;6,77;27,735
18/11/2024;47,22999;5,85;26,213
19/11/2024;47,15713;5,85;21,124
20/11/2024;47,0174;5,85;13,346
21/11/2024;46,8767;5,85;12,876
22/11/2024;46,74063;6,1;12,624
23/11/2024;46,58026;8,52;11,145
24/11/2024;46,37538;8,85;7,589
25/11/2024;46,18427;8,85;8,313
26/11/2024;45,97082;8,85;7,819
27/11/2024;45,76719;9,99;10,81
28/11/2024;45,53262;10,6;7,716
29/11/2024;45,42748;9,66;21,249
30/11/2024;45,27571;9,1;14,176
01/12/2024;45,1572;9,1;18,727
02/12/2024;44,97032;9,1;10,683
03/12/2024;44,99762;8,56;35,192
04/12/2024;45,38192;5,52;68,617
05/12/2024;45,58057;3,2;47,427
06/12/2024;45,69538;2,35;37,877
07/12/2024;45,69489;2,35;25,557
08/12/2024;45,68435;2,35;24,245
09/12/2024;45,6037;2,35;15,804
10/12/2024;45,56761;2,35;19,868
11/12/2024;45,54584;2,81;21,184
12/12/2024;45,42355;7,85;15,785
13/12/2024;45,28441;5,65;12,579
14/12/2024;45,1822;4,6;14,693
15/12/2024;45,25023;4,6;34,084
16/12/2024;45,25506;4,69;27,418
17/12/2024;45,14539;6,85;17,634
18/12/2024;45,02728;6,85;17,0
19/12/2024;44,87904;7,05;14,145
20/12/2024;44,65937;9,35;8,686
21/12/2024;44,84609;9,18;50,3
22/12/2024;45,46957;2,52;93,073
23/12/2024;45,76857;0,85;56,869
24/12/2024;45,84571;0,85;29,903
25/12/2024;45,87176;0,85;27,421
26/12/2024;46,11185;0,85;47,998
27/12/2024;47,11864;0,85;131,316
28/12/2024;48,59471;0,85;186,216
29/12/2024;49,20995;0,85;91,576
30/12/2024;49,86554;0,85;97,44
31/12/2024;50,28856;0,85;69,485
01/01/2025;50,44236;0,85;39,17
02/01/2025;50,62702;0,85;40,681
03/01/2025;50,72613;0,85;34,111
04/01/2025;50,7761;0,85;29,359
05/01/2025;50,88859;0,85;36,402
06/01/2025;50,9095;0,85;25,639
07/01/2025;50,87874;0,85;20,222
08/01/2025;50,87792;0,85;24,114
09/01/2025;50,91364;0,85;27,968
10/01/2025;50,86076;0,85;17,789
11/01/2025;50,83033;0,95;19,808
12/01/2025;50,72676;5,25;17,348
13/01/2025;50,62933;5,35;16,822
14/01/2025;50,49192;5,35;13,094
15/01/2025;50,34858;5,35;12,888
16/01/2025;50,2421;5,35;16,965
17/01/2025;50,34208;4,36;38,544
18/01/2025;50,29871;2,35;20,999
19/01/2025;50,31423;2,35;28,462
20/01/2025;50,40063;2,35;35,718
21/01/2025;50,35336;2,35;22,7
22/01/2025;50,25216;2,35;15,836
23/01/2025;50,26683;2,72;29,613
24/01/2025;50,20861;3,85;21,072
25/01/2025;50,32871;2,35;39,719
26/01/2025;50,31862;2,35;25,578
27/01/2025;50,62059;1,69;56,854
28/01/2025;50,95661;0,85;62,185
29/01/2025;51,35734;0,85;70,726
30/01/2025;51,70719;0,85;63,529
31/01/2025;52,30182;0,85;92,251
01/02/2025;52,78961;0,65;76,579
02/02/2025;53,28244;0,65;80,563
03/02/2025;53,93052;0,6;99,705
04/02/2025;54,65786;5,0;107,764
05/02/2025;55,34813;0,6;104,964
06/02/2025;55,86606;0,6;83,51
07/02/2025;56,28219;0,6;72,643
08/02/2025;56,7124;0,6;73,87
09/02/2025;56,91869;0,6;47,475
10/02/2025;57,03413;0,6;39,753
11/02/2025;57,15712;0,715;39,097
12/02/2025;57,20443;3,82;34,007
13/02/2025;57,26691;3,85;35,729
14/02/2025;57,40117;3,85;43,318
15/02/2025;57,56473;3,85;47,028
16/02/2025;58,10736;3,03;88,169
17/02/2025;58,31564;1,6;48,319
18/02/2025;58,39935;1,6;36,643
19/02/2025;58,85937;1,6;77,875
20/02/2025;59,37837;1,13;85,591
21/02/2025;59,52505;0,85;47,281
22/02/2025;59,65676;0,82;42,863
23/02/2025;59,68122;0,85;30,511
24/02/2025;59,76339;0,85;34,716
25/02/2025;59,70054;0,85;20,491
26/02/2025;59,74694;1,02;33,893
27/02/2025;59,77579;3,35;33,304
28/02/2025;59,72344;3,43;24,04
01/03/2025;59,74004;5,85;32,516
02/03/2025;59,77755;5,85;34,406
03/03/2025;59,82108;5,85;33,719
04/03/2025;59,67722;5,85;14,715
05/03/2025;59,56033;5,85;17,657
06/03/2025;59,47343;5,85;20,63
07/03/2025;59,36575;5,85;18,587
08/03/2025;59,19574;5,85;12,13
09/03/2025;59,09472;5,85;20,181
10/03/2025;58,98611;5,85;18,559
11/03/2025;58,94635;5,93;27,417
12/03/2025;59,0604;6,85;46,429
13/03/2025;59,02251;6,85;30,287
14/03/2025;59,04739;5,82;34,365
15/03/2025;59,05994;4,53;31,81
16/03/2025;58,98096;4,35;17,105
17/03/2025;58,8526;4,35;14,378
18/03/2025;58,79346;6,65;26,719
19/03/2025;58,86879;7,85;45,153
20/03/2025;58,76829;7,85;22,9
21/03/2025;58,61931;7,85;18,144
22/03/2025;58,46753;7,85;18,028
23/03/2025;58,34375;7,85;20,333
24/03/2025;58,38826;5,88;37,947
25/03/2025;58,27046;4,35;18,194
26/03/2025;58,22679;2,71;23,938
27/03/2025;58,09478;2,35;14,957
28/03/2025;58,06883;2,66;27,03
29/03/2025;58,04679;6,85;32,018
30/03/2025;57,97918;6,85;25,427
31/03/2025;57,95896;6,85;31,511
01/04/2025;58,15524;3,58;52,1
02/04/2025;58,12861;1,35;26,07
03/04/2025;58,04015;1,35;20,457
04/04/2025;58,32757;0,89;60,869
05/04/2025;58,50941;0,89;52,589
06/04/2025;58,58841;0,85;38,317
07/04/2025;58,66056;0,85;37,456
08/04/2025;58,68186;0,85;32,203
09/04/2025;58,67872;1,3;30,428
10/04/2025;58,74136;6,35;41,221
11/04/2025;58,8225;6,35;43,216
12/04/2025;58,78088;6,35;30,453
13/04/2025;58,63416;6,35;17,905
14/04/2025;58,53625;6,35;23,226
15/04/2025;58,51747;5,79;31,855
16/04/2025;58,40314;5,69;21,329
17/04/2025;58,30753;6,07;24,486
18/04/2025;58,16515;6,35;19,196
19/04/2025;58,20728;6,35;38,161
20/04/2025;58,16005;6,35;28,728
21/04/2025;58,12782;3,45;25,282
22/04/2025;58,07878;2,85;25,617
23/04/2025;57,95241;2,85;17,368
24/04/2025;57,7976;3,01;14,332
25/04/2025;58,11177;4,85;68,666
26/04/2025;58,21164;1,17;40,692
27/04/2025;58,29038;0,85;37,682
28/04/2025;58,2664;0,85;26,214
29/04/2025;58,21541;0,85;24,032
30/04/2025;58,07796;0,85;14,259
01/05/2025;57,95895;7,59;22,298
02/05/2025;57,78686;9,35;18,447
03/05/2025;57,60508;9,35;17,434
04/05/2025;57,43231;9,35;18,157
05/05/2025;57,2817;9,35;19,753
06/05/2025;57,10729;7,32;15,89
07/05/2025;56,91875;6,85;13,811
08/05/2025;56,75558;6,85;19,294
09/05/2025;56,56628;6,85;17,231
10/05/2025;56,43022;6,85;19,924
11/05/2025;56,49229;6,85;44,232
12/05/2025;56,31871;5,81;14,556
13/05/2025;56,1688;5,35;18,809
14/05/2025;56,00225;5,35;16,955
15/05/2025;55,80114;5,42;13,244
16/05/2025;55,61127;6,85;15,5
17/05/2025;55,40949;6,85;13,928
18/05/2025;55,24743;6,85;17,685
19/05/2025;55,04398;6,85;13,481
20/05/2025;54,8294;6,85;14,073
21/05/2025;54,61813;7,01;13,185
22/05/2025;54,38902;8,85;13,683
23/05/2025;54,2107;8,85;17,203
24/05/2025;54,0681;8,85;21,93
25/05/2025;53,86619;8,85;13,647
26/05/2025;53,70146;8,85;18,577
27/05/2025;53,48561;8,85;13,61
28/05/2025;53,31643;7,61;18,082
29/05/2025;53,16727;7,35;20,046
30/05/2025;52,95179;7,35;12,301
31/05/2025;52,71107;7,35;11,307
01/06/2025;52,49549;7,35;13,742
02/06/2025;52,27715;7,35;13,687
03/06/2025;52,04743;7,35;11,019
04/06/2025;51,85023;7,35;14,49
05/06/2025;51,6659;7,35;15,718
06/06/2025;51,61351;7,35;26,638
07/06/2025;51,55218;6,39;27,046
08/06/2025;51,44013;6,35;22,747
09/06/2025;51,36354;6,35;26,497
10/06/2025;51,21332;5,44;16,706
11/06/2025;51,03392;5,35;13,96
12/06/2025;50,86107;5,35;13,045
13/06/2025;50,69043;5,35;14,005
14/06/2025;50,48012;5,35;11,534
15/06/2025;50,38816;5,35;23,352
16/06/2025;50,18118;5,35;10,629
17/06/2025;50,01597;5,43;16,512
18/06/2025;49,79147;7,85;11,363
19/06/2025;49,56376;7,85;10,374
20/06/2025;49,33136;7,85;9,741
21/06/2025;49,11188;7,85;11,785
22/06/2025;48,86889;7,85;8,172
23/06/2025;48,67361;7,85;14,344
24/06/2025;48,47006;7,85;13,461
25/06/2025;48,31614;7,85;18,873
26/06/2025;48,15866;6,97;17,428
27/06/2025;47,93365;6,85;10,345
28/06/2025;47,76239;6,85;16,592
29/06/2025;47,54535;6,85;10,915
30/06/2025;47,33933;6,85;12,606
01/07/2025;47,12924;6,85;11,46
02/07/2025;46,95695;7,02;14,646
03/07/2025;46,7206;8,85;9,212
04/07/2025;46,51497;8,85;13,488
05/07/2025;46,28504;8,85;11,318
06/07/2025;46,03521;8,85;10,828
07/07/2025;45,81386;8,85;11,955
08/07/2025;45,60081;8,85;11,47
09/07/2025;45,42612;8,85;14,854
10/07/2025;45,20912;8,85;9,802
11/07/2025;45,01911;8,85;12,447
12/07/2025;44,80248;8,85;9,994
13/07/2025;44,64283;8,85;16,796
14/07/2025;44,41114;8,85;8,789
15/07/2025;44,16934;8,85;9,351
16/07/2025;43,96302;8,85;12,572
17/07/2025;43,74659;8,85;12,131
18/07/2025;43,54802;8,85;13,062
19/07/2025;43,37585;9,21;15,016
20/07/2025;43,17128;9,35;11,553
21/07/2025;42,99605;9,35;14,195
22/07/2025;42,76926;9,35;11,187
23/07/2025;42,52803;9,35;9,58
24/07/2025;42,32532;9,35;13,54
25/07/2025;42,11351;9,35;10,915
26/07/2025;42,07581;9,35;30,663
27/07/2025;41,93874;9,35;19,652
28/07/2025;41,79871;9,35;19,067
29/07/2025;41,6269;8,51;14,038
30/07/2025;41,4257;8,35;11,439
31/07/2025;41,24004;7,44;11,555
01/08/2025;41,08335;7,35;14,54
02/08/2025;40,8839;7,35;11,226
03/08/2025;40,64833;7,35;6,648
04/08/2025;40,43039;7,35;8,534
05/08/2025;40,18548;7,35;5,458
06/08/2025;39,96599;7,45;7,523
07/08/2025;39,73883;8,6;6,68
08/08/2025;39,50909;8,6;7,878
09/08/2025;39,34216;8,68;13,592
10/08/2025;39,11757;9,6;9,608
11/08/2025;38,90532;9,6;8,061
12/08/2025;38,64361;9,6;5,109
13/08/2025;38,39573;9,6;6,976
14/08/2025;38,16331;9,6;7,289
15/08/2025;37,94446;9,6;7,988
16/08/2025;37,71742;9,37;8,624
17/08/2025;37,51817;9,35;10,623
18/08/2025;37,31335;9,35;9,607
19/08/2025;37,06606;9,35;6,644
20/08/2025;36,85626;9,35;10,611
21/08/2025;36,65823;9,37;10,18
22/08/2025;36,47659;9,6;13,554
23/08/2025;36,28284;9,6;11,871
24/08/2025;36,11359;9,6;14,711
25/08/2025;35,90769;9,6;9,086
26/08/2025;35,6792;9,6;8,727
27/08/2025;35,47597;9,6;9,779
28/08/2025;35,26459;9,6;8,61
29/08/2025;35,04523;9,6;7,585
30/08/2025;34,82329;9,6;6,671
31/08/2025;34,60589;9,64;8,075
01/09/2025;34,37689;10,1;5,297
02/09/2025;34,16;10,1;8,362
03/09/2025;33,93048;10,1;7,455
04/09/2025;33,68577;10,1;6,227
05/09/2025;33,46146;10,1;8,959
06/09/2025;33,24636;10,18;10,315
07/09/2025;33,02139;11,1;7,908
08/09/2025;32,80943;11,1;8,693
09/09/2025;32,55216;11,1;6,866
10/09/2025;32,30104;11,14;6,774
11/09/2025;32,03767;11,6;6,882
12/09/2025;31,78275;11,6;6,368
13/09/2025;31,53056;11,6;6,849
14/09/2025;31,29022;11,6;7,133
15/09/2025;31,01666;11,6;2,415
16/09/2025;30,74427;11,6;4,96
17/09/2025;30,49738;11,6;7,159
18/09/2025;30,23846;11,3;6,38
19/09/2025;29,99099;11,1;7,126
20/09/2025;29,7389;11,1;5,513
21/09/2025;29,52396;11,1;10,042
22/09/2025;29,34822;11,1;12,909
23/09/2025;29,59543;8,76;56,004
24/09/2025;29,44231;7,6;11,348
25/09/2025;29,34047;6,28;14,5
26/09/2025;29,17066;6,1;6,656
27/09/2025;28,97009;6,31;4,363
28/09/2025;28,75706;8,6;7,112
29/09/2025;28,55437;8,6;6,927
30/09/2025;28,34458;8,6;7,454
01/10/2025;28,11234;8,81;4,44
02/10/2025;27,86306;11,1;5,667
03/10/2025;27,65267;11,1;8,109
04/10/2025;27,4523;11,1;10,374
05/10/2025;27,25127;11,1;7,932
06/10/2025;27,03614;11,1;7,773
07/10/2025;26,8175;11,39;10,688
08/10/2025;26,58394;11,6;6,435
09/10/2025;26,42436;11,6;13,798
10/10/2025;26,2211;11,6;8,963
11/10/2025;26,23226;10,8;32,961
12/10/2025;26,16815;9,55;24,974
13/10/2025;26,01686;9,35;14,807
14/10/2025;25,84531;9,35;8,706
15/10/2025;25,65748;9,35;10,877
16/10/2025;25,4205;9,35;5,505
17/10/2025;25,17091;9,35;4,817
18/10/2025;25,05781;9,35;19,995
19/10/2025;25,05781;7,89;28,049
20/10/2025;25,00535;7,6;9,576
21/10/2025;24,82434;7,6;8,268
22/10/2025;24,62949;7,72;5,827
23/10/2025;24,43041;9,1;9,078
24/10/2025;24,21182;9,1;5,226
25/10/2025;23,98403;9,18;5,391
26/10/2025;23,7723;10,1;7,295
27/10/2025;23,55171;10,1;6,918
28/10/2025;23,39512;10,1;11,674
29/10/2025;23,31338;10,1;17,914
30/10/2025;23,34939;9,49;32,446
31/10/2025;23,36425;6,24;25,816
01/11/2025;23,41309;5,85;28,466
02/11/2025;23,37636;5,85;20,926
03/11/2025;23,56151;4,14;42,614
04/11/2025;23,63325;2,85;32,274
05/11/2025;23,63596;2,85;23,869
06/11/2025;23,63285;3,23;22,462
07/11/2025;23,48511;7,35;8,096
08/11/2025;23,52214;7,35;29,989
09/11/2025;23,47002;6,15;16,795
10/11/2025;23,34914;5,85;10,479
11/11/2025;23,20626;5,85;9,505
12/11/2025;23,05577;5,85;9,628
13/11/2025;22,90954;5,85;10,713
14/11/2025;22,74721;5,85;8,569
15/11/2025;22,67637;5,85;18,044
16/11/2025;22,52068;5,98;8,046
17/11/2025;22,38498;8,85;10,107
18/11/2025;22,26666;8,85;14,775
